ISO-10303-21;
HEADER;
FILE_DESCRIPTION(('Open CASCADE Model'),'2;1');
FILE_NAME('Open CASCADE Shape Model','2026-09-26T21:24:21',('Author'),(
    'Open CASCADE'),'Open CASCADE STEP processor 7.9','Open CASCADE 7.9'
  ,'Unknown');
FILE_SCHEMA(('AUTOMOTIVE_DESIGN { 1 0 10303 214 1 1 1 1 }'));
ENDSEC;
DATA;
#1 = APPLICATION_PROTOCOL_DEFINITION('international standard',
  'automotive_design',2000,#2);
#2 = APPLICATION_CONTEXT(
  'core data for automotive mechanical design processes');
#3 = SHAPE_DEFINITION_REPRESENTATION(#4,#10);
#4 = PRODUCT_DEFINITION_SHAPE('','',#5);
#5 = PRODUCT_DEFINITION('design','',#6,#9);
#6 = PRODUCT_DEFINITION_FORMATION('','',#7);
#7 = PRODUCT('Open CASCADE STEP translator 7.9 1',
  'Open CASCADE STEP translator 7.9 1','',(#8));
#8 = PRODUCT_CONTEXT('',#2,'mechanical');
#9 = PRODUCT_DEFINITION_CONTEXT('part definition',#2,'design');
#10 = ADVANCED_BREP_SHAPE_REPRESENTATION('',(#11,#15),#2749);
#11 = AXIS2_PLACEMENT_3D('',#12,#13,#14);
#12 = CARTESIAN_POINT('',(0.,0.,0.));
#13 = DIRECTION('',(0.,0.,1.));
#14 = DIRECTION('',(1.,0.,-0.));
#15 = MANIFOLD_SOLID_BREP('',#16);
#16 = CLOSED_SHELL('',(#17,#244,#320,#391,#1192,#1242,#1292,#1342,#1412,
    #1458,#1506,#1554,#1603,#1650,#1698,#1726,#1776,#1826,#1876,#1926,
    #1976,#2046,#2092,#2140,#2188,#2237,#2284,#2332,#2360,#2410,#2460,
    #2487,#2567,#2638,#2665,#2742));
#17 = ADVANCED_FACE('',(#18),#32,.F.);
#18 = FACE_BOUND('',#19,.F.);
#19 = EDGE_LOOP('',(#20,#55,#83,#111,#139,#167,#195,#223));
#20 = ORIENTED_EDGE('',*,*,#21,.F.);
#21 = EDGE_CURVE('',#22,#24,#26,.T.);
#22 = VERTEX_POINT('',#23);
#23 = CARTESIAN_POINT('',(0.,0.,0.));
#24 = VERTEX_POINT('',#25);
#25 = CARTESIAN_POINT('',(0.,0.,18.));
#26 = SURFACE_CURVE('',#27,(#31,#43),.PCURVE_S1.);
#27 = LINE('',#28,#29);
#28 = CARTESIAN_POINT('',(0.,0.,0.));
#29 = VECTOR('',#30,1.);
#30 = DIRECTION('',(0.,0.,1.));
#31 = PCURVE('',#32,#37);
#32 = PLANE('',#33);
#33 = AXIS2_PLACEMENT_3D('',#34,#35,#36);
#34 = CARTESIAN_POINT('',(0.,0.,0.));
#35 = DIRECTION('',(1.,0.,0.));
#36 = DIRECTION('',(0.,0.,1.));
#37 = DEFINITIONAL_REPRESENTATION('',(#38),#42);
#38 = LINE('',#39,#40);
#39 = CARTESIAN_POINT('',(0.,0.));
#40 = VECTOR('',#41,1.);
#41 = DIRECTION('',(1.,0.));
#42 = ( GEOMETRIC_REPRESENTATION_CONTEXT(2) 
PARAMETRIC_REPRESENTATION_CONTEXT() REPRESENTATION_CONTEXT('2D SPACE',''
  ) );
#43 = PCURVE('',#44,#49);
#44 = PLANE('',#45);
#45 = AXIS2_PLACEMENT_3D('',#46,#47,#48);
#46 = CARTESIAN_POINT('',(0.,0.,0.));
#47 = DIRECTION('',(0.,1.,0.));
#48 = DIRECTION('',(0.,0.,1.));
#49 = DEFINITIONAL_REPRESENTATION('',(#50),#54);
#50 = LINE('',#51,#52);
#51 = CARTESIAN_POINT('',(0.,0.));
#52 = VECTOR('',#53,1.);
#53 = DIRECTION('',(1.,0.));
#54 = ( GEOMETRIC_REPRESENTATION_CONTEXT(2) 
PARAMETRIC_REPRESENTATION_CONTEXT() REPRESENTATION_CONTEXT('2D SPACE',''
  ) );
#55 = ORIENTED_EDGE('',*,*,#56,.T.);
#56 = EDGE_CURVE('',#22,#57,#59,.T.);
#57 = VERTEX_POINT('',#58);
#58 = CARTESIAN_POINT('',(0.,88.,0.));
#59 = SURFACE_CURVE('',#60,(#64,#71),.PCURVE_S1.);
#60 = LINE('',#61,#62);
#61 = CARTESIAN_POINT('',(0.,0.,0.));
#62 = VECTOR('',#63,1.);
#63 = DIRECTION('',(0.,1.,0.));
#64 = PCURVE('',#32,#65);
#65 = DEFINITIONAL_REPRESENTATION('',(#66),#70);
#66 = LINE('',#67,#68);
#67 = CARTESIAN_POINT('',(0.,0.));
#68 = VECTOR('',#69,1.);
#69 = DIRECTION('',(0.,-1.));
#70 = ( GEOMETRIC_REPRESENTATION_CONTEXT(2) 
PARAMETRIC_REPRESENTATION_CONTEXT() REPRESENTATION_CONTEXT('2D SPACE',''
  ) );
#71 = PCURVE('',#72,#77);
#72 = PLANE('',#73);
#73 = AXIS2_PLACEMENT_3D('',#74,#75,#76);
#74 = CARTESIAN_POINT('',(0.,0.,0.));
#75 = DIRECTION('',(0.,0.,1.));
#76 = DIRECTION('',(1.,0.,0.));
#77 = DEFINITIONAL_REPRESENTATION('',(#78),#82);
#78 = LINE('',#79,#80);
#79 = CARTESIAN_POINT('',(0.,0.));
#80 = VECTOR('',#81,1.);
#81 = DIRECTION('',(0.,1.));
#82 = ( GEOMETRIC_REPRESENTATION_CONTEXT(2) 
PARAMETRIC_REPRESENTATION_CONTEXT() REPRESENTATION_CONTEXT('2D SPACE',''
  ) );
#83 = ORIENTED_EDGE('',*,*,#84,.F.);
#84 = EDGE_CURVE('',#85,#57,#87,.T.);
#85 = VERTEX_POINT('',#86);
#86 = CARTESIAN_POINT('',(0.,88.,18.));
#87 = SURFACE_CURVE('',#88,(#92,#99),.PCURVE_S1.);
#88 = LINE('',#89,#90);
#89 = CARTESIAN_POINT('',(0.,88.,18.));
#90 = VECTOR('',#91,1.);
#91 = DIRECTION('',(0.,0.,-1.));
#92 = PCURVE('',#32,#93);
#93 = DEFINITIONAL_REPRESENTATION('',(#94),#98);
#94 = LINE('',#95,#96);
#95 = CARTESIAN_POINT('',(18.,-88.));
#96 = VECTOR('',#97,1.);
#97 = DIRECTION('',(-1.,0.));
#98 = ( GEOMETRIC_REPRESENTATION_CONTEXT(2) 
PARAMETRIC_REPRESENTATION_CONTEXT() REPRESENTATION_CONTEXT('2D SPACE',''
  ) );
#99 = PCURVE('',#100,#105);
#100 = PLANE('',#101);
#101 = AXIS2_PLACEMENT_3D('',#102,#103,#104);
#102 = CARTESIAN_POINT('',(0.,88.,0.));
#103 = DIRECTION('',(0.,1.,0.));
#104 = DIRECTION('',(0.,0.,1.));
#105 = DEFINITIONAL_REPRESENTATION('',(#106),#110);
#106 = LINE('',#107,#108);
#107 = CARTESIAN_POINT('',(18.,0.));
#108 = VECTOR('',#109,1.);
#109 = DIRECTION('',(-1.,0.));
#110 = ( GEOMETRIC_REPRESENTATION_CONTEXT(2) 
PARAMETRIC_REPRESENTATION_CONTEXT() REPRESENTATION_CONTEXT('2D SPACE',''
  ) );
#111 = ORIENTED_EDGE('',*,*,#112,.F.);
#112 = EDGE_CURVE('',#113,#85,#115,.T.);
#113 = VERTEX_POINT('',#114);
#114 = CARTESIAN_POINT('',(0.,85.,18.));
#115 = SURFACE_CURVE('',#116,(#120,#127),.PCURVE_S1.);
#116 = LINE('',#117,#118);
#117 = CARTESIAN_POINT('',(0.,85.,18.));
#118 = VECTOR('',#119,1.);
#119 = DIRECTION('',(0.,1.,0.));
#120 = PCURVE('',#32,#121);
#121 = DEFINITIONAL_REPRESENTATION('',(#122),#126);
#122 = LINE('',#123,#124);
#123 = CARTESIAN_POINT('',(18.,-85.));
#124 = VECTOR('',#125,1.);
#125 = DIRECTION('',(0.,-1.));
#126 = ( GEOMETRIC_REPRESENTATION_CONTEXT(2) 
PARAMETRIC_REPRESENTATION_CONTEXT() REPRESENTATION_CONTEXT('2D SPACE',''
  ) );
#127 = PCURVE('',#128,#133);
#128 = PLANE('',#129);
#129 = AXIS2_PLACEMENT_3D('',#130,#131,#132);
#130 = CARTESIAN_POINT('',(0.,85.,18.));
#131 = DIRECTION('',(0.,0.,1.));
#132 = DIRECTION('',(1.,0.,0.));
#133 = DEFINITIONAL_REPRESENTATION('',(#134),#138);
#134 = LINE('',#135,#136);
#135 = CARTESIAN_POINT('',(0.,0.));
#136 = VECTOR('',#137,1.);
#137 = DIRECTION('',(0.,1.));
#138 = ( GEOMETRIC_REPRESENTATION_CONTEXT(2) 
PARAMETRIC_REPRESENTATION_CONTEXT() REPRESENTATION_CONTEXT('2D SPACE',''
  ) );
#139 = ORIENTED_EDGE('',*,*,#140,.F.);
#140 = EDGE_CURVE('',#141,#113,#143,.T.);
#141 = VERTEX_POINT('',#142);
#142 = CARTESIAN_POINT('',(0.,85.,3.));
#143 = SURFACE_CURVE('',#144,(#148,#155),.PCURVE_S1.);
#144 = LINE('',#145,#146);
#145 = CARTESIAN_POINT('',(0.,85.,3.));
#146 = VECTOR('',#147,1.);
#147 = DIRECTION('',(0.,0.,1.));
#148 = PCURVE('',#32,#149);
#149 = DEFINITIONAL_REPRESENTATION('',(#150),#154);
#150 = LINE('',#151,#152);
#151 = CARTESIAN_POINT('',(3.,-85.));
#152 = VECTOR('',#153,1.);
#153 = DIRECTION('',(1.,0.));
#154 = ( GEOMETRIC_REPRESENTATION_CONTEXT(2) 
PARAMETRIC_REPRESENTATION_CONTEXT() REPRESENTATION_CONTEXT('2D SPACE',''
  ) );
#155 = PCURVE('',#156,#161);
#156 = PLANE('',#157);
#157 = AXIS2_PLACEMENT_3D('',#158,#159,#160);
#158 = CARTESIAN_POINT('',(0.,85.,3.));
#159 = DIRECTION('',(0.,1.,0.));
#160 = DIRECTION('',(0.,0.,1.));
#161 = DEFINITIONAL_REPRESENTATION('',(#162),#166);
#162 = LINE('',#163,#164);
#163 = CARTESIAN_POINT('',(0.,0.));
#164 = VECTOR('',#165,1.);
#165 = DIRECTION('',(1.,0.));
#166 = ( GEOMETRIC_REPRESENTATION_CONTEXT(2) 
PARAMETRIC_REPRESENTATION_CONTEXT() REPRESENTATION_CONTEXT('2D SPACE',''
  ) );
#167 = ORIENTED_EDGE('',*,*,#168,.F.);
#168 = EDGE_CURVE('',#169,#141,#171,.T.);
#169 = VERTEX_POINT('',#170);
#170 = CARTESIAN_POINT('',(0.,3.,3.));
#171 = SURFACE_CURVE('',#172,(#176,#183),.PCURVE_S1.);
#172 = LINE('',#173,#174);
#173 = CARTESIAN_POINT('',(0.,0.,3.));
#174 = VECTOR('',#175,1.);
#175 = DIRECTION('',(0.,1.,0.));
#176 = PCURVE('',#32,#177);
#177 = DEFINITIONAL_REPRESENTATION('',(#178),#182);
#178 = LINE('',#179,#180);
#179 = CARTESIAN_POINT('',(3.,0.));
#180 = VECTOR('',#181,1.);
#181 = DIRECTION('',(0.,-1.));
#182 = ( GEOMETRIC_REPRESENTATION_CONTEXT(2) 
PARAMETRIC_REPRESENTATION_CONTEXT() REPRESENTATION_CONTEXT('2D SPACE',''
  ) );
#183 = PCURVE('',#184,#189);
#184 = PLANE('',#185);
#185 = AXIS2_PLACEMENT_3D('',#186,#187,#188);
#186 = CARTESIAN_POINT('',(0.,0.,3.));
#187 = DIRECTION('',(0.,0.,1.));
#188 = DIRECTION('',(1.,0.,0.));
#189 = DEFINITIONAL_REPRESENTATION('',(#190),#194);
#190 = LINE('',#191,#192);
#191 = CARTESIAN_POINT('',(0.,0.));
#192 = VECTOR('',#193,1.);
#193 = DIRECTION('',(0.,1.));
#194 = ( GEOMETRIC_REPRESENTATION_CONTEXT(2) 
PARAMETRIC_REPRESENTATION_CONTEXT() REPRESENTATION_CONTEXT('2D SPACE',''
  ) );
#195 = ORIENTED_EDGE('',*,*,#196,.T.);
#196 = EDGE_CURVE('',#169,#197,#199,.T.);
#197 = VERTEX_POINT('',#198);
#198 = CARTESIAN_POINT('',(0.,3.,18.));
#199 = SURFACE_CURVE('',#200,(#204,#211),.PCURVE_S1.);
#200 = LINE('',#201,#202);
#201 = CARTESIAN_POINT('',(0.,3.,3.));
#202 = VECTOR('',#203,1.);
#203 = DIRECTION('',(0.,0.,1.));
#204 = PCURVE('',#32,#205);
#205 = DEFINITIONAL_REPRESENTATION('',(#206),#210);
#206 = LINE('',#207,#208);
#207 = CARTESIAN_POINT('',(3.,-3.));
#208 = VECTOR('',#209,1.);
#209 = DIRECTION('',(1.,0.));
#210 = ( GEOMETRIC_REPRESENTATION_CONTEXT(2) 
PARAMETRIC_REPRESENTATION_CONTEXT() REPRESENTATION_CONTEXT('2D SPACE',''
  ) );
#211 = PCURVE('',#212,#217);
#212 = PLANE('',#213);
#213 = AXIS2_PLACEMENT_3D('',#214,#215,#216);
#214 = CARTESIAN_POINT('',(0.,3.,3.));
#215 = DIRECTION('',(0.,1.,0.));
#216 = DIRECTION('',(0.,0.,1.));
#217 = DEFINITIONAL_REPRESENTATION('',(#218),#222);
#218 = LINE('',#219,#220);
#219 = CARTESIAN_POINT('',(0.,0.));
#220 = VECTOR('',#221,1.);
#221 = DIRECTION('',(1.,0.));
#222 = ( GEOMETRIC_REPRESENTATION_CONTEXT(2) 
PARAMETRIC_REPRESENTATION_CONTEXT() REPRESENTATION_CONTEXT('2D SPACE',''
  ) );
#223 = ORIENTED_EDGE('',*,*,#224,.F.);
#224 = EDGE_CURVE('',#24,#197,#225,.T.);
#225 = SURFACE_CURVE('',#226,(#230,#237),.PCURVE_S1.);
#226 = LINE('',#227,#228);
#227 = CARTESIAN_POINT('',(0.,0.,18.));
#228 = VECTOR('',#229,1.);
#229 = DIRECTION('',(0.,1.,0.));
#230 = PCURVE('',#32,#231);
#231 = DEFINITIONAL_REPRESENTATION('',(#232),#236);
#232 = LINE('',#233,#234);
#233 = CARTESIAN_POINT('',(18.,0.));
#234 = VECTOR('',#235,1.);
#235 = DIRECTION('',(0.,-1.));
#236 = ( GEOMETRIC_REPRESENTATION_CONTEXT(2) 
PARAMETRIC_REPRESENTATION_CONTEXT() REPRESENTATION_CONTEXT('2D SPACE',''
  ) );
#237 = PCURVE('',#128,#238);
#238 = DEFINITIONAL_REPRESENTATION('',(#239),#243);
#239 = LINE('',#240,#241);
#240 = CARTESIAN_POINT('',(0.,-85.));
#241 = VECTOR('',#242,1.);
#242 = DIRECTION('',(0.,1.));
#243 = ( GEOMETRIC_REPRESENTATION_CONTEXT(2) 
PARAMETRIC_REPRESENTATION_CONTEXT() REPRESENTATION_CONTEXT('2D SPACE',''
  ) );
#244 = ADVANCED_FACE('',(#245),#212,.T.);
#245 = FACE_BOUND('',#246,.T.);
#246 = EDGE_LOOP('',(#247,#270,#271,#294));
#247 = ORIENTED_EDGE('',*,*,#248,.F.);
#248 = EDGE_CURVE('',#169,#249,#251,.T.);
#249 = VERTEX_POINT('',#250);
#250 = CARTESIAN_POINT('',(187.,3.,3.));
#251 = SURFACE_CURVE('',#252,(#256,#263),.PCURVE_S1.);
#252 = LINE('',#253,#254);
#253 = CARTESIAN_POINT('',(0.,3.,3.));
#254 = VECTOR('',#255,1.);
#255 = DIRECTION('',(1.,0.,0.));
#256 = PCURVE('',#212,#257);
#257 = DEFINITIONAL_REPRESENTATION('',(#258),#262);
#258 = LINE('',#259,#260);
#259 = CARTESIAN_POINT('',(0.,0.));
#260 = VECTOR('',#261,1.);
#261 = DIRECTION('',(0.,1.));
#262 = ( GEOMETRIC_REPRESENTATION_CONTEXT(2) 
PARAMETRIC_REPRESENTATION_CONTEXT() REPRESENTATION_CONTEXT('2D SPACE',''
  ) );
#263 = PCURVE('',#184,#264);
#264 = DEFINITIONAL_REPRESENTATION('',(#265),#269);
#265 = LINE('',#266,#267);
#266 = CARTESIAN_POINT('',(0.,3.));
#267 = VECTOR('',#268,1.);
#268 = DIRECTION('',(1.,0.));
#269 = ( GEOMETRIC_REPRESENTATION_CONTEXT(2) 
PARAMETRIC_REPRESENTATION_CONTEXT() REPRESENTATION_CONTEXT('2D SPACE',''
  ) );
#270 = ORIENTED_EDGE('',*,*,#196,.T.);
#271 = ORIENTED_EDGE('',*,*,#272,.T.);
#272 = EDGE_CURVE('',#197,#273,#275,.T.);
#273 = VERTEX_POINT('',#274);
#274 = CARTESIAN_POINT('',(187.,3.,18.));
#275 = SURFACE_CURVE('',#276,(#280,#287),.PCURVE_S1.);
#276 = LINE('',#277,#278);
#277 = CARTESIAN_POINT('',(0.,3.,18.));
#278 = VECTOR('',#279,1.);
#279 = DIRECTION('',(1.,0.,0.));
#280 = PCURVE('',#212,#281);
#281 = DEFINITIONAL_REPRESENTATION('',(#282),#286);
#282 = LINE('',#283,#284);
#283 = CARTESIAN_POINT('',(15.,0.));
#284 = VECTOR('',#285,1.);
#285 = DIRECTION('',(0.,1.));
#286 = ( GEOMETRIC_REPRESENTATION_CONTEXT(2) 
PARAMETRIC_REPRESENTATION_CONTEXT() REPRESENTATION_CONTEXT('2D SPACE',''
  ) );
#287 = PCURVE('',#128,#288);
#288 = DEFINITIONAL_REPRESENTATION('',(#289),#293);
#289 = LINE('',#290,#291);
#290 = CARTESIAN_POINT('',(0.,-82.));
#291 = VECTOR('',#292,1.);
#292 = DIRECTION('',(1.,0.));
#293 = ( GEOMETRIC_REPRESENTATION_CONTEXT(2) 
PARAMETRIC_REPRESENTATION_CONTEXT() REPRESENTATION_CONTEXT('2D SPACE',''
  ) );
#294 = ORIENTED_EDGE('',*,*,#295,.F.);
#295 = EDGE_CURVE('',#249,#273,#296,.T.);
#296 = SURFACE_CURVE('',#297,(#301,#308),.PCURVE_S1.);
#297 = LINE('',#298,#299);
#298 = CARTESIAN_POINT('',(187.,3.,3.));
#299 = VECTOR('',#300,1.);
#300 = DIRECTION('',(0.,0.,1.));
#301 = PCURVE('',#212,#302);
#302 = DEFINITIONAL_REPRESENTATION('',(#303),#307);
#303 = LINE('',#304,#305);
#304 = CARTESIAN_POINT('',(0.,187.));
#305 = VECTOR('',#306,1.);
#306 = DIRECTION('',(1.,0.));
#307 = ( GEOMETRIC_REPRESENTATION_CONTEXT(2) 
PARAMETRIC_REPRESENTATION_CONTEXT() REPRESENTATION_CONTEXT('2D SPACE',''
  ) );
#308 = PCURVE('',#309,#314);
#309 = PLANE('',#310);
#310 = AXIS2_PLACEMENT_3D('',#311,#312,#313);
#311 = CARTESIAN_POINT('',(187.,3.,3.));
#312 = DIRECTION('',(1.,0.,0.));
#313 = DIRECTION('',(0.,0.,1.));
#314 = DEFINITIONAL_REPRESENTATION('',(#315),#319);
#315 = LINE('',#316,#317);
#316 = CARTESIAN_POINT('',(0.,0.));
#317 = VECTOR('',#318,1.);
#318 = DIRECTION('',(1.,0.));
#319 = ( GEOMETRIC_REPRESENTATION_CONTEXT(2) 
PARAMETRIC_REPRESENTATION_CONTEXT() REPRESENTATION_CONTEXT('2D SPACE',''
  ) );
#320 = ADVANCED_FACE('',(#321),#309,.F.);
#321 = FACE_BOUND('',#322,.F.);
#322 = EDGE_LOOP('',(#323,#324,#347,#370));
#323 = ORIENTED_EDGE('',*,*,#295,.F.);
#324 = ORIENTED_EDGE('',*,*,#325,.T.);
#325 = EDGE_CURVE('',#249,#326,#328,.T.);
#326 = VERTEX_POINT('',#327);
#327 = CARTESIAN_POINT('',(187.,85.,3.));
#328 = SURFACE_CURVE('',#329,(#333,#340),.PCURVE_S1.);
#329 = LINE('',#330,#331);
#330 = CARTESIAN_POINT('',(187.,3.,3.));
#331 = VECTOR('',#332,1.);
#332 = DIRECTION('',(0.,1.,0.));
#333 = PCURVE('',#309,#334);
#334 = DEFINITIONAL_REPRESENTATION('',(#335),#339);
#335 = LINE('',#336,#337);
#336 = CARTESIAN_POINT('',(0.,0.));
#337 = VECTOR('',#338,1.);
#338 = DIRECTION('',(0.,-1.));
#339 = ( GEOMETRIC_REPRESENTATION_CONTEXT(2) 
PARAMETRIC_REPRESENTATION_CONTEXT() REPRESENTATION_CONTEXT('2D SPACE',''
  ) );
#340 = PCURVE('',#184,#341);
#341 = DEFINITIONAL_REPRESENTATION('',(#342),#346);
#342 = LINE('',#343,#344);
#343 = CARTESIAN_POINT('',(187.,3.));
#344 = VECTOR('',#345,1.);
#345 = DIRECTION('',(0.,1.));
#346 = ( GEOMETRIC_REPRESENTATION_CONTEXT(2) 
PARAMETRIC_REPRESENTATION_CONTEXT() REPRESENTATION_CONTEXT('2D SPACE',''
  ) );
#347 = ORIENTED_EDGE('',*,*,#348,.T.);
#348 = EDGE_CURVE('',#326,#349,#351,.T.);
#349 = VERTEX_POINT('',#350);
#350 = CARTESIAN_POINT('',(187.,85.,18.));
#351 = SURFACE_CURVE('',#352,(#356,#363),.PCURVE_S1.);
#352 = LINE('',#353,#354);
#353 = CARTESIAN_POINT('',(187.,85.,3.));
#354 = VECTOR('',#355,1.);
#355 = DIRECTION('',(0.,0.,1.));
#356 = PCURVE('',#309,#357);
#357 = DEFINITIONAL_REPRESENTATION('',(#358),#362);
#358 = LINE('',#359,#360);
#359 = CARTESIAN_POINT('',(0.,-82.));
#360 = VECTOR('',#361,1.);
#361 = DIRECTION('',(1.,0.));
#362 = ( GEOMETRIC_REPRESENTATION_CONTEXT(2) 
PARAMETRIC_REPRESENTATION_CONTEXT() REPRESENTATION_CONTEXT('2D SPACE',''
  ) );
#363 = PCURVE('',#156,#364);
#364 = DEFINITIONAL_REPRESENTATION('',(#365),#369);
#365 = LINE('',#366,#367);
#366 = CARTESIAN_POINT('',(0.,187.));
#367 = VECTOR('',#368,1.);
#368 = DIRECTION('',(1.,0.));
#369 = ( GEOMETRIC_REPRESENTATION_CONTEXT(2) 
PARAMETRIC_REPRESENTATION_CONTEXT() REPRESENTATION_CONTEXT('2D SPACE',''
  ) );
#370 = ORIENTED_EDGE('',*,*,#371,.F.);
#371 = EDGE_CURVE('',#273,#349,#372,.T.);
#372 = SURFACE_CURVE('',#373,(#377,#384),.PCURVE_S1.);
#373 = LINE('',#374,#375);
#374 = CARTESIAN_POINT('',(187.,3.,18.));
#375 = VECTOR('',#376,1.);
#376 = DIRECTION('',(0.,1.,0.));
#377 = PCURVE('',#309,#378);
#378 = DEFINITIONAL_REPRESENTATION('',(#379),#383);
#379 = LINE('',#380,#381);
#380 = CARTESIAN_POINT('',(15.,0.));
#381 = VECTOR('',#382,1.);
#382 = DIRECTION('',(0.,-1.));
#383 = ( GEOMETRIC_REPRESENTATION_CONTEXT(2) 
PARAMETRIC_REPRESENTATION_CONTEXT() REPRESENTATION_CONTEXT('2D SPACE',''
  ) );
#384 = PCURVE('',#128,#385);
#385 = DEFINITIONAL_REPRESENTATION('',(#386),#390);
#386 = LINE('',#387,#388);
#387 = CARTESIAN_POINT('',(187.,-82.));
#388 = VECTOR('',#389,1.);
#389 = DIRECTION('',(0.,1.));
#390 = ( GEOMETRIC_REPRESENTATION_CONTEXT(2) 
PARAMETRIC_REPRESENTATION_CONTEXT() REPRESENTATION_CONTEXT('2D SPACE',''
  ) );
#391 = ADVANCED_FACE('',(#392,#418,#449,#480,#712,#743,#774,#805,#836,
    #867,#1099,#1130,#1161),#184,.T.);
#392 = FACE_BOUND('',#393,.T.);
#393 = EDGE_LOOP('',(#394,#395,#396,#397));
#394 = ORIENTED_EDGE('',*,*,#168,.F.);
#395 = ORIENTED_EDGE('',*,*,#248,.T.);
#396 = ORIENTED_EDGE('',*,*,#325,.T.);
#397 = ORIENTED_EDGE('',*,*,#398,.F.);
#398 = EDGE_CURVE('',#141,#326,#399,.T.);
#399 = SURFACE_CURVE('',#400,(#404,#411),.PCURVE_S1.);
#400 = LINE('',#401,#402);
#401 = CARTESIAN_POINT('',(0.,85.,3.));
#402 = VECTOR('',#403,1.);
#403 = DIRECTION('',(1.,0.,0.));
#404 = PCURVE('',#184,#405);
#405 = DEFINITIONAL_REPRESENTATION('',(#406),#410);
#406 = LINE('',#407,#408);
#407 = CARTESIAN_POINT('',(0.,85.));
#408 = VECTOR('',#409,1.);
#409 = DIRECTION('',(1.,0.));
#410 = ( GEOMETRIC_REPRESENTATION_CONTEXT(2) 
PARAMETRIC_REPRESENTATION_CONTEXT() REPRESENTATION_CONTEXT('2D SPACE',''
  ) );
#411 = PCURVE('',#156,#412);
#412 = DEFINITIONAL_REPRESENTATION('',(#413),#417);
#413 = LINE('',#414,#415);
#414 = CARTESIAN_POINT('',(0.,0.));
#415 = VECTOR('',#416,1.);
#416 = DIRECTION('',(0.,1.));
#417 = ( GEOMETRIC_REPRESENTATION_CONTEXT(2) 
PARAMETRIC_REPRESENTATION_CONTEXT() REPRESENTATION_CONTEXT('2D SPACE',''
  ) );
#418 = FACE_BOUND('',#419,.T.);
#419 = EDGE_LOOP('',(#420));
#420 = ORIENTED_EDGE('',*,*,#421,.F.);
#421 = EDGE_CURVE('',#422,#422,#424,.T.);
#422 = VERTEX_POINT('',#423);
#423 = CARTESIAN_POINT('',(35.3,14.,3.));
#424 = SURFACE_CURVE('',#425,(#430,#437),.PCURVE_S1.);
#425 = CIRCLE('',#426,3.3);
#426 = AXIS2_PLACEMENT_3D('',#427,#428,#429);
#427 = CARTESIAN_POINT('',(32.,14.,3.));
#428 = DIRECTION('',(0.,0.,1.));
#429 = DIRECTION('',(1.,0.,-0.));
#430 = PCURVE('',#184,#431);
#431 = DEFINITIONAL_REPRESENTATION('',(#432),#436);
#432 = CIRCLE('',#433,3.3);
#433 = AXIS2_PLACEMENT_2D('',#434,#435);
#434 = CARTESIAN_POINT('',(32.,14.));
#435 = DIRECTION('',(1.,0.));
#436 = ( GEOMETRIC_REPRESENTATION_CONTEXT(2) 
PARAMETRIC_REPRESENTATION_CONTEXT() REPRESENTATION_CONTEXT('2D SPACE',''
  ) );
#437 = PCURVE('',#438,#443);
#438 = CYLINDRICAL_SURFACE('',#439,3.3);
#439 = AXIS2_PLACEMENT_3D('',#440,#441,#442);
#440 = CARTESIAN_POINT('',(32.,14.,-0.1));
#441 = DIRECTION('',(0.,0.,1.));
#442 = DIRECTION('',(1.,0.,-0.));
#443 = DEFINITIONAL_REPRESENTATION('',(#444),#448);
#444 = LINE('',#445,#446);
#445 = CARTESIAN_POINT('',(0.,3.1));
#446 = VECTOR('',#447,1.);
#447 = DIRECTION('',(1.,0.));
#448 = ( GEOMETRIC_REPRESENTATION_CONTEXT(2) 
PARAMETRIC_REPRESENTATION_CONTEXT() REPRESENTATION_CONTEXT('2D SPACE',''
  ) );
#449 = FACE_BOUND('',#450,.T.);
#450 = EDGE_LOOP('',(#451));
#451 = ORIENTED_EDGE('',*,*,#452,.F.);
#452 = EDGE_CURVE('',#453,#453,#455,.T.);
#453 = VERTEX_POINT('',#454);
#454 = CARTESIAN_POINT('',(142.3,9.,3.));
#455 = SURFACE_CURVE('',#456,(#461,#468),.PCURVE_S1.);
#456 = CIRCLE('',#457,3.3);
#457 = AXIS2_PLACEMENT_3D('',#458,#459,#460);
#458 = CARTESIAN_POINT('',(139.,9.,3.));
#459 = DIRECTION('',(0.,0.,1.));
#460 = DIRECTION('',(1.,0.,-0.));
#461 = PCURVE('',#184,#462);
#462 = DEFINITIONAL_REPRESENTATION('',(#463),#467);
#463 = CIRCLE('',#464,3.3);
#464 = AXIS2_PLACEMENT_2D('',#465,#466);
#465 = CARTESIAN_POINT('',(139.,9.));
#466 = DIRECTION('',(1.,0.));
#467 = ( GEOMETRIC_REPRESENTATION_CONTEXT(2) 
PARAMETRIC_REPRESENTATION_CONTEXT() REPRESENTATION_CONTEXT('2D SPACE',''
  ) );
#468 = PCURVE('',#469,#474);
#469 = CYLINDRICAL_SURFACE('',#470,3.3);
#470 = AXIS2_PLACEMENT_3D('',#471,#472,#473);
#471 = CARTESIAN_POINT('',(139.,9.,-0.1));
#472 = DIRECTION('',(0.,0.,1.));
#473 = DIRECTION('',(1.,0.,-0.));
#474 = DEFINITIONAL_REPRESENTATION('',(#475),#479);
#475 = LINE('',#476,#477);
#476 = CARTESIAN_POINT('',(0.,3.1));
#477 = VECTOR('',#478,1.);
#478 = DIRECTION('',(1.,0.));
#479 = ( GEOMETRIC_REPRESENTATION_CONTEXT(2) 
PARAMETRIC_REPRESENTATION_CONTEXT() REPRESENTATION_CONTEXT('2D SPACE',''
  ) );
#480 = FACE_BOUND('',#481,.T.);
#481 = EDGE_LOOP('',(#482,#513,#542,#568,#597,#630,#659,#685));
#482 = ORIENTED_EDGE('',*,*,#483,.F.);
#483 = EDGE_CURVE('',#484,#486,#488,.T.);
#484 = VERTEX_POINT('',#485);
#485 = CARTESIAN_POINT('',(97.002959199136,17.143894534629,3.));
#486 = VERTEX_POINT('',#487);
#487 = CARTESIAN_POINT('',(99.287810031633,13.716618285884,3.));
#488 = SURFACE_CURVE('',#489,(#494,#501),.PCURVE_S1.);
#489 = CIRCLE('',#490,3.3);
#490 = AXIS2_PLACEMENT_3D('',#491,#492,#493);
#491 = CARTESIAN_POINT('',(96.,14.,3.));
#492 = DIRECTION('',(0.,0.,1.));
#493 = DIRECTION('',(1.,0.,-0.));
#494 = PCURVE('',#184,#495);
#495 = DEFINITIONAL_REPRESENTATION('',(#496),#500);
#496 = CIRCLE('',#497,3.3);
#497 = AXIS2_PLACEMENT_2D('',#498,#499);
#498 = CARTESIAN_POINT('',(96.,14.));
#499 = DIRECTION('',(1.,0.));
#500 = ( GEOMETRIC_REPRESENTATION_CONTEXT(2) 
PARAMETRIC_REPRESENTATION_CONTEXT() REPRESENTATION_CONTEXT('2D SPACE',''
  ) );
#501 = PCURVE('',#502,#507);
#502 = CYLINDRICAL_SURFACE('',#503,3.3);
#503 = AXIS2_PLACEMENT_3D('',#504,#505,#506);
#504 = CARTESIAN_POINT('',(96.,14.,-0.1));
#505 = DIRECTION('',(0.,0.,1.));
#506 = DIRECTION('',(1.,0.,-0.));
#507 = DEFINITIONAL_REPRESENTATION('',(#508),#512);
#508 = LINE('',#509,#510);
#509 = CARTESIAN_POINT('',(0.,3.1));
#510 = VECTOR('',#511,1.);
#511 = DIRECTION('',(1.,0.));
#512 = ( GEOMETRIC_REPRESENTATION_CONTEXT(2) 
PARAMETRIC_REPRESENTATION_CONTEXT() REPRESENTATION_CONTEXT('2D SPACE',''
  ) );
#513 = ORIENTED_EDGE('',*,*,#514,.F.);
#514 = EDGE_CURVE('',#515,#484,#517,.T.);
#515 = VERTEX_POINT('',#516);
#516 = CARTESIAN_POINT('',(100.5,20.5,3.));
#517 = SURFACE_CURVE('',#518,(#523,#530),.PCURVE_S1.);
#518 = CIRCLE('',#519,3.5);
#519 = AXIS2_PLACEMENT_3D('',#520,#521,#522);
#520 = CARTESIAN_POINT('',(100.5,17.,3.));
#521 = DIRECTION('',(0.,0.,1.));
#522 = DIRECTION('',(1.,0.,-0.));
#523 = PCURVE('',#184,#524);
#524 = DEFINITIONAL_REPRESENTATION('',(#525),#529);
#525 = CIRCLE('',#526,3.5);
#526 = AXIS2_PLACEMENT_2D('',#527,#528);
#527 = CARTESIAN_POINT('',(100.5,17.));
#528 = DIRECTION('',(1.,0.));
#529 = ( GEOMETRIC_REPRESENTATION_CONTEXT(2) 
PARAMETRIC_REPRESENTATION_CONTEXT() REPRESENTATION_CONTEXT('2D SPACE',''
  ) );
#530 = PCURVE('',#531,#536);
#531 = CYLINDRICAL_SURFACE('',#532,3.5);
#532 = AXIS2_PLACEMENT_3D('',#533,#534,#535);
#533 = CARTESIAN_POINT('',(100.5,17.,-0.1));
#534 = DIRECTION('',(0.,0.,1.));
#535 = DIRECTION('',(1.,0.,-0.));
#536 = DEFINITIONAL_REPRESENTATION('',(#537),#541);
#537 = LINE('',#538,#539);
#538 = CARTESIAN_POINT('',(0.,3.1));
#539 = VECTOR('',#540,1.);
#540 = DIRECTION('',(1.,0.));
#541 = ( GEOMETRIC_REPRESENTATION_CONTEXT(2) 
PARAMETRIC_REPRESENTATION_CONTEXT() REPRESENTATION_CONTEXT('2D SPACE',''
  ) );
#542 = ORIENTED_EDGE('',*,*,#543,.F.);
#543 = EDGE_CURVE('',#544,#515,#546,.T.);
#544 = VERTEX_POINT('',#545);
#545 = CARTESIAN_POINT('',(137.5,20.5,3.));
#546 = SURFACE_CURVE('',#547,(#551,#557),.PCURVE_S1.);
#547 = LINE('',#548,#549);
#548 = CARTESIAN_POINT('',(50.25,20.5,3.));
#549 = VECTOR('',#550,1.);
#550 = DIRECTION('',(-1.,0.,0.));
#551 = PCURVE('',#184,#552);
#552 = DEFINITIONAL_REPRESENTATION('',(#553),#556);
#553 = B_SPLINE_CURVE_WITH_KNOTS('',1,(#554,#555),.UNSPECIFIED.,.F.,.F.,
  (2,2),(-87.25,-50.25),.PIECEWISE_BEZIER_KNOTS.);
#554 = CARTESIAN_POINT('',(137.5,20.5));
#555 = CARTESIAN_POINT('',(100.5,20.5));
#556 = ( GEOMETRIC_REPRESENTATION_CONTEXT(2) 
PARAMETRIC_REPRESENTATION_CONTEXT() REPRESENTATION_CONTEXT('2D SPACE',''
  ) );
#557 = PCURVE('',#558,#563);
#558 = PLANE('',#559);
#559 = AXIS2_PLACEMENT_3D('',#560,#561,#562);
#560 = CARTESIAN_POINT('',(100.5,20.5,-0.1));
#561 = DIRECTION('',(0.,1.,0.));
#562 = DIRECTION('',(0.,0.,1.));
#563 = DEFINITIONAL_REPRESENTATION('',(#564),#567);
#564 = B_SPLINE_CURVE_WITH_KNOTS('',1,(#565,#566),.UNSPECIFIED.,.F.,.F.,
  (2,2),(-87.25,-50.25),.PIECEWISE_BEZIER_KNOTS.);
#565 = CARTESIAN_POINT('',(3.1,37.));
#566 = CARTESIAN_POINT('',(3.1,0.));
#567 = ( GEOMETRIC_REPRESENTATION_CONTEXT(2) 
PARAMETRIC_REPRESENTATION_CONTEXT() REPRESENTATION_CONTEXT('2D SPACE',''
  ) );
#568 = ORIENTED_EDGE('',*,*,#569,.F.);
#569 = EDGE_CURVE('',#570,#544,#572,.T.);
#570 = VERTEX_POINT('',#571);
#571 = CARTESIAN_POINT('',(137.80329953589,20.486833720085,3.));
#572 = SURFACE_CURVE('',#573,(#578,#585),.PCURVE_S1.);
#573 = CIRCLE('',#574,3.5);
#574 = AXIS2_PLACEMENT_3D('',#575,#576,#577);
#575 = CARTESIAN_POINT('',(137.5,17.,3.));
#576 = DIRECTION('',(0.,0.,1.));
#577 = DIRECTION('',(1.,0.,-0.));
#578 = PCURVE('',#184,#579);
#579 = DEFINITIONAL_REPRESENTATION('',(#580),#584);
#580 = CIRCLE('',#581,3.5);
#581 = AXIS2_PLACEMENT_2D('',#582,#583);
#582 = CARTESIAN_POINT('',(137.5,17.));
#583 = DIRECTION('',(1.,0.));
#584 = ( GEOMETRIC_REPRESENTATION_CONTEXT(2) 
PARAMETRIC_REPRESENTATION_CONTEXT() REPRESENTATION_CONTEXT('2D SPACE',''
  ) );
#585 = PCURVE('',#586,#591);
#586 = CYLINDRICAL_SURFACE('',#587,3.5);
#587 = AXIS2_PLACEMENT_3D('',#588,#589,#590);
#588 = CARTESIAN_POINT('',(137.5,17.,-0.1));
#589 = DIRECTION('',(0.,0.,1.));
#590 = DIRECTION('',(1.,0.,-0.));
#591 = DEFINITIONAL_REPRESENTATION('',(#592),#596);
#592 = LINE('',#593,#594);
#593 = CARTESIAN_POINT('',(6.28318530718,3.1));
#594 = VECTOR('',#595,1.);
#595 = DIRECTION('',(1.,0.));
#596 = ( GEOMETRIC_REPRESENTATION_CONTEXT(2) 
PARAMETRIC_REPRESENTATION_CONTEXT() REPRESENTATION_CONTEXT('2D SPACE',''
  ) );
#597 = ORIENTED_EDGE('',*,*,#598,.T.);
#598 = EDGE_CURVE('',#570,#599,#601,.T.);
#599 = VERTEX_POINT('',#600);
#600 = CARTESIAN_POINT('',(140.87497915262,17.927100706144,3.));
#601 = SURFACE_CURVE('',#602,(#607,#618),.PCURVE_S1.);
#602 = CIRCLE('',#603,2.25);
#603 = AXIS2_PLACEMENT_3D('',#604,#605,#606);
#604 = CARTESIAN_POINT('',(140.,20.,3.));
#605 = DIRECTION('',(0.,0.,-1.));
#606 = DIRECTION('',(-0.976311317379,0.21637054226,0.));
#607 = PCURVE('',#184,#608);
#608 = DEFINITIONAL_REPRESENTATION('',(#609),#617);
#609 = ( BOUNDED_CURVE() B_SPLINE_CURVE(2,(#610,#611,#612,#613,#614,#615
,#616),.UNSPECIFIED.,.T.,.F.) B_SPLINE_CURVE_WITH_KNOTS((1,2,2,2,2,1),(
    -2.094395102393,0.,2.094395102393,4.188790204786,6.28318530718,
8.377580409573),.UNSPECIFIED.) CURVE() GEOMETRIC_REPRESENTATION_ITEM() 
RATIONAL_B_SPLINE_CURVE((1.,0.5,1.,0.5,1.,0.5,1.)) REPRESENTATION_ITEM(
  '') );
#610 = CARTESIAN_POINT('',(137.80329953589,20.486833720085));
#611 = CARTESIAN_POINT('',(138.64652027392,24.291630532921));
#612 = CARTESIAN_POINT('',(141.51996060106,21.658981546375));
#613 = CARTESIAN_POINT('',(144.3934009282,19.026332559829));
#614 = CARTESIAN_POINT('',(140.67673986303,17.85418473354));
#615 = CARTESIAN_POINT('',(136.96007879787,16.68203690725));
#616 = CARTESIAN_POINT('',(137.80329953589,20.486833720085));
#617 = ( GEOMETRIC_REPRESENTATION_CONTEXT(2) 
PARAMETRIC_REPRESENTATION_CONTEXT() REPRESENTATION_CONTEXT('2D SPACE',''
  ) );
#618 = PCURVE('',#619,#624);
#619 = CYLINDRICAL_SURFACE('',#620,2.25);
#620 = AXIS2_PLACEMENT_3D('',#621,#622,#623);
#621 = CARTESIAN_POINT('',(140.,20.,-0.1));
#622 = DIRECTION('',(0.,0.,1.));
#623 = DIRECTION('',(1.,0.,-0.));
#624 = DEFINITIONAL_REPRESENTATION('',(#625),#629);
#625 = LINE('',#626,#627);
#626 = CARTESIAN_POINT('',(9.20668255242,3.1));
#627 = VECTOR('',#628,1.);
#628 = DIRECTION('',(-1.,-0.));
#629 = ( GEOMETRIC_REPRESENTATION_CONTEXT(2) 
PARAMETRIC_REPRESENTATION_CONTEXT() REPRESENTATION_CONTEXT('2D SPACE',''
  ) );
#630 = ORIENTED_EDGE('',*,*,#631,.F.);
#631 = EDGE_CURVE('',#632,#599,#634,.T.);
#632 = VERTEX_POINT('',#633);
#633 = CARTESIAN_POINT('',(137.5,13.5,3.));
#634 = SURFACE_CURVE('',#635,(#640,#647),.PCURVE_S1.);
#635 = CIRCLE('',#636,3.5);
#636 = AXIS2_PLACEMENT_3D('',#637,#638,#639);
#637 = CARTESIAN_POINT('',(137.5,17.,3.));
#638 = DIRECTION('',(0.,0.,1.));
#639 = DIRECTION('',(1.,0.,-0.));
#640 = PCURVE('',#184,#641);
#641 = DEFINITIONAL_REPRESENTATION('',(#642),#646);
#642 = CIRCLE('',#643,3.5);
#643 = AXIS2_PLACEMENT_2D('',#644,#645);
#644 = CARTESIAN_POINT('',(137.5,17.));
#645 = DIRECTION('',(1.,0.));
#646 = ( GEOMETRIC_REPRESENTATION_CONTEXT(2) 
PARAMETRIC_REPRESENTATION_CONTEXT() REPRESENTATION_CONTEXT('2D SPACE',''
  ) );
#647 = PCURVE('',#648,#653);
#648 = CYLINDRICAL_SURFACE('',#649,3.5);
#649 = AXIS2_PLACEMENT_3D('',#650,#651,#652);
#650 = CARTESIAN_POINT('',(137.5,17.,-0.1));
#651 = DIRECTION('',(0.,0.,1.));
#652 = DIRECTION('',(1.,0.,-0.));
#653 = DEFINITIONAL_REPRESENTATION('',(#654),#658);
#654 = LINE('',#655,#656);
#655 = CARTESIAN_POINT('',(0.,3.1));
#656 = VECTOR('',#657,1.);
#657 = DIRECTION('',(1.,0.));
#658 = ( GEOMETRIC_REPRESENTATION_CONTEXT(2) 
PARAMETRIC_REPRESENTATION_CONTEXT() REPRESENTATION_CONTEXT('2D SPACE',''
  ) );
#659 = ORIENTED_EDGE('',*,*,#660,.T.);
#660 = EDGE_CURVE('',#632,#661,#663,.T.);
#661 = VERTEX_POINT('',#662);
#662 = CARTESIAN_POINT('',(100.5,13.5,3.));
#663 = SURFACE_CURVE('',#664,(#668,#674),.PCURVE_S1.);
#664 = LINE('',#665,#666);
#665 = CARTESIAN_POINT('',(50.25,13.5,3.));
#666 = VECTOR('',#667,1.);
#667 = DIRECTION('',(-1.,0.,0.));
#668 = PCURVE('',#184,#669);
#669 = DEFINITIONAL_REPRESENTATION('',(#670),#673);
#670 = B_SPLINE_CURVE_WITH_KNOTS('',1,(#671,#672),.UNSPECIFIED.,.F.,.F.,
  (2,2),(-87.25,-50.25),.PIECEWISE_BEZIER_KNOTS.);
#671 = CARTESIAN_POINT('',(137.5,13.5));
#672 = CARTESIAN_POINT('',(100.5,13.5));
#673 = ( GEOMETRIC_REPRESENTATION_CONTEXT(2) 
PARAMETRIC_REPRESENTATION_CONTEXT() REPRESENTATION_CONTEXT('2D SPACE',''
  ) );
#674 = PCURVE('',#675,#680);
#675 = PLANE('',#676);
#676 = AXIS2_PLACEMENT_3D('',#677,#678,#679);
#677 = CARTESIAN_POINT('',(100.5,13.5,-0.1));
#678 = DIRECTION('',(0.,1.,0.));
#679 = DIRECTION('',(0.,0.,1.));
#680 = DEFINITIONAL_REPRESENTATION('',(#681),#684);
#681 = B_SPLINE_CURVE_WITH_KNOTS('',1,(#682,#683),.UNSPECIFIED.,.F.,.F.,
  (2,2),(-87.25,-50.25),.PIECEWISE_BEZIER_KNOTS.);
#682 = CARTESIAN_POINT('',(3.1,37.));
#683 = CARTESIAN_POINT('',(3.1,0.));
#684 = ( GEOMETRIC_REPRESENTATION_CONTEXT(2) 
PARAMETRIC_REPRESENTATION_CONTEXT() REPRESENTATION_CONTEXT('2D SPACE',''
  ) );
#685 = ORIENTED_EDGE('',*,*,#686,.F.);
#686 = EDGE_CURVE('',#486,#661,#687,.T.);
#687 = SURFACE_CURVE('',#688,(#693,#700),.PCURVE_S1.);
#688 = CIRCLE('',#689,3.5);
#689 = AXIS2_PLACEMENT_3D('',#690,#691,#692);
#690 = CARTESIAN_POINT('',(100.5,17.,3.));
#691 = DIRECTION('',(0.,0.,1.));
#692 = DIRECTION('',(1.,0.,-0.));
#693 = PCURVE('',#184,#694);
#694 = DEFINITIONAL_REPRESENTATION('',(#695),#699);
#695 = CIRCLE('',#696,3.5);
#696 = AXIS2_PLACEMENT_2D('',#697,#698);
#697 = CARTESIAN_POINT('',(100.5,17.));
#698 = DIRECTION('',(1.,0.));
#699 = ( GEOMETRIC_REPRESENTATION_CONTEXT(2) 
PARAMETRIC_REPRESENTATION_CONTEXT() REPRESENTATION_CONTEXT('2D SPACE',''
  ) );
#700 = PCURVE('',#701,#706);
#701 = CYLINDRICAL_SURFACE('',#702,3.5);
#702 = AXIS2_PLACEMENT_3D('',#703,#704,#705);
#703 = CARTESIAN_POINT('',(100.5,17.,-0.1));
#704 = DIRECTION('',(0.,0.,1.));
#705 = DIRECTION('',(1.,0.,-0.));
#706 = DEFINITIONAL_REPRESENTATION('',(#707),#711);
#707 = LINE('',#708,#709);
#708 = CARTESIAN_POINT('',(0.,3.1));
#709 = VECTOR('',#710,1.);
#710 = DIRECTION('',(1.,0.));
#711 = ( GEOMETRIC_REPRESENTATION_CONTEXT(2) 
PARAMETRIC_REPRESENTATION_CONTEXT() REPRESENTATION_CONTEXT('2D SPACE',''
  ) );
#712 = FACE_BOUND('',#713,.T.);
#713 = EDGE_LOOP('',(#714));
#714 = ORIENTED_EDGE('',*,*,#715,.F.);
#715 = EDGE_CURVE('',#716,#716,#718,.T.);
#716 = VERTEX_POINT('',#717);
#717 = CARTESIAN_POINT('',(184.3,9.,3.));
#718 = SURFACE_CURVE('',#719,(#724,#731),.PCURVE_S1.);
#719 = CIRCLE('',#720,3.3);
#720 = AXIS2_PLACEMENT_3D('',#721,#722,#723);
#721 = CARTESIAN_POINT('',(181.,9.,3.));
#722 = DIRECTION('',(0.,0.,1.));
#723 = DIRECTION('',(1.,0.,-0.));
#724 = PCURVE('',#184,#725);
#725 = DEFINITIONAL_REPRESENTATION('',(#726),#730);
#726 = CIRCLE('',#727,3.3);
#727 = AXIS2_PLACEMENT_2D('',#728,#729);
#728 = CARTESIAN_POINT('',(181.,9.));
#729 = DIRECTION('',(1.,0.));
#730 = ( GEOMETRIC_REPRESENTATION_CONTEXT(2) 
PARAMETRIC_REPRESENTATION_CONTEXT() REPRESENTATION_CONTEXT('2D SPACE',''
  ) );
#731 = PCURVE('',#732,#737);
#732 = CYLINDRICAL_SURFACE('',#733,3.3);
#733 = AXIS2_PLACEMENT_3D('',#734,#735,#736);
#734 = CARTESIAN_POINT('',(181.,9.,-0.1));
#735 = DIRECTION('',(0.,0.,1.));
#736 = DIRECTION('',(1.,0.,-0.));
#737 = DEFINITIONAL_REPRESENTATION('',(#738),#742);
#738 = LINE('',#739,#740);
#739 = CARTESIAN_POINT('',(0.,3.1));
#740 = VECTOR('',#741,1.);
#741 = DIRECTION('',(1.,0.));
#742 = ( GEOMETRIC_REPRESENTATION_CONTEXT(2) 
PARAMETRIC_REPRESENTATION_CONTEXT() REPRESENTATION_CONTEXT('2D SPACE',''
  ) );
#743 = FACE_BOUND('',#744,.T.);
#744 = EDGE_LOOP('',(#745));
#745 = ORIENTED_EDGE('',*,*,#746,.F.);
#746 = EDGE_CURVE('',#747,#747,#749,.T.);
#747 = VERTEX_POINT('',#748);
#748 = CARTESIAN_POINT('',(182.25,20.,3.));
#749 = SURFACE_CURVE('',#750,(#755,#762),.PCURVE_S1.);
#750 = CIRCLE('',#751,2.25);
#751 = AXIS2_PLACEMENT_3D('',#752,#753,#754);
#752 = CARTESIAN_POINT('',(180.,20.,3.));
#753 = DIRECTION('',(0.,0.,1.));
#754 = DIRECTION('',(1.,0.,-0.));
#755 = PCURVE('',#184,#756);
#756 = DEFINITIONAL_REPRESENTATION('',(#757),#761);
#757 = CIRCLE('',#758,2.25);
#758 = AXIS2_PLACEMENT_2D('',#759,#760);
#759 = CARTESIAN_POINT('',(180.,20.));
#760 = DIRECTION('',(1.,0.));
#761 = ( GEOMETRIC_REPRESENTATION_CONTEXT(2) 
PARAMETRIC_REPRESENTATION_CONTEXT() REPRESENTATION_CONTEXT('2D SPACE',''
  ) );
#762 = PCURVE('',#763,#768);
#763 = CYLINDRICAL_SURFACE('',#764,2.25);
#764 = AXIS2_PLACEMENT_3D('',#765,#766,#767);
#765 = CARTESIAN_POINT('',(180.,20.,-0.1));
#766 = DIRECTION('',(0.,0.,1.));
#767 = DIRECTION('',(1.,0.,-0.));
#768 = DEFINITIONAL_REPRESENTATION('',(#769),#773);
#769 = LINE('',#770,#771);
#770 = CARTESIAN_POINT('',(0.,3.1));
#771 = VECTOR('',#772,1.);
#772 = DIRECTION('',(1.,0.));
#773 = ( GEOMETRIC_REPRESENTATION_CONTEXT(2) 
PARAMETRIC_REPRESENTATION_CONTEXT() REPRESENTATION_CONTEXT('2D SPACE',''
  ) );
#774 = FACE_BOUND('',#775,.T.);
#775 = EDGE_LOOP('',(#776));
#776 = ORIENTED_EDGE('',*,*,#777,.F.);
#777 = EDGE_CURVE('',#778,#778,#780,.T.);
#778 = VERTEX_POINT('',#779);
#779 = CARTESIAN_POINT('',(35.3,74.,3.));
#780 = SURFACE_CURVE('',#781,(#786,#793),.PCURVE_S1.);
#781 = CIRCLE('',#782,3.3);
#782 = AXIS2_PLACEMENT_3D('',#783,#784,#785);
#783 = CARTESIAN_POINT('',(32.,74.,3.));
#784 = DIRECTION('',(0.,0.,1.));
#785 = DIRECTION('',(1.,0.,-0.));
#786 = PCURVE('',#184,#787);
#787 = DEFINITIONAL_REPRESENTATION('',(#788),#792);
#788 = CIRCLE('',#789,3.3);
#789 = AXIS2_PLACEMENT_2D('',#790,#791);
#790 = CARTESIAN_POINT('',(32.,74.));
#791 = DIRECTION('',(1.,0.));
#792 = ( GEOMETRIC_REPRESENTATION_CONTEXT(2) 
PARAMETRIC_REPRESENTATION_CONTEXT() REPRESENTATION_CONTEXT('2D SPACE',''
  ) );
#793 = PCURVE('',#794,#799);
#794 = CYLINDRICAL_SURFACE('',#795,3.3);
#795 = AXIS2_PLACEMENT_3D('',#796,#797,#798);
#796 = CARTESIAN_POINT('',(32.,74.,-0.1));
#797 = DIRECTION('',(0.,0.,1.));
#798 = DIRECTION('',(1.,0.,-0.));
#799 = DEFINITIONAL_REPRESENTATION('',(#800),#804);
#800 = LINE('',#801,#802);
#801 = CARTESIAN_POINT('',(0.,3.1));
#802 = VECTOR('',#803,1.);
#803 = DIRECTION('',(1.,0.));
#804 = ( GEOMETRIC_REPRESENTATION_CONTEXT(2) 
PARAMETRIC_REPRESENTATION_CONTEXT() REPRESENTATION_CONTEXT('2D SPACE',''
  ) );
#805 = FACE_BOUND('',#806,.T.);
#806 = EDGE_LOOP('',(#807));
#807 = ORIENTED_EDGE('',*,*,#808,.F.);
#808 = EDGE_CURVE('',#809,#809,#811,.T.);
#809 = VERTEX_POINT('',#810);
#810 = CARTESIAN_POINT('',(115.3,44.,3.));
#811 = SURFACE_CURVE('',#812,(#817,#824),.PCURVE_S1.);
#812 = CIRCLE('',#813,3.3);
#813 = AXIS2_PLACEMENT_3D('',#814,#815,#816);
#814 = CARTESIAN_POINT('',(112.,44.,3.));
#815 = DIRECTION('',(0.,0.,1.));
#816 = DIRECTION('',(1.,0.,-0.));
#817 = PCURVE('',#184,#818);
#818 = DEFINITIONAL_REPRESENTATION('',(#819),#823);
#819 = CIRCLE('',#820,3.3);
#820 = AXIS2_PLACEMENT_2D('',#821,#822);
#821 = CARTESIAN_POINT('',(112.,44.));
#822 = DIRECTION('',(1.,0.));
#823 = ( GEOMETRIC_REPRESENTATION_CONTEXT(2) 
PARAMETRIC_REPRESENTATION_CONTEXT() REPRESENTATION_CONTEXT('2D SPACE',''
  ) );
#824 = PCURVE('',#825,#830);
#825 = CYLINDRICAL_SURFACE('',#826,3.3);
#826 = AXIS2_PLACEMENT_3D('',#827,#828,#829);
#827 = CARTESIAN_POINT('',(112.,44.,-0.1));
#828 = DIRECTION('',(0.,0.,1.));
#829 = DIRECTION('',(1.,0.,-0.));
#830 = DEFINITIONAL_REPRESENTATION('',(#831),#835);
#831 = LINE('',#832,#833);
#832 = CARTESIAN_POINT('',(0.,3.1));
#833 = VECTOR('',#834,1.);
#834 = DIRECTION('',(1.,0.));
#835 = ( GEOMETRIC_REPRESENTATION_CONTEXT(2) 
PARAMETRIC_REPRESENTATION_CONTEXT() REPRESENTATION_CONTEXT('2D SPACE',''
  ) );
#836 = FACE_BOUND('',#837,.T.);
#837 = EDGE_LOOP('',(#838));
#838 = ORIENTED_EDGE('',*,*,#839,.F.);
#839 = EDGE_CURVE('',#840,#840,#842,.T.);
#840 = VERTEX_POINT('',#841);
#841 = CARTESIAN_POINT('',(131.3,44.,3.));
#842 = SURFACE_CURVE('',#843,(#848,#855),.PCURVE_S1.);
#843 = CIRCLE('',#844,3.3);
#844 = AXIS2_PLACEMENT_3D('',#845,#846,#847);
#845 = CARTESIAN_POINT('',(128.,44.,3.));
#846 = DIRECTION('',(0.,0.,1.));
#847 = DIRECTION('',(1.,0.,-0.));
#848 = PCURVE('',#184,#849);
#849 = DEFINITIONAL_REPRESENTATION('',(#850),#854);
#850 = CIRCLE('',#851,3.3);
#851 = AXIS2_PLACEMENT_2D('',#852,#853);
#852 = CARTESIAN_POINT('',(128.,44.));
#853 = DIRECTION('',(1.,0.));
#854 = ( GEOMETRIC_REPRESENTATION_CONTEXT(2) 
PARAMETRIC_REPRESENTATION_CONTEXT() REPRESENTATION_CONTEXT('2D SPACE',''
  ) );
#855 = PCURVE('',#856,#861);
#856 = CYLINDRICAL_SURFACE('',#857,3.3);
#857 = AXIS2_PLACEMENT_3D('',#858,#859,#860);
#858 = CARTESIAN_POINT('',(128.,44.,-0.1));
#859 = DIRECTION('',(0.,0.,1.));
#860 = DIRECTION('',(1.,0.,-0.));
#861 = DEFINITIONAL_REPRESENTATION('',(#862),#866);
#862 = LINE('',#863,#864);
#863 = CARTESIAN_POINT('',(0.,3.1));
#864 = VECTOR('',#865,1.);
#865 = DIRECTION('',(1.,0.));
#866 = ( GEOMETRIC_REPRESENTATION_CONTEXT(2) 
PARAMETRIC_REPRESENTATION_CONTEXT() REPRESENTATION_CONTEXT('2D SPACE',''
  ) );
#867 = FACE_BOUND('',#868,.T.);
#868 = EDGE_LOOP('',(#869,#900,#929,#955,#984,#1017,#1046,#1072));
#869 = ORIENTED_EDGE('',*,*,#870,.F.);
#870 = EDGE_CURVE('',#871,#873,#875,.T.);
#871 = VERTEX_POINT('',#872);
#872 = CARTESIAN_POINT('',(99.287810031633,74.283381714116,3.));
#873 = VERTEX_POINT('',#874);
#874 = CARTESIAN_POINT('',(97.002959199136,70.856105465371,3.));
#875 = SURFACE_CURVE('',#876,(#881,#888),.PCURVE_S1.);
#876 = CIRCLE('',#877,3.3);
#877 = AXIS2_PLACEMENT_3D('',#878,#879,#880);
#878 = CARTESIAN_POINT('',(96.,74.,3.));
#879 = DIRECTION('',(0.,0.,1.));
#880 = DIRECTION('',(1.,0.,-0.));
#881 = PCURVE('',#184,#882);
#882 = DEFINITIONAL_REPRESENTATION('',(#883),#887);
#883 = CIRCLE('',#884,3.3);
#884 = AXIS2_PLACEMENT_2D('',#885,#886);
#885 = CARTESIAN_POINT('',(96.,74.));
#886 = DIRECTION('',(1.,0.));
#887 = ( GEOMETRIC_REPRESENTATION_CONTEXT(2) 
PARAMETRIC_REPRESENTATION_CONTEXT() REPRESENTATION_CONTEXT('2D SPACE',''
  ) );
#888 = PCURVE('',#889,#894);
#889 = CYLINDRICAL_SURFACE('',#890,3.3);
#890 = AXIS2_PLACEMENT_3D('',#891,#892,#893);
#891 = CARTESIAN_POINT('',(96.,74.,-0.1));
#892 = DIRECTION('',(0.,0.,1.));
#893 = DIRECTION('',(1.,0.,-0.));
#894 = DEFINITIONAL_REPRESENTATION('',(#895),#899);
#895 = LINE('',#896,#897);
#896 = CARTESIAN_POINT('',(0.,3.1));
#897 = VECTOR('',#898,1.);
#898 = DIRECTION('',(1.,0.));
#899 = ( GEOMETRIC_REPRESENTATION_CONTEXT(2) 
PARAMETRIC_REPRESENTATION_CONTEXT() REPRESENTATION_CONTEXT('2D SPACE',''
  ) );
#900 = ORIENTED_EDGE('',*,*,#901,.F.);
#901 = EDGE_CURVE('',#902,#871,#904,.T.);
#902 = VERTEX_POINT('',#903);
#903 = CARTESIAN_POINT('',(100.5,74.5,3.));
#904 = SURFACE_CURVE('',#905,(#910,#917),.PCURVE_S1.);
#905 = CIRCLE('',#906,3.5);
#906 = AXIS2_PLACEMENT_3D('',#907,#908,#909);
#907 = CARTESIAN_POINT('',(100.5,71.,3.));
#908 = DIRECTION('',(0.,0.,1.));
#909 = DIRECTION('',(1.,0.,-0.));
#910 = PCURVE('',#184,#911);
#911 = DEFINITIONAL_REPRESENTATION('',(#912),#916);
#912 = CIRCLE('',#913,3.5);
#913 = AXIS2_PLACEMENT_2D('',#914,#915);
#914 = CARTESIAN_POINT('',(100.5,71.));
#915 = DIRECTION('',(1.,0.));
#916 = ( GEOMETRIC_REPRESENTATION_CONTEXT(2) 
PARAMETRIC_REPRESENTATION_CONTEXT() REPRESENTATION_CONTEXT('2D SPACE',''
  ) );
#917 = PCURVE('',#918,#923);
#918 = CYLINDRICAL_SURFACE('',#919,3.5);
#919 = AXIS2_PLACEMENT_3D('',#920,#921,#922);
#920 = CARTESIAN_POINT('',(100.5,71.,-0.1));
#921 = DIRECTION('',(0.,0.,1.));
#922 = DIRECTION('',(1.,0.,-0.));
#923 = DEFINITIONAL_REPRESENTATION('',(#924),#928);
#924 = LINE('',#925,#926);
#925 = CARTESIAN_POINT('',(0.,3.1));
#926 = VECTOR('',#927,1.);
#927 = DIRECTION('',(1.,0.));
#928 = ( GEOMETRIC_REPRESENTATION_CONTEXT(2) 
PARAMETRIC_REPRESENTATION_CONTEXT() REPRESENTATION_CONTEXT('2D SPACE',''
  ) );
#929 = ORIENTED_EDGE('',*,*,#930,.F.);
#930 = EDGE_CURVE('',#931,#902,#933,.T.);
#931 = VERTEX_POINT('',#932);
#932 = CARTESIAN_POINT('',(137.5,74.5,3.));
#933 = SURFACE_CURVE('',#934,(#938,#944),.PCURVE_S1.);
#934 = LINE('',#935,#936);
#935 = CARTESIAN_POINT('',(50.25,74.5,3.));
#936 = VECTOR('',#937,1.);
#937 = DIRECTION('',(-1.,0.,0.));
#938 = PCURVE('',#184,#939);
#939 = DEFINITIONAL_REPRESENTATION('',(#940),#943);
#940 = B_SPLINE_CURVE_WITH_KNOTS('',1,(#941,#942),.UNSPECIFIED.,.F.,.F.,
  (2,2),(-87.25,-50.25),.PIECEWISE_BEZIER_KNOTS.);
#941 = CARTESIAN_POINT('',(137.5,74.5));
#942 = CARTESIAN_POINT('',(100.5,74.5));
#943 = ( GEOMETRIC_REPRESENTATION_CONTEXT(2) 
PARAMETRIC_REPRESENTATION_CONTEXT() REPRESENTATION_CONTEXT('2D SPACE',''
  ) );
#944 = PCURVE('',#945,#950);
#945 = PLANE('',#946);
#946 = AXIS2_PLACEMENT_3D('',#947,#948,#949);
#947 = CARTESIAN_POINT('',(100.5,74.5,-0.1));
#948 = DIRECTION('',(0.,1.,0.));
#949 = DIRECTION('',(0.,0.,1.));
#950 = DEFINITIONAL_REPRESENTATION('',(#951),#954);
#951 = B_SPLINE_CURVE_WITH_KNOTS('',1,(#952,#953),.UNSPECIFIED.,.F.,.F.,
  (2,2),(-87.25,-50.25),.PIECEWISE_BEZIER_KNOTS.);
#952 = CARTESIAN_POINT('',(3.1,37.));
#953 = CARTESIAN_POINT('',(3.1,0.));
#954 = ( GEOMETRIC_REPRESENTATION_CONTEXT(2) 
PARAMETRIC_REPRESENTATION_CONTEXT() REPRESENTATION_CONTEXT('2D SPACE',''
  ) );
#955 = ORIENTED_EDGE('',*,*,#956,.F.);
#956 = EDGE_CURVE('',#957,#931,#959,.T.);
#957 = VERTEX_POINT('',#958);
#958 = CARTESIAN_POINT('',(140.87497915262,70.072899293856,3.));
#959 = SURFACE_CURVE('',#960,(#965,#972),.PCURVE_S1.);
#960 = CIRCLE('',#961,3.5);
#961 = AXIS2_PLACEMENT_3D('',#962,#963,#964);
#962 = CARTESIAN_POINT('',(137.5,71.,3.));
#963 = DIRECTION('',(0.,0.,1.));
#964 = DIRECTION('',(1.,0.,-0.));
#965 = PCURVE('',#184,#966);
#966 = DEFINITIONAL_REPRESENTATION('',(#967),#971);
#967 = CIRCLE('',#968,3.5);
#968 = AXIS2_PLACEMENT_2D('',#969,#970);
#969 = CARTESIAN_POINT('',(137.5,71.));
#970 = DIRECTION('',(1.,0.));
#971 = ( GEOMETRIC_REPRESENTATION_CONTEXT(2) 
PARAMETRIC_REPRESENTATION_CONTEXT() REPRESENTATION_CONTEXT('2D SPACE',''
  ) );
#972 = PCURVE('',#973,#978);
#973 = CYLINDRICAL_SURFACE('',#974,3.5);
#974 = AXIS2_PLACEMENT_3D('',#975,#976,#977);
#975 = CARTESIAN_POINT('',(137.5,71.,-0.1));
#976 = DIRECTION('',(0.,0.,1.));
#977 = DIRECTION('',(1.,0.,-0.));
#978 = DEFINITIONAL_REPRESENTATION('',(#979),#983);
#979 = LINE('',#980,#981);
#980 = CARTESIAN_POINT('',(0.,3.1));
#981 = VECTOR('',#982,1.);
#982 = DIRECTION('',(1.,0.));
#983 = ( GEOMETRIC_REPRESENTATION_CONTEXT(2) 
PARAMETRIC_REPRESENTATION_CONTEXT() REPRESENTATION_CONTEXT('2D SPACE',''
  ) );
#984 = ORIENTED_EDGE('',*,*,#985,.T.);
#985 = EDGE_CURVE('',#957,#986,#988,.T.);
#986 = VERTEX_POINT('',#987);
#987 = CARTESIAN_POINT('',(137.80329953589,67.513166279915,3.));
#988 = SURFACE_CURVE('',#989,(#994,#1005),.PCURVE_S1.);
#989 = CIRCLE('',#990,2.25);
#990 = AXIS2_PLACEMENT_3D('',#991,#992,#993);
#991 = CARTESIAN_POINT('',(140.,68.,3.));
#992 = DIRECTION('',(0.,0.,-1.));
#993 = DIRECTION('',(0.38887962339,0.921288575047,0.));
#994 = PCURVE('',#184,#995);
#995 = DEFINITIONAL_REPRESENTATION('',(#996),#1004);
#996 = ( BOUNDED_CURVE() B_SPLINE_CURVE(2,(#997,#998,#999,#1000,#1001,
#1002,#1003),.UNSPECIFIED.,.T.,.F.) B_SPLINE_CURVE_WITH_KNOTS((1,2,2,2,2
    ,1),(-2.094395102393,0.,2.094395102393,4.188790204786,6.28318530718,
8.377580409573),.UNSPECIFIED.) CURVE() GEOMETRIC_REPRESENTATION_ITEM() 
RATIONAL_B_SPLINE_CURVE((1.,0.5,1.,0.5,1.,0.5,1.)) REPRESENTATION_ITEM(
  '') );
#997 = CARTESIAN_POINT('',(140.87497915262,70.072899293856));
#998 = CARTESIAN_POINT('',(144.46534604855,68.557390945942));
#999 = CARTESIAN_POINT('',(141.35769387165,66.205796179115));
#1000 = CARTESIAN_POINT('',(138.25004169474,63.854201412288));
#1001 = CARTESIAN_POINT('',(137.76732697572,67.721304527029));
#1002 = CARTESIAN_POINT('',(137.28461225669,71.588407641769));
#1003 = CARTESIAN_POINT('',(140.87497915262,70.072899293856));
#1004 = ( GEOMETRIC_REPRESENTATION_CONTEXT(2) 
PARAMETRIC_REPRESENTATION_CONTEXT() REPRESENTATION_CONTEXT('2D SPACE',''
  ) );
#1005 = PCURVE('',#1006,#1011);
#1006 = CYLINDRICAL_SURFACE('',#1007,2.25);
#1007 = AXIS2_PLACEMENT_3D('',#1008,#1009,#1010);
#1008 = CARTESIAN_POINT('',(140.,68.,-0.1));
#1009 = DIRECTION('',(0.,0.,1.));
#1010 = DIRECTION('',(1.,0.,-0.));
#1011 = DEFINITIONAL_REPRESENTATION('',(#1012),#1016);
#1012 = LINE('',#1013,#1014);
#1013 = CARTESIAN_POINT('',(7.454566451224,3.1));
#1014 = VECTOR('',#1015,1.);
#1015 = DIRECTION('',(-1.,-0.));
#1016 = ( GEOMETRIC_REPRESENTATION_CONTEXT(2) 
PARAMETRIC_REPRESENTATION_CONTEXT() REPRESENTATION_CONTEXT('2D SPACE',''
  ) );
#1017 = ORIENTED_EDGE('',*,*,#1018,.F.);
#1018 = EDGE_CURVE('',#1019,#986,#1021,.T.);
#1019 = VERTEX_POINT('',#1020);
#1020 = CARTESIAN_POINT('',(137.5,67.5,3.));
#1021 = SURFACE_CURVE('',#1022,(#1027,#1034),.PCURVE_S1.);
#1022 = CIRCLE('',#1023,3.5);
#1023 = AXIS2_PLACEMENT_3D('',#1024,#1025,#1026);
#1024 = CARTESIAN_POINT('',(137.5,71.,3.));
#1025 = DIRECTION('',(0.,0.,1.));
#1026 = DIRECTION('',(1.,0.,-0.));
#1027 = PCURVE('',#184,#1028);
#1028 = DEFINITIONAL_REPRESENTATION('',(#1029),#1033);
#1029 = CIRCLE('',#1030,3.5);
#1030 = AXIS2_PLACEMENT_2D('',#1031,#1032);
#1031 = CARTESIAN_POINT('',(137.5,71.));
#1032 = DIRECTION('',(1.,0.));
#1033 = ( GEOMETRIC_REPRESENTATION_CONTEXT(2) 
PARAMETRIC_REPRESENTATION_CONTEXT() REPRESENTATION_CONTEXT('2D SPACE',''
  ) );
#1034 = PCURVE('',#1035,#1040);
#1035 = CYLINDRICAL_SURFACE('',#1036,3.5);
#1036 = AXIS2_PLACEMENT_3D('',#1037,#1038,#1039);
#1037 = CARTESIAN_POINT('',(137.5,71.,-0.1));
#1038 = DIRECTION('',(0.,0.,1.));
#1039 = DIRECTION('',(1.,0.,-0.));
#1040 = DEFINITIONAL_REPRESENTATION('',(#1041),#1045);
#1041 = LINE('',#1042,#1043);
#1042 = CARTESIAN_POINT('',(0.,3.1));
#1043 = VECTOR('',#1044,1.);
#1044 = DIRECTION('',(1.,0.));
#1045 = ( GEOMETRIC_REPRESENTATION_CONTEXT(2) 
PARAMETRIC_REPRESENTATION_CONTEXT() REPRESENTATION_CONTEXT('2D SPACE',''
  ) );
#1046 = ORIENTED_EDGE('',*,*,#1047,.T.);
#1047 = EDGE_CURVE('',#1019,#1048,#1050,.T.);
#1048 = VERTEX_POINT('',#1049);
#1049 = CARTESIAN_POINT('',(100.5,67.5,3.));
#1050 = SURFACE_CURVE('',#1051,(#1055,#1061),.PCURVE_S1.);
#1051 = LINE('',#1052,#1053);
#1052 = CARTESIAN_POINT('',(50.25,67.5,3.));
#1053 = VECTOR('',#1054,1.);
#1054 = DIRECTION('',(-1.,0.,0.));
#1055 = PCURVE('',#184,#1056);
#1056 = DEFINITIONAL_REPRESENTATION('',(#1057),#1060);
#1057 = B_SPLINE_CURVE_WITH_KNOTS('',1,(#1058,#1059),.UNSPECIFIED.,.F.,
  .F.,(2,2),(-87.25,-50.25),.PIECEWISE_BEZIER_KNOTS.);
#1058 = CARTESIAN_POINT('',(137.5,67.5));
#1059 = CARTESIAN_POINT('',(100.5,67.5));
#1060 = ( GEOMETRIC_REPRESENTATION_CONTEXT(2) 
PARAMETRIC_REPRESENTATION_CONTEXT() REPRESENTATION_CONTEXT('2D SPACE',''
  ) );
#1061 = PCURVE('',#1062,#1067);
#1062 = PLANE('',#1063);
#1063 = AXIS2_PLACEMENT_3D('',#1064,#1065,#1066);
#1064 = CARTESIAN_POINT('',(100.5,67.5,-0.1));
#1065 = DIRECTION('',(0.,1.,0.));
#1066 = DIRECTION('',(0.,0.,1.));
#1067 = DEFINITIONAL_REPRESENTATION('',(#1068),#1071);
#1068 = B_SPLINE_CURVE_WITH_KNOTS('',1,(#1069,#1070),.UNSPECIFIED.,.F.,
  .F.,(2,2),(-87.25,-50.25),.PIECEWISE_BEZIER_KNOTS.);
#1069 = CARTESIAN_POINT('',(3.1,37.));
#1070 = CARTESIAN_POINT('',(3.1,0.));
#1071 = ( GEOMETRIC_REPRESENTATION_CONTEXT(2) 
PARAMETRIC_REPRESENTATION_CONTEXT() REPRESENTATION_CONTEXT('2D SPACE',''
  ) );
#1072 = ORIENTED_EDGE('',*,*,#1073,.F.);
#1073 = EDGE_CURVE('',#873,#1048,#1074,.T.);
#1074 = SURFACE_CURVE('',#1075,(#1080,#1087),.PCURVE_S1.);
#1075 = CIRCLE('',#1076,3.5);
#1076 = AXIS2_PLACEMENT_3D('',#1077,#1078,#1079);
#1077 = CARTESIAN_POINT('',(100.5,71.,3.));
#1078 = DIRECTION('',(0.,0.,1.));
#1079 = DIRECTION('',(1.,0.,-0.));
#1080 = PCURVE('',#184,#1081);
#1081 = DEFINITIONAL_REPRESENTATION('',(#1082),#1086);
#1082 = CIRCLE('',#1083,3.5);
#1083 = AXIS2_PLACEMENT_2D('',#1084,#1085);
#1084 = CARTESIAN_POINT('',(100.5,71.));
#1085 = DIRECTION('',(1.,0.));
#1086 = ( GEOMETRIC_REPRESENTATION_CONTEXT(2) 
PARAMETRIC_REPRESENTATION_CONTEXT() REPRESENTATION_CONTEXT('2D SPACE',''
  ) );
#1087 = PCURVE('',#1088,#1093);
#1088 = CYLINDRICAL_SURFACE('',#1089,3.5);
#1089 = AXIS2_PLACEMENT_3D('',#1090,#1091,#1092);
#1090 = CARTESIAN_POINT('',(100.5,71.,-0.1));
#1091 = DIRECTION('',(0.,0.,1.));
#1092 = DIRECTION('',(1.,0.,-0.));
#1093 = DEFINITIONAL_REPRESENTATION('',(#1094),#1098);
#1094 = LINE('',#1095,#1096);
#1095 = CARTESIAN_POINT('',(0.,3.1));
#1096 = VECTOR('',#1097,1.);
#1097 = DIRECTION('',(1.,0.));
#1098 = ( GEOMETRIC_REPRESENTATION_CONTEXT(2) 
PARAMETRIC_REPRESENTATION_CONTEXT() REPRESENTATION_CONTEXT('2D SPACE',''
  ) );
#1099 = FACE_BOUND('',#1100,.T.);
#1100 = EDGE_LOOP('',(#1101));
#1101 = ORIENTED_EDGE('',*,*,#1102,.F.);
#1102 = EDGE_CURVE('',#1103,#1103,#1105,.T.);
#1103 = VERTEX_POINT('',#1104);
#1104 = CARTESIAN_POINT('',(142.3,79.,3.));
#1105 = SURFACE_CURVE('',#1106,(#1111,#1118),.PCURVE_S1.);
#1106 = CIRCLE('',#1107,3.3);
#1107 = AXIS2_PLACEMENT_3D('',#1108,#1109,#1110);
#1108 = CARTESIAN_POINT('',(139.,79.,3.));
#1109 = DIRECTION('',(0.,0.,1.));
#1110 = DIRECTION('',(1.,0.,-0.));
#1111 = PCURVE('',#184,#1112);
#1112 = DEFINITIONAL_REPRESENTATION('',(#1113),#1117);
#1113 = CIRCLE('',#1114,3.3);
#1114 = AXIS2_PLACEMENT_2D('',#1115,#1116);
#1115 = CARTESIAN_POINT('',(139.,79.));
#1116 = DIRECTION('',(1.,0.));
#1117 = ( GEOMETRIC_REPRESENTATION_CONTEXT(2) 
PARAMETRIC_REPRESENTATION_CONTEXT() REPRESENTATION_CONTEXT('2D SPACE',''
  ) );
#1118 = PCURVE('',#1119,#1124);
#1119 = CYLINDRICAL_SURFACE('',#1120,3.3);
#1120 = AXIS2_PLACEMENT_3D('',#1121,#1122,#1123);
#1121 = CARTESIAN_POINT('',(139.,79.,-0.1));
#1122 = DIRECTION('',(0.,0.,1.));
#1123 = DIRECTION('',(1.,0.,-0.));
#1124 = DEFINITIONAL_REPRESENTATION('',(#1125),#1129);
#1125 = LINE('',#1126,#1127);
#1126 = CARTESIAN_POINT('',(0.,3.1));
#1127 = VECTOR('',#1128,1.);
#1128 = DIRECTION('',(1.,0.));
#1129 = ( GEOMETRIC_REPRESENTATION_CONTEXT(2) 
PARAMETRIC_REPRESENTATION_CONTEXT() REPRESENTATION_CONTEXT('2D SPACE',''
  ) );
#1130 = FACE_BOUND('',#1131,.T.);
#1131 = EDGE_LOOP('',(#1132));
#1132 = ORIENTED_EDGE('',*,*,#1133,.F.);
#1133 = EDGE_CURVE('',#1134,#1134,#1136,.T.);
#1134 = VERTEX_POINT('',#1135);
#1135 = CARTESIAN_POINT('',(182.25,68.,3.));
#1136 = SURFACE_CURVE('',#1137,(#1142,#1149),.PCURVE_S1.);
#1137 = CIRCLE('',#1138,2.25);
#1138 = AXIS2_PLACEMENT_3D('',#1139,#1140,#1141);
#1139 = CARTESIAN_POINT('',(180.,68.,3.));
#1140 = DIRECTION('',(0.,0.,1.));
#1141 = DIRECTION('',(1.,0.,-0.));
#1142 = PCURVE('',#184,#1143);
#1143 = DEFINITIONAL_REPRESENTATION('',(#1144),#1148);
#1144 = CIRCLE('',#1145,2.25);
#1145 = AXIS2_PLACEMENT_2D('',#1146,#1147);
#1146 = CARTESIAN_POINT('',(180.,68.));
#1147 = DIRECTION('',(1.,0.));
#1148 = ( GEOMETRIC_REPRESENTATION_CONTEXT(2) 
PARAMETRIC_REPRESENTATION_CONTEXT() REPRESENTATION_CONTEXT('2D SPACE',''
  ) );
#1149 = PCURVE('',#1150,#1155);
#1150 = CYLINDRICAL_SURFACE('',#1151,2.25);
#1151 = AXIS2_PLACEMENT_3D('',#1152,#1153,#1154);
#1152 = CARTESIAN_POINT('',(180.,68.,-0.1));
#1153 = DIRECTION('',(0.,0.,1.));
#1154 = DIRECTION('',(1.,0.,-0.));
#1155 = DEFINITIONAL_REPRESENTATION('',(#1156),#1160);
#1156 = LINE('',#1157,#1158);
#1157 = CARTESIAN_POINT('',(0.,3.1));
#1158 = VECTOR('',#1159,1.);
#1159 = DIRECTION('',(1.,0.));
#1160 = ( GEOMETRIC_REPRESENTATION_CONTEXT(2) 
PARAMETRIC_REPRESENTATION_CONTEXT() REPRESENTATION_CONTEXT('2D SPACE',''
  ) );
#1161 = FACE_BOUND('',#1162,.T.);
#1162 = EDGE_LOOP('',(#1163));
#1163 = ORIENTED_EDGE('',*,*,#1164,.F.);
#1164 = EDGE_CURVE('',#1165,#1165,#1167,.T.);
#1165 = VERTEX_POINT('',#1166);
#1166 = CARTESIAN_POINT('',(184.3,79.,3.));
#1167 = SURFACE_CURVE('',#1168,(#1173,#1180),.PCURVE_S1.);
#1168 = CIRCLE('',#1169,3.3);
#1169 = AXIS2_PLACEMENT_3D('',#1170,#1171,#1172);
#1170 = CARTESIAN_POINT('',(181.,79.,3.));
#1171 = DIRECTION('',(0.,0.,1.));
#1172 = DIRECTION('',(1.,0.,-0.));
#1173 = PCURVE('',#184,#1174);
#1174 = DEFINITIONAL_REPRESENTATION('',(#1175),#1179);
#1175 = CIRCLE('',#1176,3.3);
#1176 = AXIS2_PLACEMENT_2D('',#1177,#1178);
#1177 = CARTESIAN_POINT('',(181.,79.));
#1178 = DIRECTION('',(1.,0.));
#1179 = ( GEOMETRIC_REPRESENTATION_CONTEXT(2) 
PARAMETRIC_REPRESENTATION_CONTEXT() REPRESENTATION_CONTEXT('2D SPACE',''
  ) );
#1180 = PCURVE('',#1181,#1186);
#1181 = CYLINDRICAL_SURFACE('',#1182,3.3);
#1182 = AXIS2_PLACEMENT_3D('',#1183,#1184,#1185);
#1183 = CARTESIAN_POINT('',(181.,79.,-0.1));
#1184 = DIRECTION('',(0.,0.,1.));
#1185 = DIRECTION('',(1.,0.,-0.));
#1186 = DEFINITIONAL_REPRESENTATION('',(#1187),#1191);
#1187 = LINE('',#1188,#1189);
#1188 = CARTESIAN_POINT('',(0.,3.1));
#1189 = VECTOR('',#1190,1.);
#1190 = DIRECTION('',(1.,0.));
#1191 = ( GEOMETRIC_REPRESENTATION_CONTEXT(2) 
PARAMETRIC_REPRESENTATION_CONTEXT() REPRESENTATION_CONTEXT('2D SPACE',''
  ) );
#1192 = ADVANCED_FACE('',(#1193),#1181,.F.);
#1193 = FACE_BOUND('',#1194,.F.);
#1194 = EDGE_LOOP('',(#1195,#1196,#1219,#1241));
#1195 = ORIENTED_EDGE('',*,*,#1164,.F.);
#1196 = ORIENTED_EDGE('',*,*,#1197,.F.);
#1197 = EDGE_CURVE('',#1198,#1165,#1200,.T.);
#1198 = VERTEX_POINT('',#1199);
#1199 = CARTESIAN_POINT('',(184.3,79.,0.));
#1200 = SEAM_CURVE('',#1201,(#1205,#1212),.PCURVE_S1.);
#1201 = LINE('',#1202,#1203);
#1202 = CARTESIAN_POINT('',(184.3,79.,-0.1));
#1203 = VECTOR('',#1204,1.);
#1204 = DIRECTION('',(0.,0.,1.));
#1205 = PCURVE('',#1181,#1206);
#1206 = DEFINITIONAL_REPRESENTATION('',(#1207),#1211);
#1207 = LINE('',#1208,#1209);
#1208 = CARTESIAN_POINT('',(6.28318530718,-0.));
#1209 = VECTOR('',#1210,1.);
#1210 = DIRECTION('',(0.,1.));
#1211 = ( GEOMETRIC_REPRESENTATION_CONTEXT(2) 
PARAMETRIC_REPRESENTATION_CONTEXT() REPRESENTATION_CONTEXT('2D SPACE',''
  ) );
#1212 = PCURVE('',#1181,#1213);
#1213 = DEFINITIONAL_REPRESENTATION('',(#1214),#1218);
#1214 = LINE('',#1215,#1216);
#1215 = CARTESIAN_POINT('',(0.,-0.));
#1216 = VECTOR('',#1217,1.);
#1217 = DIRECTION('',(0.,1.));
#1218 = ( GEOMETRIC_REPRESENTATION_CONTEXT(2) 
PARAMETRIC_REPRESENTATION_CONTEXT() REPRESENTATION_CONTEXT('2D SPACE',''
  ) );
#1219 = ORIENTED_EDGE('',*,*,#1220,.T.);
#1220 = EDGE_CURVE('',#1198,#1198,#1221,.T.);
#1221 = SURFACE_CURVE('',#1222,(#1227,#1234),.PCURVE_S1.);
#1222 = CIRCLE('',#1223,3.3);
#1223 = AXIS2_PLACEMENT_3D('',#1224,#1225,#1226);
#1224 = CARTESIAN_POINT('',(181.,79.,0.));
#1225 = DIRECTION('',(0.,0.,1.));
#1226 = DIRECTION('',(1.,0.,-0.));
#1227 = PCURVE('',#1181,#1228);
#1228 = DEFINITIONAL_REPRESENTATION('',(#1229),#1233);
#1229 = LINE('',#1230,#1231);
#1230 = CARTESIAN_POINT('',(0.,0.1));
#1231 = VECTOR('',#1232,1.);
#1232 = DIRECTION('',(1.,0.));
#1233 = ( GEOMETRIC_REPRESENTATION_CONTEXT(2) 
PARAMETRIC_REPRESENTATION_CONTEXT() REPRESENTATION_CONTEXT('2D SPACE',''
  ) );
#1234 = PCURVE('',#72,#1235);
#1235 = DEFINITIONAL_REPRESENTATION('',(#1236),#1240);
#1236 = CIRCLE('',#1237,3.3);
#1237 = AXIS2_PLACEMENT_2D('',#1238,#1239);
#1238 = CARTESIAN_POINT('',(181.,79.));
#1239 = DIRECTION('',(1.,0.));
#1240 = ( GEOMETRIC_REPRESENTATION_CONTEXT(2) 
PARAMETRIC_REPRESENTATION_CONTEXT() REPRESENTATION_CONTEXT('2D SPACE',''
  ) );
#1241 = ORIENTED_EDGE('',*,*,#1197,.T.);
#1242 = ADVANCED_FACE('',(#1243),#1150,.F.);
#1243 = FACE_BOUND('',#1244,.F.);
#1244 = EDGE_LOOP('',(#1245,#1246,#1269,#1291));
#1245 = ORIENTED_EDGE('',*,*,#1133,.F.);
#1246 = ORIENTED_EDGE('',*,*,#1247,.F.);
#1247 = EDGE_CURVE('',#1248,#1134,#1250,.T.);
#1248 = VERTEX_POINT('',#1249);
#1249 = CARTESIAN_POINT('',(182.25,68.,0.));
#1250 = SEAM_CURVE('',#1251,(#1255,#1262),.PCURVE_S1.);
#1251 = LINE('',#1252,#1253);
#1252 = CARTESIAN_POINT('',(182.25,68.,-0.1));
#1253 = VECTOR('',#1254,1.);
#1254 = DIRECTION('',(0.,0.,1.));
#1255 = PCURVE('',#1150,#1256);
#1256 = DEFINITIONAL_REPRESENTATION('',(#1257),#1261);
#1257 = LINE('',#1258,#1259);
#1258 = CARTESIAN_POINT('',(6.28318530718,-0.));
#1259 = VECTOR('',#1260,1.);
#1260 = DIRECTION('',(0.,1.));
#1261 = ( GEOMETRIC_REPRESENTATION_CONTEXT(2) 
PARAMETRIC_REPRESENTATION_CONTEXT() REPRESENTATION_CONTEXT('2D SPACE',''
  ) );
#1262 = PCURVE('',#1150,#1263);
#1263 = DEFINITIONAL_REPRESENTATION('',(#1264),#1268);
#1264 = LINE('',#1265,#1266);
#1265 = CARTESIAN_POINT('',(0.,-0.));
#1266 = VECTOR('',#1267,1.);
#1267 = DIRECTION('',(0.,1.));
#1268 = ( GEOMETRIC_REPRESENTATION_CONTEXT(2) 
PARAMETRIC_REPRESENTATION_CONTEXT() REPRESENTATION_CONTEXT('2D SPACE',''
  ) );
#1269 = ORIENTED_EDGE('',*,*,#1270,.T.);
#1270 = EDGE_CURVE('',#1248,#1248,#1271,.T.);
#1271 = SURFACE_CURVE('',#1272,(#1277,#1284),.PCURVE_S1.);
#1272 = CIRCLE('',#1273,2.25);
#1273 = AXIS2_PLACEMENT_3D('',#1274,#1275,#1276);
#1274 = CARTESIAN_POINT('',(180.,68.,0.));
#1275 = DIRECTION('',(0.,0.,1.));
#1276 = DIRECTION('',(1.,0.,-0.));
#1277 = PCURVE('',#1150,#1278);
#1278 = DEFINITIONAL_REPRESENTATION('',(#1279),#1283);
#1279 = LINE('',#1280,#1281);
#1280 = CARTESIAN_POINT('',(0.,0.1));
#1281 = VECTOR('',#1282,1.);
#1282 = DIRECTION('',(1.,0.));
#1283 = ( GEOMETRIC_REPRESENTATION_CONTEXT(2) 
PARAMETRIC_REPRESENTATION_CONTEXT() REPRESENTATION_CONTEXT('2D SPACE',''
  ) );
#1284 = PCURVE('',#72,#1285);
#1285 = DEFINITIONAL_REPRESENTATION('',(#1286),#1290);
#1286 = CIRCLE('',#1287,2.25);
#1287 = AXIS2_PLACEMENT_2D('',#1288,#1289);
#1288 = CARTESIAN_POINT('',(180.,68.));
#1289 = DIRECTION('',(1.,0.));
#1290 = ( GEOMETRIC_REPRESENTATION_CONTEXT(2) 
PARAMETRIC_REPRESENTATION_CONTEXT() REPRESENTATION_CONTEXT('2D SPACE',''
  ) );
#1291 = ORIENTED_EDGE('',*,*,#1247,.T.);
#1292 = ADVANCED_FACE('',(#1293),#1119,.F.);
#1293 = FACE_BOUND('',#1294,.F.);
#1294 = EDGE_LOOP('',(#1295,#1296,#1319,#1341));
#1295 = ORIENTED_EDGE('',*,*,#1102,.F.);
#1296 = ORIENTED_EDGE('',*,*,#1297,.F.);
#1297 = EDGE_CURVE('',#1298,#1103,#1300,.T.);
#1298 = VERTEX_POINT('',#1299);
#1299 = CARTESIAN_POINT('',(142.3,79.,0.));
#1300 = SEAM_CURVE('',#1301,(#1305,#1312),.PCURVE_S1.);
#1301 = LINE('',#1302,#1303);
#1302 = CARTESIAN_POINT('',(142.3,79.,-0.1));
#1303 = VECTOR('',#1304,1.);
#1304 = DIRECTION('',(0.,0.,1.));
#1305 = PCURVE('',#1119,#1306);
#1306 = DEFINITIONAL_REPRESENTATION('',(#1307),#1311);
#1307 = LINE('',#1308,#1309);
#1308 = CARTESIAN_POINT('',(6.28318530718,-0.));
#1309 = VECTOR('',#1310,1.);
#1310 = DIRECTION('',(0.,1.));
#1311 = ( GEOMETRIC_REPRESENTATION_CONTEXT(2) 
PARAMETRIC_REPRESENTATION_CONTEXT() REPRESENTATION_CONTEXT('2D SPACE',''
  ) );
#1312 = PCURVE('',#1119,#1313);
#1313 = DEFINITIONAL_REPRESENTATION('',(#1314),#1318);
#1314 = LINE('',#1315,#1316);
#1315 = CARTESIAN_POINT('',(0.,-0.));
#1316 = VECTOR('',#1317,1.);
#1317 = DIRECTION('',(0.,1.));
#1318 = ( GEOMETRIC_REPRESENTATION_CONTEXT(2) 
PARAMETRIC_REPRESENTATION_CONTEXT() REPRESENTATION_CONTEXT('2D SPACE',''
  ) );
#1319 = ORIENTED_EDGE('',*,*,#1320,.T.);
#1320 = EDGE_CURVE('',#1298,#1298,#1321,.T.);
#1321 = SURFACE_CURVE('',#1322,(#1327,#1334),.PCURVE_S1.);
#1322 = CIRCLE('',#1323,3.3);
#1323 = AXIS2_PLACEMENT_3D('',#1324,#1325,#1326);
#1324 = CARTESIAN_POINT('',(139.,79.,0.));
#1325 = DIRECTION('',(0.,0.,1.));
#1326 = DIRECTION('',(1.,0.,-0.));
#1327 = PCURVE('',#1119,#1328);
#1328 = DEFINITIONAL_REPRESENTATION('',(#1329),#1333);
#1329 = LINE('',#1330,#1331);
#1330 = CARTESIAN_POINT('',(0.,0.1));
#1331 = VECTOR('',#1332,1.);
#1332 = DIRECTION('',(1.,0.));
#1333 = ( GEOMETRIC_REPRESENTATION_CONTEXT(2) 
PARAMETRIC_REPRESENTATION_CONTEXT() REPRESENTATION_CONTEXT('2D SPACE',''
  ) );
#1334 = PCURVE('',#72,#1335);
#1335 = DEFINITIONAL_REPRESENTATION('',(#1336),#1340);
#1336 = CIRCLE('',#1337,3.3);
#1337 = AXIS2_PLACEMENT_2D('',#1338,#1339);
#1338 = CARTESIAN_POINT('',(139.,79.));
#1339 = DIRECTION('',(1.,0.));
#1340 = ( GEOMETRIC_REPRESENTATION_CONTEXT(2) 
PARAMETRIC_REPRESENTATION_CONTEXT() REPRESENTATION_CONTEXT('2D SPACE',''
  ) );
#1341 = ORIENTED_EDGE('',*,*,#1297,.T.);
#1342 = ADVANCED_FACE('',(#1343),#1088,.F.);
#1343 = FACE_BOUND('',#1344,.F.);
#1344 = EDGE_LOOP('',(#1345,#1368,#1369,#1390));
#1345 = ORIENTED_EDGE('',*,*,#1346,.T.);
#1346 = EDGE_CURVE('',#1347,#1048,#1349,.T.);
#1347 = VERTEX_POINT('',#1348);
#1348 = CARTESIAN_POINT('',(100.5,67.5,0.));
#1349 = SURFACE_CURVE('',#1350,(#1354,#1361),.PCURVE_S1.);
#1350 = LINE('',#1351,#1352);
#1351 = CARTESIAN_POINT('',(100.5,67.5,-0.1));
#1352 = VECTOR('',#1353,1.);
#1353 = DIRECTION('',(0.,0.,1.));
#1354 = PCURVE('',#1088,#1355);
#1355 = DEFINITIONAL_REPRESENTATION('',(#1356),#1360);
#1356 = LINE('',#1357,#1358);
#1357 = CARTESIAN_POINT('',(4.712388980385,0.));
#1358 = VECTOR('',#1359,1.);
#1359 = DIRECTION('',(0.,1.));
#1360 = ( GEOMETRIC_REPRESENTATION_CONTEXT(2) 
PARAMETRIC_REPRESENTATION_CONTEXT() REPRESENTATION_CONTEXT('2D SPACE',''
  ) );
#1361 = PCURVE('',#1062,#1362);
#1362 = DEFINITIONAL_REPRESENTATION('',(#1363),#1367);
#1363 = LINE('',#1364,#1365);
#1364 = CARTESIAN_POINT('',(0.,0.));
#1365 = VECTOR('',#1366,1.);
#1366 = DIRECTION('',(1.,0.));
#1367 = ( GEOMETRIC_REPRESENTATION_CONTEXT(2) 
PARAMETRIC_REPRESENTATION_CONTEXT() REPRESENTATION_CONTEXT('2D SPACE',''
  ) );
#1368 = ORIENTED_EDGE('',*,*,#1073,.F.);
#1369 = ORIENTED_EDGE('',*,*,#1370,.F.);
#1370 = EDGE_CURVE('',#1371,#873,#1373,.T.);
#1371 = VERTEX_POINT('',#1372);
#1372 = CARTESIAN_POINT('',(97.002959199136,70.856105465371,0.));
#1373 = SURFACE_CURVE('',#1374,(#1378,#1384),.PCURVE_S1.);
#1374 = LINE('',#1375,#1376);
#1375 = CARTESIAN_POINT('',(97.002959199136,70.856105465371,-0.1));
#1376 = VECTOR('',#1377,1.);
#1377 = DIRECTION('',(0.,0.,1.));
#1378 = PCURVE('',#1088,#1379);
#1379 = DEFINITIONAL_REPRESENTATION('',(#1380),#1383);
#1380 = B_SPLINE_CURVE_WITH_KNOTS('',1,(#1381,#1382),.UNSPECIFIED.,.F.,
  .F.,(2,2),(9.99994E-02,3.1000006),.PIECEWISE_BEZIER_KNOTS.);
#1381 = CARTESIAN_POINT('',(3.182716968426,9.99994E-02));
#1382 = CARTESIAN_POINT('',(3.182716968426,3.1000006));
#1383 = ( GEOMETRIC_REPRESENTATION_CONTEXT(2) 
PARAMETRIC_REPRESENTATION_CONTEXT() REPRESENTATION_CONTEXT('2D SPACE',''
  ) );
#1384 = PCURVE('',#889,#1385);
#1385 = DEFINITIONAL_REPRESENTATION('',(#1386),#1389);
#1386 = B_SPLINE_CURVE_WITH_KNOTS('',1,(#1387,#1388),.UNSPECIFIED.,.F.,
  .F.,(2,2),(9.99994E-02,3.1000006),.PIECEWISE_BEZIER_KNOTS.);
#1387 = CARTESIAN_POINT('',(5.02120096032,9.99994E-02));
#1388 = CARTESIAN_POINT('',(5.02120096032,3.1000006));
#1389 = ( GEOMETRIC_REPRESENTATION_CONTEXT(2) 
PARAMETRIC_REPRESENTATION_CONTEXT() REPRESENTATION_CONTEXT('2D SPACE',''
  ) );
#1390 = ORIENTED_EDGE('',*,*,#1391,.T.);
#1391 = EDGE_CURVE('',#1371,#1347,#1392,.T.);
#1392 = SURFACE_CURVE('',#1393,(#1398,#1405),.PCURVE_S1.);
#1393 = CIRCLE('',#1394,3.5);
#1394 = AXIS2_PLACEMENT_3D('',#1395,#1396,#1397);
#1395 = CARTESIAN_POINT('',(100.5,71.,0.));
#1396 = DIRECTION('',(0.,0.,1.));
#1397 = DIRECTION('',(1.,0.,-0.));
#1398 = PCURVE('',#1088,#1399);
#1399 = DEFINITIONAL_REPRESENTATION('',(#1400),#1404);
#1400 = LINE('',#1401,#1402);
#1401 = CARTESIAN_POINT('',(0.,0.1));
#1402 = VECTOR('',#1403,1.);
#1403 = DIRECTION('',(1.,0.));
#1404 = ( GEOMETRIC_REPRESENTATION_CONTEXT(2) 
PARAMETRIC_REPRESENTATION_CONTEXT() REPRESENTATION_CONTEXT('2D SPACE',''
  ) );
#1405 = PCURVE('',#72,#1406);
#1406 = DEFINITIONAL_REPRESENTATION('',(#1407),#1411);
#1407 = CIRCLE('',#1408,3.5);
#1408 = AXIS2_PLACEMENT_2D('',#1409,#1410);
#1409 = CARTESIAN_POINT('',(100.5,71.));
#1410 = DIRECTION('',(1.,0.));
#1411 = ( GEOMETRIC_REPRESENTATION_CONTEXT(2) 
PARAMETRIC_REPRESENTATION_CONTEXT() REPRESENTATION_CONTEXT('2D SPACE',''
  ) );
#1412 = ADVANCED_FACE('',(#1413),#1062,.T.);
#1413 = FACE_BOUND('',#1414,.T.);
#1414 = EDGE_LOOP('',(#1415,#1437,#1456,#1457));
#1415 = ORIENTED_EDGE('',*,*,#1416,.F.);
#1416 = EDGE_CURVE('',#1417,#1019,#1419,.T.);
#1417 = VERTEX_POINT('',#1418);
#1418 = CARTESIAN_POINT('',(137.5,67.5,0.));
#1419 = SURFACE_CURVE('',#1420,(#1424,#1431),.PCURVE_S1.);
#1420 = LINE('',#1421,#1422);
#1421 = CARTESIAN_POINT('',(137.5,67.5,-0.1));
#1422 = VECTOR('',#1423,1.);
#1423 = DIRECTION('',(0.,0.,1.));
#1424 = PCURVE('',#1062,#1425);
#1425 = DEFINITIONAL_REPRESENTATION('',(#1426),#1430);
#1426 = LINE('',#1427,#1428);
#1427 = CARTESIAN_POINT('',(0.,37.));
#1428 = VECTOR('',#1429,1.);
#1429 = DIRECTION('',(1.,0.));
#1430 = ( GEOMETRIC_REPRESENTATION_CONTEXT(2) 
PARAMETRIC_REPRESENTATION_CONTEXT() REPRESENTATION_CONTEXT('2D SPACE',''
  ) );
#1431 = PCURVE('',#1035,#1432);
#1432 = DEFINITIONAL_REPRESENTATION('',(#1433),#1436);
#1433 = B_SPLINE_CURVE_WITH_KNOTS('',1,(#1434,#1435),.UNSPECIFIED.,.F.,
  .F.,(2,2),(0.,3.2),.PIECEWISE_BEZIER_KNOTS.);
#1434 = CARTESIAN_POINT('',(4.712388980385,0.));
#1435 = CARTESIAN_POINT('',(4.712388980385,3.2));
#1436 = ( GEOMETRIC_REPRESENTATION_CONTEXT(2) 
PARAMETRIC_REPRESENTATION_CONTEXT() REPRESENTATION_CONTEXT('2D SPACE',''
  ) );
#1437 = ORIENTED_EDGE('',*,*,#1438,.T.);
#1438 = EDGE_CURVE('',#1417,#1347,#1439,.T.);
#1439 = SURFACE_CURVE('',#1440,(#1444,#1450),.PCURVE_S1.);
#1440 = LINE('',#1441,#1442);
#1441 = CARTESIAN_POINT('',(50.25,67.5,0.));
#1442 = VECTOR('',#1443,1.);
#1443 = DIRECTION('',(-1.,0.,0.));
#1444 = PCURVE('',#1062,#1445);
#1445 = DEFINITIONAL_REPRESENTATION('',(#1446),#1449);
#1446 = B_SPLINE_CURVE_WITH_KNOTS('',1,(#1447,#1448),.UNSPECIFIED.,.F.,
  .F.,(2,2),(-87.25,-50.25),.PIECEWISE_BEZIER_KNOTS.);
#1447 = CARTESIAN_POINT('',(0.1,37.));
#1448 = CARTESIAN_POINT('',(0.1,0.));
#1449 = ( GEOMETRIC_REPRESENTATION_CONTEXT(2) 
PARAMETRIC_REPRESENTATION_CONTEXT() REPRESENTATION_CONTEXT('2D SPACE',''
  ) );
#1450 = PCURVE('',#72,#1451);
#1451 = DEFINITIONAL_REPRESENTATION('',(#1452),#1455);
#1452 = B_SPLINE_CURVE_WITH_KNOTS('',1,(#1453,#1454),.UNSPECIFIED.,.F.,
  .F.,(2,2),(-87.25,-50.25),.PIECEWISE_BEZIER_KNOTS.);
#1453 = CARTESIAN_POINT('',(137.5,67.5));
#1454 = CARTESIAN_POINT('',(100.5,67.5));
#1455 = ( GEOMETRIC_REPRESENTATION_CONTEXT(2) 
PARAMETRIC_REPRESENTATION_CONTEXT() REPRESENTATION_CONTEXT('2D SPACE',''
  ) );
#1456 = ORIENTED_EDGE('',*,*,#1346,.T.);
#1457 = ORIENTED_EDGE('',*,*,#1047,.F.);
#1458 = ADVANCED_FACE('',(#1459),#1035,.F.);
#1459 = FACE_BOUND('',#1460,.F.);
#1460 = EDGE_LOOP('',(#1461,#1462,#1486,#1505));
#1461 = ORIENTED_EDGE('',*,*,#1416,.F.);
#1462 = ORIENTED_EDGE('',*,*,#1463,.T.);
#1463 = EDGE_CURVE('',#1417,#1464,#1466,.T.);
#1464 = VERTEX_POINT('',#1465);
#1465 = CARTESIAN_POINT('',(137.80329953589,67.513166279915,0.));
#1466 = SURFACE_CURVE('',#1467,(#1472,#1479),.PCURVE_S1.);
#1467 = CIRCLE('',#1468,3.5);
#1468 = AXIS2_PLACEMENT_3D('',#1469,#1470,#1471);
#1469 = CARTESIAN_POINT('',(137.5,71.,0.));
#1470 = DIRECTION('',(0.,0.,1.));
#1471 = DIRECTION('',(1.,0.,-0.));
#1472 = PCURVE('',#1035,#1473);
#1473 = DEFINITIONAL_REPRESENTATION('',(#1474),#1478);
#1474 = LINE('',#1475,#1476);
#1475 = CARTESIAN_POINT('',(0.,0.1));
#1476 = VECTOR('',#1477,1.);
#1477 = DIRECTION('',(1.,0.));
#1478 = ( GEOMETRIC_REPRESENTATION_CONTEXT(2) 
PARAMETRIC_REPRESENTATION_CONTEXT() REPRESENTATION_CONTEXT('2D SPACE',''
  ) );
#1479 = PCURVE('',#72,#1480);
#1480 = DEFINITIONAL_REPRESENTATION('',(#1481),#1485);
#1481 = CIRCLE('',#1482,3.5);
#1482 = AXIS2_PLACEMENT_2D('',#1483,#1484);
#1483 = CARTESIAN_POINT('',(137.5,71.));
#1484 = DIRECTION('',(1.,0.));
#1485 = ( GEOMETRIC_REPRESENTATION_CONTEXT(2) 
PARAMETRIC_REPRESENTATION_CONTEXT() REPRESENTATION_CONTEXT('2D SPACE',''
  ) );
#1486 = ORIENTED_EDGE('',*,*,#1487,.T.);
#1487 = EDGE_CURVE('',#1464,#986,#1488,.T.);
#1488 = SURFACE_CURVE('',#1489,(#1493,#1499),.PCURVE_S1.);
#1489 = LINE('',#1490,#1491);
#1490 = CARTESIAN_POINT('',(137.80329953589,67.513166279915,-0.1));
#1491 = VECTOR('',#1492,1.);
#1492 = DIRECTION('',(0.,0.,1.));
#1493 = PCURVE('',#1035,#1494);
#1494 = DEFINITIONAL_REPRESENTATION('',(#1495),#1498);
#1495 = B_SPLINE_CURVE_WITH_KNOTS('',1,(#1496,#1497),.UNSPECIFIED.,.F.,
  .F.,(2,2),(9.99994E-02,3.1000006),.PIECEWISE_BEZIER_KNOTS.);
#1496 = CARTESIAN_POINT('',(4.799154816359,9.99994E-02));
#1497 = CARTESIAN_POINT('',(4.799154816359,3.1000006));
#1498 = ( GEOMETRIC_REPRESENTATION_CONTEXT(2) 
PARAMETRIC_REPRESENTATION_CONTEXT() REPRESENTATION_CONTEXT('2D SPACE',''
  ) );
#1499 = PCURVE('',#1006,#1500);
#1500 = DEFINITIONAL_REPRESENTATION('',(#1501),#1504);
#1501 = B_SPLINE_CURVE_WITH_KNOTS('',1,(#1502,#1503),.UNSPECIFIED.,.F.,
  .F.,(2,2),(0.1,3.1),.PIECEWISE_BEZIER_KNOTS.);
#1502 = CARTESIAN_POINT('',(3.359688061939,0.1));
#1503 = CARTESIAN_POINT('',(3.359688061939,3.1));
#1504 = ( GEOMETRIC_REPRESENTATION_CONTEXT(2) 
PARAMETRIC_REPRESENTATION_CONTEXT() REPRESENTATION_CONTEXT('2D SPACE',''
  ) );
#1505 = ORIENTED_EDGE('',*,*,#1018,.F.);
#1506 = ADVANCED_FACE('',(#1507),#1006,.F.);
#1507 = FACE_BOUND('',#1508,.F.);
#1508 = EDGE_LOOP('',(#1509,#1533,#1552,#1553));
#1509 = ORIENTED_EDGE('',*,*,#1510,.T.);
#1510 = EDGE_CURVE('',#1464,#1511,#1513,.T.);
#1511 = VERTEX_POINT('',#1512);
#1512 = CARTESIAN_POINT('',(140.87497915262,70.072899293856,0.));
#1513 = SURFACE_CURVE('',#1514,(#1519,#1526),.PCURVE_S1.);
#1514 = CIRCLE('',#1515,2.25);
#1515 = AXIS2_PLACEMENT_3D('',#1516,#1517,#1518);
#1516 = CARTESIAN_POINT('',(140.,68.,0.));
#1517 = DIRECTION('',(0.,0.,1.));
#1518 = DIRECTION('',(-0.976311317379,-0.21637054226,0.));
#1519 = PCURVE('',#1006,#1520);
#1520 = DEFINITIONAL_REPRESENTATION('',(#1521),#1525);
#1521 = LINE('',#1522,#1523);
#1522 = CARTESIAN_POINT('',(3.359688061939,0.1));
#1523 = VECTOR('',#1524,1.);
#1524 = DIRECTION('',(1.,0.));
#1525 = ( GEOMETRIC_REPRESENTATION_CONTEXT(2) 
PARAMETRIC_REPRESENTATION_CONTEXT() REPRESENTATION_CONTEXT('2D SPACE',''
  ) );
#1526 = PCURVE('',#72,#1527);
#1527 = DEFINITIONAL_REPRESENTATION('',(#1528),#1532);
#1528 = CIRCLE('',#1529,2.25);
#1529 = AXIS2_PLACEMENT_2D('',#1530,#1531);
#1530 = CARTESIAN_POINT('',(140.,68.));
#1531 = DIRECTION('',(-0.976311317379,-0.21637054226));
#1532 = ( GEOMETRIC_REPRESENTATION_CONTEXT(2) 
PARAMETRIC_REPRESENTATION_CONTEXT() REPRESENTATION_CONTEXT('2D SPACE',''
  ) );
#1533 = ORIENTED_EDGE('',*,*,#1534,.T.);
#1534 = EDGE_CURVE('',#1511,#957,#1535,.T.);
#1535 = SURFACE_CURVE('',#1536,(#1540,#1546),.PCURVE_S1.);
#1536 = LINE('',#1537,#1538);
#1537 = CARTESIAN_POINT('',(140.87497915262,70.072899293856,-0.1));
#1538 = VECTOR('',#1539,1.);
#1539 = DIRECTION('',(0.,0.,1.));
#1540 = PCURVE('',#1006,#1541);
#1541 = DEFINITIONAL_REPRESENTATION('',(#1542),#1545);
#1542 = B_SPLINE_CURVE_WITH_KNOTS('',1,(#1543,#1544),.UNSPECIFIED.,.F.,
  .F.,(2,2),(0.1,3.1),.PIECEWISE_BEZIER_KNOTS.);
#1543 = CARTESIAN_POINT('',(7.454566451224,0.1));
#1544 = CARTESIAN_POINT('',(7.454566451224,3.1));
#1545 = ( GEOMETRIC_REPRESENTATION_CONTEXT(2) 
PARAMETRIC_REPRESENTATION_CONTEXT() REPRESENTATION_CONTEXT('2D SPACE',''
  ) );
#1546 = PCURVE('',#973,#1547);
#1547 = DEFINITIONAL_REPRESENTATION('',(#1548),#1551);
#1548 = B_SPLINE_CURVE_WITH_KNOTS('',1,(#1549,#1550),.UNSPECIFIED.,.F.,
  .F.,(2,2),(9.99994E-02,3.1000006),.PIECEWISE_BEZIER_KNOTS.);
#1549 = CARTESIAN_POINT('',(6.015099696804,9.99994E-02));
#1550 = CARTESIAN_POINT('',(6.015099696804,3.1000006));
#1551 = ( GEOMETRIC_REPRESENTATION_CONTEXT(2) 
PARAMETRIC_REPRESENTATION_CONTEXT() REPRESENTATION_CONTEXT('2D SPACE',''
  ) );
#1552 = ORIENTED_EDGE('',*,*,#985,.T.);
#1553 = ORIENTED_EDGE('',*,*,#1487,.F.);
#1554 = ADVANCED_FACE('',(#1555),#973,.F.);
#1555 = FACE_BOUND('',#1556,.F.);
#1556 = EDGE_LOOP('',(#1557,#1581,#1601,#1602));
#1557 = ORIENTED_EDGE('',*,*,#1558,.T.);
#1558 = EDGE_CURVE('',#1511,#1559,#1561,.T.);
#1559 = VERTEX_POINT('',#1560);
#1560 = CARTESIAN_POINT('',(137.5,74.5,0.));
#1561 = SURFACE_CURVE('',#1562,(#1567,#1574),.PCURVE_S1.);
#1562 = CIRCLE('',#1563,3.5);
#1563 = AXIS2_PLACEMENT_3D('',#1564,#1565,#1566);
#1564 = CARTESIAN_POINT('',(137.5,71.,0.));
#1565 = DIRECTION('',(0.,0.,1.));
#1566 = DIRECTION('',(1.,0.,-0.));
#1567 = PCURVE('',#973,#1568);
#1568 = DEFINITIONAL_REPRESENTATION('',(#1569),#1573);
#1569 = LINE('',#1570,#1571);
#1570 = CARTESIAN_POINT('',(0.,0.1));
#1571 = VECTOR('',#1572,1.);
#1572 = DIRECTION('',(1.,0.));
#1573 = ( GEOMETRIC_REPRESENTATION_CONTEXT(2) 
PARAMETRIC_REPRESENTATION_CONTEXT() REPRESENTATION_CONTEXT('2D SPACE',''
  ) );
#1574 = PCURVE('',#72,#1575);
#1575 = DEFINITIONAL_REPRESENTATION('',(#1576),#1580);
#1576 = CIRCLE('',#1577,3.5);
#1577 = AXIS2_PLACEMENT_2D('',#1578,#1579);
#1578 = CARTESIAN_POINT('',(137.5,71.));
#1579 = DIRECTION('',(1.,0.));
#1580 = ( GEOMETRIC_REPRESENTATION_CONTEXT(2) 
PARAMETRIC_REPRESENTATION_CONTEXT() REPRESENTATION_CONTEXT('2D SPACE',''
  ) );
#1581 = ORIENTED_EDGE('',*,*,#1582,.T.);
#1582 = EDGE_CURVE('',#1559,#931,#1583,.T.);
#1583 = SURFACE_CURVE('',#1584,(#1588,#1594),.PCURVE_S1.);
#1584 = LINE('',#1585,#1586);
#1585 = CARTESIAN_POINT('',(137.5,74.5,-0.1));
#1586 = VECTOR('',#1587,1.);
#1587 = DIRECTION('',(0.,0.,1.));
#1588 = PCURVE('',#973,#1589);
#1589 = DEFINITIONAL_REPRESENTATION('',(#1590),#1593);
#1590 = B_SPLINE_CURVE_WITH_KNOTS('',1,(#1591,#1592),.UNSPECIFIED.,.F.,
  .F.,(2,2),(0.,3.2),.PIECEWISE_BEZIER_KNOTS.);
#1591 = CARTESIAN_POINT('',(7.853981633974,0.));
#1592 = CARTESIAN_POINT('',(7.853981633974,3.2));
#1593 = ( GEOMETRIC_REPRESENTATION_CONTEXT(2) 
PARAMETRIC_REPRESENTATION_CONTEXT() REPRESENTATION_CONTEXT('2D SPACE',''
  ) );
#1594 = PCURVE('',#945,#1595);
#1595 = DEFINITIONAL_REPRESENTATION('',(#1596),#1600);
#1596 = LINE('',#1597,#1598);
#1597 = CARTESIAN_POINT('',(0.,37.));
#1598 = VECTOR('',#1599,1.);
#1599 = DIRECTION('',(1.,0.));
#1600 = ( GEOMETRIC_REPRESENTATION_CONTEXT(2) 
PARAMETRIC_REPRESENTATION_CONTEXT() REPRESENTATION_CONTEXT('2D SPACE',''
  ) );
#1601 = ORIENTED_EDGE('',*,*,#956,.F.);
#1602 = ORIENTED_EDGE('',*,*,#1534,.F.);
#1603 = ADVANCED_FACE('',(#1604),#945,.F.);
#1604 = FACE_BOUND('',#1605,.F.);
#1605 = EDGE_LOOP('',(#1606,#1607,#1628,#1649));
#1606 = ORIENTED_EDGE('',*,*,#1582,.F.);
#1607 = ORIENTED_EDGE('',*,*,#1608,.T.);
#1608 = EDGE_CURVE('',#1559,#1609,#1611,.T.);
#1609 = VERTEX_POINT('',#1610);
#1610 = CARTESIAN_POINT('',(100.5,74.5,0.));
#1611 = SURFACE_CURVE('',#1612,(#1616,#1622),.PCURVE_S1.);
#1612 = LINE('',#1613,#1614);
#1613 = CARTESIAN_POINT('',(50.25,74.5,0.));
#1614 = VECTOR('',#1615,1.);
#1615 = DIRECTION('',(-1.,0.,0.));
#1616 = PCURVE('',#945,#1617);
#1617 = DEFINITIONAL_REPRESENTATION('',(#1618),#1621);
#1618 = B_SPLINE_CURVE_WITH_KNOTS('',1,(#1619,#1620),.UNSPECIFIED.,.F.,
  .F.,(2,2),(-87.25,-50.25),.PIECEWISE_BEZIER_KNOTS.);
#1619 = CARTESIAN_POINT('',(0.1,37.));
#1620 = CARTESIAN_POINT('',(0.1,0.));
#1621 = ( GEOMETRIC_REPRESENTATION_CONTEXT(2) 
PARAMETRIC_REPRESENTATION_CONTEXT() REPRESENTATION_CONTEXT('2D SPACE',''
  ) );
#1622 = PCURVE('',#72,#1623);
#1623 = DEFINITIONAL_REPRESENTATION('',(#1624),#1627);
#1624 = B_SPLINE_CURVE_WITH_KNOTS('',1,(#1625,#1626),.UNSPECIFIED.,.F.,
  .F.,(2,2),(-87.25,-50.25),.PIECEWISE_BEZIER_KNOTS.);
#1625 = CARTESIAN_POINT('',(137.5,74.5));
#1626 = CARTESIAN_POINT('',(100.5,74.5));
#1627 = ( GEOMETRIC_REPRESENTATION_CONTEXT(2) 
PARAMETRIC_REPRESENTATION_CONTEXT() REPRESENTATION_CONTEXT('2D SPACE',''
  ) );
#1628 = ORIENTED_EDGE('',*,*,#1629,.T.);
#1629 = EDGE_CURVE('',#1609,#902,#1630,.T.);
#1630 = SURFACE_CURVE('',#1631,(#1635,#1642),.PCURVE_S1.);
#1631 = LINE('',#1632,#1633);
#1632 = CARTESIAN_POINT('',(100.5,74.5,-0.1));
#1633 = VECTOR('',#1634,1.);
#1634 = DIRECTION('',(0.,0.,1.));
#1635 = PCURVE('',#945,#1636);
#1636 = DEFINITIONAL_REPRESENTATION('',(#1637),#1641);
#1637 = LINE('',#1638,#1639);
#1638 = CARTESIAN_POINT('',(0.,0.));
#1639 = VECTOR('',#1640,1.);
#1640 = DIRECTION('',(1.,0.));
#1641 = ( GEOMETRIC_REPRESENTATION_CONTEXT(2) 
PARAMETRIC_REPRESENTATION_CONTEXT() REPRESENTATION_CONTEXT('2D SPACE',''
  ) );
#1642 = PCURVE('',#918,#1643);
#1643 = DEFINITIONAL_REPRESENTATION('',(#1644),#1648);
#1644 = LINE('',#1645,#1646);
#1645 = CARTESIAN_POINT('',(1.570796326795,0.));
#1646 = VECTOR('',#1647,1.);
#1647 = DIRECTION('',(0.,1.));
#1648 = ( GEOMETRIC_REPRESENTATION_CONTEXT(2) 
PARAMETRIC_REPRESENTATION_CONTEXT() REPRESENTATION_CONTEXT('2D SPACE',''
  ) );
#1649 = ORIENTED_EDGE('',*,*,#930,.F.);
#1650 = ADVANCED_FACE('',(#1651),#918,.F.);
#1651 = FACE_BOUND('',#1652,.F.);
#1652 = EDGE_LOOP('',(#1653,#1654,#1655,#1679));
#1653 = ORIENTED_EDGE('',*,*,#901,.F.);
#1654 = ORIENTED_EDGE('',*,*,#1629,.F.);
#1655 = ORIENTED_EDGE('',*,*,#1656,.T.);
#1656 = EDGE_CURVE('',#1609,#1657,#1659,.T.);
#1657 = VERTEX_POINT('',#1658);
#1658 = CARTESIAN_POINT('',(99.287810031633,74.283381714116,0.));
#1659 = SURFACE_CURVE('',#1660,(#1665,#1672),.PCURVE_S1.);
#1660 = CIRCLE('',#1661,3.5);
#1661 = AXIS2_PLACEMENT_3D('',#1662,#1663,#1664);
#1662 = CARTESIAN_POINT('',(100.5,71.,0.));
#1663 = DIRECTION('',(0.,0.,1.));
#1664 = DIRECTION('',(1.,0.,-0.));
#1665 = PCURVE('',#918,#1666);
#1666 = DEFINITIONAL_REPRESENTATION('',(#1667),#1671);
#1667 = LINE('',#1668,#1669);
#1668 = CARTESIAN_POINT('',(0.,0.1));
#1669 = VECTOR('',#1670,1.);
#1670 = DIRECTION('',(1.,0.));
#1671 = ( GEOMETRIC_REPRESENTATION_CONTEXT(2) 
PARAMETRIC_REPRESENTATION_CONTEXT() REPRESENTATION_CONTEXT('2D SPACE',''
  ) );
#1672 = PCURVE('',#72,#1673);
#1673 = DEFINITIONAL_REPRESENTATION('',(#1674),#1678);
#1674 = CIRCLE('',#1675,3.5);
#1675 = AXIS2_PLACEMENT_2D('',#1676,#1677);
#1676 = CARTESIAN_POINT('',(100.5,71.));
#1677 = DIRECTION('',(1.,0.));
#1678 = ( GEOMETRIC_REPRESENTATION_CONTEXT(2) 
PARAMETRIC_REPRESENTATION_CONTEXT() REPRESENTATION_CONTEXT('2D SPACE',''
  ) );
#1679 = ORIENTED_EDGE('',*,*,#1680,.T.);
#1680 = EDGE_CURVE('',#1657,#871,#1681,.T.);
#1681 = SURFACE_CURVE('',#1682,(#1686,#1692),.PCURVE_S1.);
#1682 = LINE('',#1683,#1684);
#1683 = CARTESIAN_POINT('',(99.287810031633,74.283381714116,-0.1));
#1684 = VECTOR('',#1685,1.);
#1685 = DIRECTION('',(0.,0.,1.));
#1686 = PCURVE('',#918,#1687);
#1687 = DEFINITIONAL_REPRESENTATION('',(#1688),#1691);
#1688 = B_SPLINE_CURVE_WITH_KNOTS('',1,(#1689,#1690),.UNSPECIFIED.,.F.,
  .F.,(2,2),(9.99994E-02,3.1000006),.PIECEWISE_BEZIER_KNOTS.);
#1689 = CARTESIAN_POINT('',(1.924463131658,9.99994E-02));
#1690 = CARTESIAN_POINT('',(1.924463131658,3.1000006));
#1691 = ( GEOMETRIC_REPRESENTATION_CONTEXT(2) 
PARAMETRIC_REPRESENTATION_CONTEXT() REPRESENTATION_CONTEXT('2D SPACE',''
  ) );
#1692 = PCURVE('',#889,#1693);
#1693 = DEFINITIONAL_REPRESENTATION('',(#1694),#1697);
#1694 = B_SPLINE_CURVE_WITH_KNOTS('',1,(#1695,#1696),.UNSPECIFIED.,.F.,
  .F.,(2,2),(9.99994E-02,3.1000006),.PIECEWISE_BEZIER_KNOTS.);
#1695 = CARTESIAN_POINT('',(8.59791397648E-02,9.99994E-02));
#1696 = CARTESIAN_POINT('',(8.59791397648E-02,3.1000006));
#1697 = ( GEOMETRIC_REPRESENTATION_CONTEXT(2) 
PARAMETRIC_REPRESENTATION_CONTEXT() REPRESENTATION_CONTEXT('2D SPACE',''
  ) );
#1698 = ADVANCED_FACE('',(#1699),#889,.F.);
#1699 = FACE_BOUND('',#1700,.F.);
#1700 = EDGE_LOOP('',(#1701,#1702,#1703,#1725));
#1701 = ORIENTED_EDGE('',*,*,#870,.F.);
#1702 = ORIENTED_EDGE('',*,*,#1680,.F.);
#1703 = ORIENTED_EDGE('',*,*,#1704,.T.);
#1704 = EDGE_CURVE('',#1657,#1371,#1705,.T.);
#1705 = SURFACE_CURVE('',#1706,(#1711,#1718),.PCURVE_S1.);
#1706 = CIRCLE('',#1707,3.3);
#1707 = AXIS2_PLACEMENT_3D('',#1708,#1709,#1710);
#1708 = CARTESIAN_POINT('',(96.,74.,0.));
#1709 = DIRECTION('',(0.,0.,1.));
#1710 = DIRECTION('',(1.,0.,-0.));
#1711 = PCURVE('',#889,#1712);
#1712 = DEFINITIONAL_REPRESENTATION('',(#1713),#1717);
#1713 = LINE('',#1714,#1715);
#1714 = CARTESIAN_POINT('',(0.,0.1));
#1715 = VECTOR('',#1716,1.);
#1716 = DIRECTION('',(1.,0.));
#1717 = ( GEOMETRIC_REPRESENTATION_CONTEXT(2) 
PARAMETRIC_REPRESENTATION_CONTEXT() REPRESENTATION_CONTEXT('2D SPACE',''
  ) );
#1718 = PCURVE('',#72,#1719);
#1719 = DEFINITIONAL_REPRESENTATION('',(#1720),#1724);
#1720 = CIRCLE('',#1721,3.3);
#1721 = AXIS2_PLACEMENT_2D('',#1722,#1723);
#1722 = CARTESIAN_POINT('',(96.,74.));
#1723 = DIRECTION('',(1.,0.));
#1724 = ( GEOMETRIC_REPRESENTATION_CONTEXT(2) 
PARAMETRIC_REPRESENTATION_CONTEXT() REPRESENTATION_CONTEXT('2D SPACE',''
  ) );
#1725 = ORIENTED_EDGE('',*,*,#1370,.T.);
#1726 = ADVANCED_FACE('',(#1727),#856,.F.);
#1727 = FACE_BOUND('',#1728,.F.);
#1728 = EDGE_LOOP('',(#1729,#1730,#1753,#1775));
#1729 = ORIENTED_EDGE('',*,*,#839,.F.);
#1730 = ORIENTED_EDGE('',*,*,#1731,.F.);
#1731 = EDGE_CURVE('',#1732,#840,#1734,.T.);
#1732 = VERTEX_POINT('',#1733);
#1733 = CARTESIAN_POINT('',(131.3,44.,0.));
#1734 = SEAM_CURVE('',#1735,(#1739,#1746),.PCURVE_S1.);
#1735 = LINE('',#1736,#1737);
#1736 = CARTESIAN_POINT('',(131.3,44.,-0.1));
#1737 = VECTOR('',#1738,1.);
#1738 = DIRECTION('',(0.,0.,1.));
#1739 = PCURVE('',#856,#1740);
#1740 = DEFINITIONAL_REPRESENTATION('',(#1741),#1745);
#1741 = LINE('',#1742,#1743);
#1742 = CARTESIAN_POINT('',(6.28318530718,-0.));
#1743 = VECTOR('',#1744,1.);
#1744 = DIRECTION('',(0.,1.));
#1745 = ( GEOMETRIC_REPRESENTATION_CONTEXT(2) 
PARAMETRIC_REPRESENTATION_CONTEXT() REPRESENTATION_CONTEXT('2D SPACE',''
  ) );
#1746 = PCURVE('',#856,#1747);
#1747 = DEFINITIONAL_REPRESENTATION('',(#1748),#1752);
#1748 = LINE('',#1749,#1750);
#1749 = CARTESIAN_POINT('',(0.,-0.));
#1750 = VECTOR('',#1751,1.);
#1751 = DIRECTION('',(0.,1.));
#1752 = ( GEOMETRIC_REPRESENTATION_CONTEXT(2) 
PARAMETRIC_REPRESENTATION_CONTEXT() REPRESENTATION_CONTEXT('2D SPACE',''
  ) );
#1753 = ORIENTED_EDGE('',*,*,#1754,.T.);
#1754 = EDGE_CURVE('',#1732,#1732,#1755,.T.);
#1755 = SURFACE_CURVE('',#1756,(#1761,#1768),.PCURVE_S1.);
#1756 = CIRCLE('',#1757,3.3);
#1757 = AXIS2_PLACEMENT_3D('',#1758,#1759,#1760);
#1758 = CARTESIAN_POINT('',(128.,44.,0.));
#1759 = DIRECTION('',(0.,0.,1.));
#1760 = DIRECTION('',(1.,0.,-0.));
#1761 = PCURVE('',#856,#1762);
#1762 = DEFINITIONAL_REPRESENTATION('',(#1763),#1767);
#1763 = LINE('',#1764,#1765);
#1764 = CARTESIAN_POINT('',(0.,0.1));
#1765 = VECTOR('',#1766,1.);
#1766 = DIRECTION('',(1.,0.));
#1767 = ( GEOMETRIC_REPRESENTATION_CONTEXT(2) 
PARAMETRIC_REPRESENTATION_CONTEXT() REPRESENTATION_CONTEXT('2D SPACE',''
  ) );
#1768 = PCURVE('',#72,#1769);
#1769 = DEFINITIONAL_REPRESENTATION('',(#1770),#1774);
#1770 = CIRCLE('',#1771,3.3);
#1771 = AXIS2_PLACEMENT_2D('',#1772,#1773);
#1772 = CARTESIAN_POINT('',(128.,44.));
#1773 = DIRECTION('',(1.,0.));
#1774 = ( GEOMETRIC_REPRESENTATION_CONTEXT(2) 
PARAMETRIC_REPRESENTATION_CONTEXT() REPRESENTATION_CONTEXT('2D SPACE',''
  ) );
#1775 = ORIENTED_EDGE('',*,*,#1731,.T.);
#1776 = ADVANCED_FACE('',(#1777),#825,.F.);
#1777 = FACE_BOUND('',#1778,.F.);
#1778 = EDGE_LOOP('',(#1779,#1780,#1803,#1825));
#1779 = ORIENTED_EDGE('',*,*,#808,.F.);
#1780 = ORIENTED_EDGE('',*,*,#1781,.F.);
#1781 = EDGE_CURVE('',#1782,#809,#1784,.T.);
#1782 = VERTEX_POINT('',#1783);
#1783 = CARTESIAN_POINT('',(115.3,44.,0.));
#1784 = SEAM_CURVE('',#1785,(#1789,#1796),.PCURVE_S1.);
#1785 = LINE('',#1786,#1787);
#1786 = CARTESIAN_POINT('',(115.3,44.,-0.1));
#1787 = VECTOR('',#1788,1.);
#1788 = DIRECTION('',(0.,0.,1.));
#1789 = PCURVE('',#825,#1790);
#1790 = DEFINITIONAL_REPRESENTATION('',(#1791),#1795);
#1791 = LINE('',#1792,#1793);
#1792 = CARTESIAN_POINT('',(6.28318530718,-0.));
#1793 = VECTOR('',#1794,1.);
#1794 = DIRECTION('',(0.,1.));
#1795 = ( GEOMETRIC_REPRESENTATION_CONTEXT(2) 
PARAMETRIC_REPRESENTATION_CONTEXT() REPRESENTATION_CONTEXT('2D SPACE',''
  ) );
#1796 = PCURVE('',#825,#1797);
#1797 = DEFINITIONAL_REPRESENTATION('',(#1798),#1802);
#1798 = LINE('',#1799,#1800);
#1799 = CARTESIAN_POINT('',(0.,-0.));
#1800 = VECTOR('',#1801,1.);
#1801 = DIRECTION('',(0.,1.));
#1802 = ( GEOMETRIC_REPRESENTATION_CONTEXT(2) 
PARAMETRIC_REPRESENTATION_CONTEXT() REPRESENTATION_CONTEXT('2D SPACE',''
  ) );
#1803 = ORIENTED_EDGE('',*,*,#1804,.T.);
#1804 = EDGE_CURVE('',#1782,#1782,#1805,.T.);
#1805 = SURFACE_CURVE('',#1806,(#1811,#1818),.PCURVE_S1.);
#1806 = CIRCLE('',#1807,3.3);
#1807 = AXIS2_PLACEMENT_3D('',#1808,#1809,#1810);
#1808 = CARTESIAN_POINT('',(112.,44.,0.));
#1809 = DIRECTION('',(0.,0.,1.));
#1810 = DIRECTION('',(1.,0.,-0.));
#1811 = PCURVE('',#825,#1812);
#1812 = DEFINITIONAL_REPRESENTATION('',(#1813),#1817);
#1813 = LINE('',#1814,#1815);
#1814 = CARTESIAN_POINT('',(0.,0.1));
#1815 = VECTOR('',#1816,1.);
#1816 = DIRECTION('',(1.,0.));
#1817 = ( GEOMETRIC_REPRESENTATION_CONTEXT(2) 
PARAMETRIC_REPRESENTATION_CONTEXT() REPRESENTATION_CONTEXT('2D SPACE',''
  ) );
#1818 = PCURVE('',#72,#1819);
#1819 = DEFINITIONAL_REPRESENTATION('',(#1820),#1824);
#1820 = CIRCLE('',#1821,3.3);
#1821 = AXIS2_PLACEMENT_2D('',#1822,#1823);
#1822 = CARTESIAN_POINT('',(112.,44.));
#1823 = DIRECTION('',(1.,0.));
#1824 = ( GEOMETRIC_REPRESENTATION_CONTEXT(2) 
PARAMETRIC_REPRESENTATION_CONTEXT() REPRESENTATION_CONTEXT('2D SPACE',''
  ) );
#1825 = ORIENTED_EDGE('',*,*,#1781,.T.);
#1826 = ADVANCED_FACE('',(#1827),#794,.F.);
#1827 = FACE_BOUND('',#1828,.F.);
#1828 = EDGE_LOOP('',(#1829,#1830,#1853,#1875));
#1829 = ORIENTED_EDGE('',*,*,#777,.F.);
#1830 = ORIENTED_EDGE('',*,*,#1831,.F.);
#1831 = EDGE_CURVE('',#1832,#778,#1834,.T.);
#1832 = VERTEX_POINT('',#1833);
#1833 = CARTESIAN_POINT('',(35.3,74.,0.));
#1834 = SEAM_CURVE('',#1835,(#1839,#1846),.PCURVE_S1.);
#1835 = LINE('',#1836,#1837);
#1836 = CARTESIAN_POINT('',(35.3,74.,-0.1));
#1837 = VECTOR('',#1838,1.);
#1838 = DIRECTION('',(0.,0.,1.));
#1839 = PCURVE('',#794,#1840);
#1840 = DEFINITIONAL_REPRESENTATION('',(#1841),#1845);
#1841 = LINE('',#1842,#1843);
#1842 = CARTESIAN_POINT('',(6.28318530718,-0.));
#1843 = VECTOR('',#1844,1.);
#1844 = DIRECTION('',(0.,1.));
#1845 = ( GEOMETRIC_REPRESENTATION_CONTEXT(2) 
PARAMETRIC_REPRESENTATION_CONTEXT() REPRESENTATION_CONTEXT('2D SPACE',''
  ) );
#1846 = PCURVE('',#794,#1847);
#1847 = DEFINITIONAL_REPRESENTATION('',(#1848),#1852);
#1848 = LINE('',#1849,#1850);
#1849 = CARTESIAN_POINT('',(0.,-0.));
#1850 = VECTOR('',#1851,1.);
#1851 = DIRECTION('',(0.,1.));
#1852 = ( GEOMETRIC_REPRESENTATION_CONTEXT(2) 
PARAMETRIC_REPRESENTATION_CONTEXT() REPRESENTATION_CONTEXT('2D SPACE',''
  ) );
#1853 = ORIENTED_EDGE('',*,*,#1854,.T.);
#1854 = EDGE_CURVE('',#1832,#1832,#1855,.T.);
#1855 = SURFACE_CURVE('',#1856,(#1861,#1868),.PCURVE_S1.);
#1856 = CIRCLE('',#1857,3.3);
#1857 = AXIS2_PLACEMENT_3D('',#1858,#1859,#1860);
#1858 = CARTESIAN_POINT('',(32.,74.,0.));
#1859 = DIRECTION('',(0.,0.,1.));
#1860 = DIRECTION('',(1.,0.,-0.));
#1861 = PCURVE('',#794,#1862);
#1862 = DEFINITIONAL_REPRESENTATION('',(#1863),#1867);
#1863 = LINE('',#1864,#1865);
#1864 = CARTESIAN_POINT('',(0.,0.1));
#1865 = VECTOR('',#1866,1.);
#1866 = DIRECTION('',(1.,0.));
#1867 = ( GEOMETRIC_REPRESENTATION_CONTEXT(2) 
PARAMETRIC_REPRESENTATION_CONTEXT() REPRESENTATION_CONTEXT('2D SPACE',''
  ) );
#1868 = PCURVE('',#72,#1869);
#1869 = DEFINITIONAL_REPRESENTATION('',(#1870),#1874);
#1870 = CIRCLE('',#1871,3.3);
#1871 = AXIS2_PLACEMENT_2D('',#1872,#1873);
#1872 = CARTESIAN_POINT('',(32.,74.));
#1873 = DIRECTION('',(1.,0.));
#1874 = ( GEOMETRIC_REPRESENTATION_CONTEXT(2) 
PARAMETRIC_REPRESENTATION_CONTEXT() REPRESENTATION_CONTEXT('2D SPACE',''
  ) );
#1875 = ORIENTED_EDGE('',*,*,#1831,.T.);
#1876 = ADVANCED_FACE('',(#1877),#763,.F.);
#1877 = FACE_BOUND('',#1878,.F.);
#1878 = EDGE_LOOP('',(#1879,#1880,#1903,#1925));
#1879 = ORIENTED_EDGE('',*,*,#746,.F.);
#1880 = ORIENTED_EDGE('',*,*,#1881,.F.);
#1881 = EDGE_CURVE('',#1882,#747,#1884,.T.);
#1882 = VERTEX_POINT('',#1883);
#1883 = CARTESIAN_POINT('',(182.25,20.,0.));
#1884 = SEAM_CURVE('',#1885,(#1889,#1896),.PCURVE_S1.);
#1885 = LINE('',#1886,#1887);
#1886 = CARTESIAN_POINT('',(182.25,20.,-0.1));
#1887 = VECTOR('',#1888,1.);
#1888 = DIRECTION('',(0.,0.,1.));
#1889 = PCURVE('',#763,#1890);
#1890 = DEFINITIONAL_REPRESENTATION('',(#1891),#1895);
#1891 = LINE('',#1892,#1893);
#1892 = CARTESIAN_POINT('',(6.28318530718,-0.));
#1893 = VECTOR('',#1894,1.);
#1894 = DIRECTION('',(0.,1.));
#1895 = ( GEOMETRIC_REPRESENTATION_CONTEXT(2) 
PARAMETRIC_REPRESENTATION_CONTEXT() REPRESENTATION_CONTEXT('2D SPACE',''
  ) );
#1896 = PCURVE('',#763,#1897);
#1897 = DEFINITIONAL_REPRESENTATION('',(#1898),#1902);
#1898 = LINE('',#1899,#1900);
#1899 = CARTESIAN_POINT('',(0.,-0.));
#1900 = VECTOR('',#1901,1.);
#1901 = DIRECTION('',(0.,1.));
#1902 = ( GEOMETRIC_REPRESENTATION_CONTEXT(2) 
PARAMETRIC_REPRESENTATION_CONTEXT() REPRESENTATION_CONTEXT('2D SPACE',''
  ) );
#1903 = ORIENTED_EDGE('',*,*,#1904,.T.);
#1904 = EDGE_CURVE('',#1882,#1882,#1905,.T.);
#1905 = SURFACE_CURVE('',#1906,(#1911,#1918),.PCURVE_S1.);
#1906 = CIRCLE('',#1907,2.25);
#1907 = AXIS2_PLACEMENT_3D('',#1908,#1909,#1910);
#1908 = CARTESIAN_POINT('',(180.,20.,0.));
#1909 = DIRECTION('',(0.,0.,1.));
#1910 = DIRECTION('',(1.,0.,-0.));
#1911 = PCURVE('',#763,#1912);
#1912 = DEFINITIONAL_REPRESENTATION('',(#1913),#1917);
#1913 = LINE('',#1914,#1915);
#1914 = CARTESIAN_POINT('',(0.,0.1));
#1915 = VECTOR('',#1916,1.);
#1916 = DIRECTION('',(1.,0.));
#1917 = ( GEOMETRIC_REPRESENTATION_CONTEXT(2) 
PARAMETRIC_REPRESENTATION_CONTEXT() REPRESENTATION_CONTEXT('2D SPACE',''
  ) );
#1918 = PCURVE('',#72,#1919);
#1919 = DEFINITIONAL_REPRESENTATION('',(#1920),#1924);
#1920 = CIRCLE('',#1921,2.25);
#1921 = AXIS2_PLACEMENT_2D('',#1922,#1923);
#1922 = CARTESIAN_POINT('',(180.,20.));
#1923 = DIRECTION('',(1.,0.));
#1924 = ( GEOMETRIC_REPRESENTATION_CONTEXT(2) 
PARAMETRIC_REPRESENTATION_CONTEXT() REPRESENTATION_CONTEXT('2D SPACE',''
  ) );
#1925 = ORIENTED_EDGE('',*,*,#1881,.T.);
#1926 = ADVANCED_FACE('',(#1927),#732,.F.);
#1927 = FACE_BOUND('',#1928,.F.);
#1928 = EDGE_LOOP('',(#1929,#1930,#1953,#1975));
#1929 = ORIENTED_EDGE('',*,*,#715,.F.);
#1930 = ORIENTED_EDGE('',*,*,#1931,.F.);
#1931 = EDGE_CURVE('',#1932,#716,#1934,.T.);
#1932 = VERTEX_POINT('',#1933);
#1933 = CARTESIAN_POINT('',(184.3,9.,0.));
#1934 = SEAM_CURVE('',#1935,(#1939,#1946),.PCURVE_S1.);
#1935 = LINE('',#1936,#1937);
#1936 = CARTESIAN_POINT('',(184.3,9.,-0.1));
#1937 = VECTOR('',#1938,1.);
#1938 = DIRECTION('',(0.,0.,1.));
#1939 = PCURVE('',#732,#1940);
#1940 = DEFINITIONAL_REPRESENTATION('',(#1941),#1945);
#1941 = LINE('',#1942,#1943);
#1942 = CARTESIAN_POINT('',(6.28318530718,-0.));
#1943 = VECTOR('',#1944,1.);
#1944 = DIRECTION('',(0.,1.));
#1945 = ( GEOMETRIC_REPRESENTATION_CONTEXT(2) 
PARAMETRIC_REPRESENTATION_CONTEXT() REPRESENTATION_CONTEXT('2D SPACE',''
  ) );
#1946 = PCURVE('',#732,#1947);
#1947 = DEFINITIONAL_REPRESENTATION('',(#1948),#1952);
#1948 = LINE('',#1949,#1950);
#1949 = CARTESIAN_POINT('',(0.,-0.));
#1950 = VECTOR('',#1951,1.);
#1951 = DIRECTION('',(0.,1.));
#1952 = ( GEOMETRIC_REPRESENTATION_CONTEXT(2) 
PARAMETRIC_REPRESENTATION_CONTEXT() REPRESENTATION_CONTEXT('2D SPACE',''
  ) );
#1953 = ORIENTED_EDGE('',*,*,#1954,.T.);
#1954 = EDGE_CURVE('',#1932,#1932,#1955,.T.);
#1955 = SURFACE_CURVE('',#1956,(#1961,#1968),.PCURVE_S1.);
#1956 = CIRCLE('',#1957,3.3);
#1957 = AXIS2_PLACEMENT_3D('',#1958,#1959,#1960);
#1958 = CARTESIAN_POINT('',(181.,9.,0.));
#1959 = DIRECTION('',(0.,0.,1.));
#1960 = DIRECTION('',(1.,0.,-0.));
#1961 = PCURVE('',#732,#1962);
#1962 = DEFINITIONAL_REPRESENTATION('',(#1963),#1967);
#1963 = LINE('',#1964,#1965);
#1964 = CARTESIAN_POINT('',(0.,0.1));
#1965 = VECTOR('',#1966,1.);
#1966 = DIRECTION('',(1.,0.));
#1967 = ( GEOMETRIC_REPRESENTATION_CONTEXT(2) 
PARAMETRIC_REPRESENTATION_CONTEXT() REPRESENTATION_CONTEXT('2D SPACE',''
  ) );
#1968 = PCURVE('',#72,#1969);
#1969 = DEFINITIONAL_REPRESENTATION('',(#1970),#1974);
#1970 = CIRCLE('',#1971,3.3);
#1971 = AXIS2_PLACEMENT_2D('',#1972,#1973);
#1972 = CARTESIAN_POINT('',(181.,9.));
#1973 = DIRECTION('',(1.,0.));
#1974 = ( GEOMETRIC_REPRESENTATION_CONTEXT(2) 
PARAMETRIC_REPRESENTATION_CONTEXT() REPRESENTATION_CONTEXT('2D SPACE',''
  ) );
#1975 = ORIENTED_EDGE('',*,*,#1931,.T.);
#1976 = ADVANCED_FACE('',(#1977),#701,.F.);
#1977 = FACE_BOUND('',#1978,.F.);
#1978 = EDGE_LOOP('',(#1979,#2002,#2003,#2024));
#1979 = ORIENTED_EDGE('',*,*,#1980,.T.);
#1980 = EDGE_CURVE('',#1981,#661,#1983,.T.);
#1981 = VERTEX_POINT('',#1982);
#1982 = CARTESIAN_POINT('',(100.5,13.5,0.));
#1983 = SURFACE_CURVE('',#1984,(#1988,#1995),.PCURVE_S1.);
#1984 = LINE('',#1985,#1986);
#1985 = CARTESIAN_POINT('',(100.5,13.5,-0.1));
#1986 = VECTOR('',#1987,1.);
#1987 = DIRECTION('',(0.,0.,1.));
#1988 = PCURVE('',#701,#1989);
#1989 = DEFINITIONAL_REPRESENTATION('',(#1990),#1994);
#1990 = LINE('',#1991,#1992);
#1991 = CARTESIAN_POINT('',(4.712388980385,0.));
#1992 = VECTOR('',#1993,1.);
#1993 = DIRECTION('',(0.,1.));
#1994 = ( GEOMETRIC_REPRESENTATION_CONTEXT(2) 
PARAMETRIC_REPRESENTATION_CONTEXT() REPRESENTATION_CONTEXT('2D SPACE',''
  ) );
#1995 = PCURVE('',#675,#1996);
#1996 = DEFINITIONAL_REPRESENTATION('',(#1997),#2001);
#1997 = LINE('',#1998,#1999);
#1998 = CARTESIAN_POINT('',(0.,0.));
#1999 = VECTOR('',#2000,1.);
#2000 = DIRECTION('',(1.,0.));
#2001 = ( GEOMETRIC_REPRESENTATION_CONTEXT(2) 
PARAMETRIC_REPRESENTATION_CONTEXT() REPRESENTATION_CONTEXT('2D SPACE',''
  ) );
#2002 = ORIENTED_EDGE('',*,*,#686,.F.);
#2003 = ORIENTED_EDGE('',*,*,#2004,.F.);
#2004 = EDGE_CURVE('',#2005,#486,#2007,.T.);
#2005 = VERTEX_POINT('',#2006);
#2006 = CARTESIAN_POINT('',(99.287810031633,13.716618285884,0.));
#2007 = SURFACE_CURVE('',#2008,(#2012,#2018),.PCURVE_S1.);
#2008 = LINE('',#2009,#2010);
#2009 = CARTESIAN_POINT('',(99.287810031633,13.716618285884,-0.1));
#2010 = VECTOR('',#2011,1.);
#2011 = DIRECTION('',(0.,0.,1.));
#2012 = PCURVE('',#701,#2013);
#2013 = DEFINITIONAL_REPRESENTATION('',(#2014),#2017);
#2014 = B_SPLINE_CURVE_WITH_KNOTS('',1,(#2015,#2016),.UNSPECIFIED.,.F.,
  .F.,(2,2),(9.99994E-02,3.1000006),.PIECEWISE_BEZIER_KNOTS.);
#2015 = CARTESIAN_POINT('',(4.358722175521,9.99994E-02));
#2016 = CARTESIAN_POINT('',(4.358722175521,3.1000006));
#2017 = ( GEOMETRIC_REPRESENTATION_CONTEXT(2) 
PARAMETRIC_REPRESENTATION_CONTEXT() REPRESENTATION_CONTEXT('2D SPACE',''
  ) );
#2018 = PCURVE('',#502,#2019);
#2019 = DEFINITIONAL_REPRESENTATION('',(#2020),#2023);
#2020 = B_SPLINE_CURVE_WITH_KNOTS('',1,(#2021,#2022),.UNSPECIFIED.,.F.,
  .F.,(2,2),(9.99994E-02,3.1000006),.PIECEWISE_BEZIER_KNOTS.);
#2021 = CARTESIAN_POINT('',(6.197206167415,9.99994E-02));
#2022 = CARTESIAN_POINT('',(6.197206167415,3.1000006));
#2023 = ( GEOMETRIC_REPRESENTATION_CONTEXT(2) 
PARAMETRIC_REPRESENTATION_CONTEXT() REPRESENTATION_CONTEXT('2D SPACE',''
  ) );
#2024 = ORIENTED_EDGE('',*,*,#2025,.T.);
#2025 = EDGE_CURVE('',#2005,#1981,#2026,.T.);
#2026 = SURFACE_CURVE('',#2027,(#2032,#2039),.PCURVE_S1.);
#2027 = CIRCLE('',#2028,3.5);
#2028 = AXIS2_PLACEMENT_3D('',#2029,#2030,#2031);
#2029 = CARTESIAN_POINT('',(100.5,17.,0.));
#2030 = DIRECTION('',(0.,0.,1.));
#2031 = DIRECTION('',(1.,0.,-0.));
#2032 = PCURVE('',#701,#2033);
#2033 = DEFINITIONAL_REPRESENTATION('',(#2034),#2038);
#2034 = LINE('',#2035,#2036);
#2035 = CARTESIAN_POINT('',(0.,0.1));
#2036 = VECTOR('',#2037,1.);
#2037 = DIRECTION('',(1.,0.));
#2038 = ( GEOMETRIC_REPRESENTATION_CONTEXT(2) 
PARAMETRIC_REPRESENTATION_CONTEXT() REPRESENTATION_CONTEXT('2D SPACE',''
  ) );
#2039 = PCURVE('',#72,#2040);
#2040 = DEFINITIONAL_REPRESENTATION('',(#2041),#2045);
#2041 = CIRCLE('',#2042,3.5);
#2042 = AXIS2_PLACEMENT_2D('',#2043,#2044);
#2043 = CARTESIAN_POINT('',(100.5,17.));
#2044 = DIRECTION('',(1.,0.));
#2045 = ( GEOMETRIC_REPRESENTATION_CONTEXT(2) 
PARAMETRIC_REPRESENTATION_CONTEXT() REPRESENTATION_CONTEXT('2D SPACE',''
  ) );
#2046 = ADVANCED_FACE('',(#2047),#675,.T.);
#2047 = FACE_BOUND('',#2048,.T.);
#2048 = EDGE_LOOP('',(#2049,#2071,#2090,#2091));
#2049 = ORIENTED_EDGE('',*,*,#2050,.F.);
#2050 = EDGE_CURVE('',#2051,#632,#2053,.T.);
#2051 = VERTEX_POINT('',#2052);
#2052 = CARTESIAN_POINT('',(137.5,13.5,0.));
#2053 = SURFACE_CURVE('',#2054,(#2058,#2065),.PCURVE_S1.);
#2054 = LINE('',#2055,#2056);
#2055 = CARTESIAN_POINT('',(137.5,13.5,-0.1));
#2056 = VECTOR('',#2057,1.);
#2057 = DIRECTION('',(0.,0.,1.));
#2058 = PCURVE('',#675,#2059);
#2059 = DEFINITIONAL_REPRESENTATION('',(#2060),#2064);
#2060 = LINE('',#2061,#2062);
#2061 = CARTESIAN_POINT('',(0.,37.));
#2062 = VECTOR('',#2063,1.);
#2063 = DIRECTION('',(1.,0.));
#2064 = ( GEOMETRIC_REPRESENTATION_CONTEXT(2) 
PARAMETRIC_REPRESENTATION_CONTEXT() REPRESENTATION_CONTEXT('2D SPACE',''
  ) );
#2065 = PCURVE('',#648,#2066);
#2066 = DEFINITIONAL_REPRESENTATION('',(#2067),#2070);
#2067 = B_SPLINE_CURVE_WITH_KNOTS('',1,(#2068,#2069),.UNSPECIFIED.,.F.,
  .F.,(2,2),(0.,3.2),.PIECEWISE_BEZIER_KNOTS.);
#2068 = CARTESIAN_POINT('',(4.712388980385,0.));
#2069 = CARTESIAN_POINT('',(4.712388980385,3.2));
#2070 = ( GEOMETRIC_REPRESENTATION_CONTEXT(2) 
PARAMETRIC_REPRESENTATION_CONTEXT() REPRESENTATION_CONTEXT('2D SPACE',''
  ) );
#2071 = ORIENTED_EDGE('',*,*,#2072,.T.);
#2072 = EDGE_CURVE('',#2051,#1981,#2073,.T.);
#2073 = SURFACE_CURVE('',#2074,(#2078,#2084),.PCURVE_S1.);
#2074 = LINE('',#2075,#2076);
#2075 = CARTESIAN_POINT('',(50.25,13.5,0.));
#2076 = VECTOR('',#2077,1.);
#2077 = DIRECTION('',(-1.,0.,0.));
#2078 = PCURVE('',#675,#2079);
#2079 = DEFINITIONAL_REPRESENTATION('',(#2080),#2083);
#2080 = B_SPLINE_CURVE_WITH_KNOTS('',1,(#2081,#2082),.UNSPECIFIED.,.F.,
  .F.,(2,2),(-87.25,-50.25),.PIECEWISE_BEZIER_KNOTS.);
#2081 = CARTESIAN_POINT('',(0.1,37.));
#2082 = CARTESIAN_POINT('',(0.1,0.));
#2083 = ( GEOMETRIC_REPRESENTATION_CONTEXT(2) 
PARAMETRIC_REPRESENTATION_CONTEXT() REPRESENTATION_CONTEXT('2D SPACE',''
  ) );
#2084 = PCURVE('',#72,#2085);
#2085 = DEFINITIONAL_REPRESENTATION('',(#2086),#2089);
#2086 = B_SPLINE_CURVE_WITH_KNOTS('',1,(#2087,#2088),.UNSPECIFIED.,.F.,
  .F.,(2,2),(-87.25,-50.25),.PIECEWISE_BEZIER_KNOTS.);
#2087 = CARTESIAN_POINT('',(137.5,13.5));
#2088 = CARTESIAN_POINT('',(100.5,13.5));
#2089 = ( GEOMETRIC_REPRESENTATION_CONTEXT(2) 
PARAMETRIC_REPRESENTATION_CONTEXT() REPRESENTATION_CONTEXT('2D SPACE',''
  ) );
#2090 = ORIENTED_EDGE('',*,*,#1980,.T.);
#2091 = ORIENTED_EDGE('',*,*,#660,.F.);
#2092 = ADVANCED_FACE('',(#2093),#648,.F.);
#2093 = FACE_BOUND('',#2094,.F.);
#2094 = EDGE_LOOP('',(#2095,#2096,#2120,#2139));
#2095 = ORIENTED_EDGE('',*,*,#2050,.F.);
#2096 = ORIENTED_EDGE('',*,*,#2097,.T.);
#2097 = EDGE_CURVE('',#2051,#2098,#2100,.T.);
#2098 = VERTEX_POINT('',#2099);
#2099 = CARTESIAN_POINT('',(140.87497915262,17.927100706144,0.));
#2100 = SURFACE_CURVE('',#2101,(#2106,#2113),.PCURVE_S1.);
#2101 = CIRCLE('',#2102,3.5);
#2102 = AXIS2_PLACEMENT_3D('',#2103,#2104,#2105);
#2103 = CARTESIAN_POINT('',(137.5,17.,0.));
#2104 = DIRECTION('',(0.,0.,1.));
#2105 = DIRECTION('',(1.,0.,-0.));
#2106 = PCURVE('',#648,#2107);
#2107 = DEFINITIONAL_REPRESENTATION('',(#2108),#2112);
#2108 = LINE('',#2109,#2110);
#2109 = CARTESIAN_POINT('',(0.,0.1));
#2110 = VECTOR('',#2111,1.);
#2111 = DIRECTION('',(1.,0.));
#2112 = ( GEOMETRIC_REPRESENTATION_CONTEXT(2) 
PARAMETRIC_REPRESENTATION_CONTEXT() REPRESENTATION_CONTEXT('2D SPACE',''
  ) );
#2113 = PCURVE('',#72,#2114);
#2114 = DEFINITIONAL_REPRESENTATION('',(#2115),#2119);
#2115 = CIRCLE('',#2116,3.5);
#2116 = AXIS2_PLACEMENT_2D('',#2117,#2118);
#2117 = CARTESIAN_POINT('',(137.5,17.));
#2118 = DIRECTION('',(1.,0.));
#2119 = ( GEOMETRIC_REPRESENTATION_CONTEXT(2) 
PARAMETRIC_REPRESENTATION_CONTEXT() REPRESENTATION_CONTEXT('2D SPACE',''
  ) );
#2120 = ORIENTED_EDGE('',*,*,#2121,.T.);
#2121 = EDGE_CURVE('',#2098,#599,#2122,.T.);
#2122 = SURFACE_CURVE('',#2123,(#2127,#2133),.PCURVE_S1.);
#2123 = LINE('',#2124,#2125);
#2124 = CARTESIAN_POINT('',(140.87497915262,17.927100706144,-0.1));
#2125 = VECTOR('',#2126,1.);
#2126 = DIRECTION('',(0.,0.,1.));
#2127 = PCURVE('',#648,#2128);
#2128 = DEFINITIONAL_REPRESENTATION('',(#2129),#2132);
#2129 = B_SPLINE_CURVE_WITH_KNOTS('',1,(#2130,#2131),.UNSPECIFIED.,.F.,
  .F.,(2,2),(9.99994E-02,3.1000006),.PIECEWISE_BEZIER_KNOTS.);
#2130 = CARTESIAN_POINT('',(6.551270917555,9.99994E-02));
#2131 = CARTESIAN_POINT('',(6.551270917555,3.1000006));
#2132 = ( GEOMETRIC_REPRESENTATION_CONTEXT(2) 
PARAMETRIC_REPRESENTATION_CONTEXT() REPRESENTATION_CONTEXT('2D SPACE',''
  ) );
#2133 = PCURVE('',#619,#2134);
#2134 = DEFINITIONAL_REPRESENTATION('',(#2135),#2138);
#2135 = B_SPLINE_CURVE_WITH_KNOTS('',1,(#2136,#2137),.UNSPECIFIED.,.F.,
  .F.,(2,2),(0.1,3.1),.PIECEWISE_BEZIER_KNOTS.);
#2136 = CARTESIAN_POINT('',(5.111804163135,0.1));
#2137 = CARTESIAN_POINT('',(5.111804163135,3.1));
#2138 = ( GEOMETRIC_REPRESENTATION_CONTEXT(2) 
PARAMETRIC_REPRESENTATION_CONTEXT() REPRESENTATION_CONTEXT('2D SPACE',''
  ) );
#2139 = ORIENTED_EDGE('',*,*,#631,.F.);
#2140 = ADVANCED_FACE('',(#2141),#619,.F.);
#2141 = FACE_BOUND('',#2142,.F.);
#2142 = EDGE_LOOP('',(#2143,#2167,#2186,#2187));
#2143 = ORIENTED_EDGE('',*,*,#2144,.T.);
#2144 = EDGE_CURVE('',#2098,#2145,#2147,.T.);
#2145 = VERTEX_POINT('',#2146);
#2146 = CARTESIAN_POINT('',(137.80329953589,20.486833720085,0.));
#2147 = SURFACE_CURVE('',#2148,(#2153,#2160),.PCURVE_S1.);
#2148 = CIRCLE('',#2149,2.25);
#2149 = AXIS2_PLACEMENT_3D('',#2150,#2151,#2152);
#2150 = CARTESIAN_POINT('',(140.,20.,0.));
#2151 = DIRECTION('',(-0.,0.,1.));
#2152 = DIRECTION('',(0.38887962339,-0.921288575047,0.));
#2153 = PCURVE('',#619,#2154);
#2154 = DEFINITIONAL_REPRESENTATION('',(#2155),#2159);
#2155 = LINE('',#2156,#2157);
#2156 = CARTESIAN_POINT('',(5.111804163135,0.1));
#2157 = VECTOR('',#2158,1.);
#2158 = DIRECTION('',(1.,0.));
#2159 = ( GEOMETRIC_REPRESENTATION_CONTEXT(2) 
PARAMETRIC_REPRESENTATION_CONTEXT() REPRESENTATION_CONTEXT('2D SPACE',''
  ) );
#2160 = PCURVE('',#72,#2161);
#2161 = DEFINITIONAL_REPRESENTATION('',(#2162),#2166);
#2162 = CIRCLE('',#2163,2.25);
#2163 = AXIS2_PLACEMENT_2D('',#2164,#2165);
#2164 = CARTESIAN_POINT('',(140.,20.));
#2165 = DIRECTION('',(0.38887962339,-0.921288575047));
#2166 = ( GEOMETRIC_REPRESENTATION_CONTEXT(2) 
PARAMETRIC_REPRESENTATION_CONTEXT() REPRESENTATION_CONTEXT('2D SPACE',''
  ) );
#2167 = ORIENTED_EDGE('',*,*,#2168,.T.);
#2168 = EDGE_CURVE('',#2145,#570,#2169,.T.);
#2169 = SURFACE_CURVE('',#2170,(#2174,#2180),.PCURVE_S1.);
#2170 = LINE('',#2171,#2172);
#2171 = CARTESIAN_POINT('',(137.80329953589,20.486833720085,-0.1));
#2172 = VECTOR('',#2173,1.);
#2173 = DIRECTION('',(0.,0.,1.));
#2174 = PCURVE('',#619,#2175);
#2175 = DEFINITIONAL_REPRESENTATION('',(#2176),#2179);
#2176 = B_SPLINE_CURVE_WITH_KNOTS('',1,(#2177,#2178),.UNSPECIFIED.,.F.,
  .F.,(2,2),(0.1,3.1),.PIECEWISE_BEZIER_KNOTS.);
#2177 = CARTESIAN_POINT('',(9.20668255242,0.1));
#2178 = CARTESIAN_POINT('',(9.20668255242,3.1));
#2179 = ( GEOMETRIC_REPRESENTATION_CONTEXT(2) 
PARAMETRIC_REPRESENTATION_CONTEXT() REPRESENTATION_CONTEXT('2D SPACE',''
  ) );
#2180 = PCURVE('',#586,#2181);
#2181 = DEFINITIONAL_REPRESENTATION('',(#2182),#2185);
#2182 = B_SPLINE_CURVE_WITH_KNOTS('',1,(#2183,#2184),.UNSPECIFIED.,.F.,
  .F.,(2,2),(9.99994E-02,3.1000006),.PIECEWISE_BEZIER_KNOTS.);
#2183 = CARTESIAN_POINT('',(7.767215798,9.99994E-02));
#2184 = CARTESIAN_POINT('',(7.767215798,3.1000006));
#2185 = ( GEOMETRIC_REPRESENTATION_CONTEXT(2) 
PARAMETRIC_REPRESENTATION_CONTEXT() REPRESENTATION_CONTEXT('2D SPACE',''
  ) );
#2186 = ORIENTED_EDGE('',*,*,#598,.T.);
#2187 = ORIENTED_EDGE('',*,*,#2121,.F.);
#2188 = ADVANCED_FACE('',(#2189),#586,.F.);
#2189 = FACE_BOUND('',#2190,.F.);
#2190 = EDGE_LOOP('',(#2191,#2215,#2235,#2236));
#2191 = ORIENTED_EDGE('',*,*,#2192,.T.);
#2192 = EDGE_CURVE('',#2145,#2193,#2195,.T.);
#2193 = VERTEX_POINT('',#2194);
#2194 = CARTESIAN_POINT('',(137.5,20.5,0.));
#2195 = SURFACE_CURVE('',#2196,(#2201,#2208),.PCURVE_S1.);
#2196 = CIRCLE('',#2197,3.5);
#2197 = AXIS2_PLACEMENT_3D('',#2198,#2199,#2200);
#2198 = CARTESIAN_POINT('',(137.5,17.,0.));
#2199 = DIRECTION('',(0.,0.,1.));
#2200 = DIRECTION('',(1.,0.,-0.));
#2201 = PCURVE('',#586,#2202);
#2202 = DEFINITIONAL_REPRESENTATION('',(#2203),#2207);
#2203 = LINE('',#2204,#2205);
#2204 = CARTESIAN_POINT('',(6.28318530718,0.1));
#2205 = VECTOR('',#2206,1.);
#2206 = DIRECTION('',(1.,0.));
#2207 = ( GEOMETRIC_REPRESENTATION_CONTEXT(2) 
PARAMETRIC_REPRESENTATION_CONTEXT() REPRESENTATION_CONTEXT('2D SPACE',''
  ) );
#2208 = PCURVE('',#72,#2209);
#2209 = DEFINITIONAL_REPRESENTATION('',(#2210),#2214);
#2210 = CIRCLE('',#2211,3.5);
#2211 = AXIS2_PLACEMENT_2D('',#2212,#2213);
#2212 = CARTESIAN_POINT('',(137.5,17.));
#2213 = DIRECTION('',(1.,0.));
#2214 = ( GEOMETRIC_REPRESENTATION_CONTEXT(2) 
PARAMETRIC_REPRESENTATION_CONTEXT() REPRESENTATION_CONTEXT('2D SPACE',''
  ) );
#2215 = ORIENTED_EDGE('',*,*,#2216,.T.);
#2216 = EDGE_CURVE('',#2193,#544,#2217,.T.);
#2217 = SURFACE_CURVE('',#2218,(#2222,#2228),.PCURVE_S1.);
#2218 = LINE('',#2219,#2220);
#2219 = CARTESIAN_POINT('',(137.5,20.5,-0.1));
#2220 = VECTOR('',#2221,1.);
#2221 = DIRECTION('',(0.,0.,1.));
#2222 = PCURVE('',#586,#2223);
#2223 = DEFINITIONAL_REPRESENTATION('',(#2224),#2227);
#2224 = B_SPLINE_CURVE_WITH_KNOTS('',1,(#2225,#2226),.UNSPECIFIED.,.F.,
  .F.,(2,2),(0.,3.2),.PIECEWISE_BEZIER_KNOTS.);
#2225 = CARTESIAN_POINT('',(7.853981633974,0.));
#2226 = CARTESIAN_POINT('',(7.853981633974,3.2));
#2227 = ( GEOMETRIC_REPRESENTATION_CONTEXT(2) 
PARAMETRIC_REPRESENTATION_CONTEXT() REPRESENTATION_CONTEXT('2D SPACE',''
  ) );
#2228 = PCURVE('',#558,#2229);
#2229 = DEFINITIONAL_REPRESENTATION('',(#2230),#2234);
#2230 = LINE('',#2231,#2232);
#2231 = CARTESIAN_POINT('',(0.,37.));
#2232 = VECTOR('',#2233,1.);
#2233 = DIRECTION('',(1.,0.));
#2234 = ( GEOMETRIC_REPRESENTATION_CONTEXT(2) 
PARAMETRIC_REPRESENTATION_CONTEXT() REPRESENTATION_CONTEXT('2D SPACE',''
  ) );
#2235 = ORIENTED_EDGE('',*,*,#569,.F.);
#2236 = ORIENTED_EDGE('',*,*,#2168,.F.);
#2237 = ADVANCED_FACE('',(#2238),#558,.F.);
#2238 = FACE_BOUND('',#2239,.F.);
#2239 = EDGE_LOOP('',(#2240,#2241,#2262,#2283));
#2240 = ORIENTED_EDGE('',*,*,#2216,.F.);
#2241 = ORIENTED_EDGE('',*,*,#2242,.T.);
#2242 = EDGE_CURVE('',#2193,#2243,#2245,.T.);
#2243 = VERTEX_POINT('',#2244);
#2244 = CARTESIAN_POINT('',(100.5,20.5,0.));
#2245 = SURFACE_CURVE('',#2246,(#2250,#2256),.PCURVE_S1.);
#2246 = LINE('',#2247,#2248);
#2247 = CARTESIAN_POINT('',(50.25,20.5,0.));
#2248 = VECTOR('',#2249,1.);
#2249 = DIRECTION('',(-1.,0.,0.));
#2250 = PCURVE('',#558,#2251);
#2251 = DEFINITIONAL_REPRESENTATION('',(#2252),#2255);
#2252 = B_SPLINE_CURVE_WITH_KNOTS('',1,(#2253,#2254),.UNSPECIFIED.,.F.,
  .F.,(2,2),(-87.25,-50.25),.PIECEWISE_BEZIER_KNOTS.);
#2253 = CARTESIAN_POINT('',(0.1,37.));
#2254 = CARTESIAN_POINT('',(0.1,0.));
#2255 = ( GEOMETRIC_REPRESENTATION_CONTEXT(2) 
PARAMETRIC_REPRESENTATION_CONTEXT() REPRESENTATION_CONTEXT('2D SPACE',''
  ) );
#2256 = PCURVE('',#72,#2257);
#2257 = DEFINITIONAL_REPRESENTATION('',(#2258),#2261);
#2258 = B_SPLINE_CURVE_WITH_KNOTS('',1,(#2259,#2260),.UNSPECIFIED.,.F.,
  .F.,(2,2),(-87.25,-50.25),.PIECEWISE_BEZIER_KNOTS.);
#2259 = CARTESIAN_POINT('',(137.5,20.5));
#2260 = CARTESIAN_POINT('',(100.5,20.5));
#2261 = ( GEOMETRIC_REPRESENTATION_CONTEXT(2) 
PARAMETRIC_REPRESENTATION_CONTEXT() REPRESENTATION_CONTEXT('2D SPACE',''
  ) );
#2262 = ORIENTED_EDGE('',*,*,#2263,.T.);
#2263 = EDGE_CURVE('',#2243,#515,#2264,.T.);
#2264 = SURFACE_CURVE('',#2265,(#2269,#2276),.PCURVE_S1.);
#2265 = LINE('',#2266,#2267);
#2266 = CARTESIAN_POINT('',(100.5,20.5,-0.1));
#2267 = VECTOR('',#2268,1.);
#2268 = DIRECTION('',(0.,0.,1.));
#2269 = PCURVE('',#558,#2270);
#2270 = DEFINITIONAL_REPRESENTATION('',(#2271),#2275);
#2271 = LINE('',#2272,#2273);
#2272 = CARTESIAN_POINT('',(0.,0.));
#2273 = VECTOR('',#2274,1.);
#2274 = DIRECTION('',(1.,0.));
#2275 = ( GEOMETRIC_REPRESENTATION_CONTEXT(2) 
PARAMETRIC_REPRESENTATION_CONTEXT() REPRESENTATION_CONTEXT('2D SPACE',''
  ) );
#2276 = PCURVE('',#531,#2277);
#2277 = DEFINITIONAL_REPRESENTATION('',(#2278),#2282);
#2278 = LINE('',#2279,#2280);
#2279 = CARTESIAN_POINT('',(1.570796326795,0.));
#2280 = VECTOR('',#2281,1.);
#2281 = DIRECTION('',(0.,1.));
#2282 = ( GEOMETRIC_REPRESENTATION_CONTEXT(2) 
PARAMETRIC_REPRESENTATION_CONTEXT() REPRESENTATION_CONTEXT('2D SPACE',''
  ) );
#2283 = ORIENTED_EDGE('',*,*,#543,.F.);
#2284 = ADVANCED_FACE('',(#2285),#531,.F.);
#2285 = FACE_BOUND('',#2286,.F.);
#2286 = EDGE_LOOP('',(#2287,#2288,#2289,#2313));
#2287 = ORIENTED_EDGE('',*,*,#514,.F.);
#2288 = ORIENTED_EDGE('',*,*,#2263,.F.);
#2289 = ORIENTED_EDGE('',*,*,#2290,.T.);
#2290 = EDGE_CURVE('',#2243,#2291,#2293,.T.);
#2291 = VERTEX_POINT('',#2292);
#2292 = CARTESIAN_POINT('',(97.002959199136,17.143894534629,0.));
#2293 = SURFACE_CURVE('',#2294,(#2299,#2306),.PCURVE_S1.);
#2294 = CIRCLE('',#2295,3.5);
#2295 = AXIS2_PLACEMENT_3D('',#2296,#2297,#2298);
#2296 = CARTESIAN_POINT('',(100.5,17.,0.));
#2297 = DIRECTION('',(0.,0.,1.));
#2298 = DIRECTION('',(1.,0.,-0.));
#2299 = PCURVE('',#531,#2300);
#2300 = DEFINITIONAL_REPRESENTATION('',(#2301),#2305);
#2301 = LINE('',#2302,#2303);
#2302 = CARTESIAN_POINT('',(0.,0.1));
#2303 = VECTOR('',#2304,1.);
#2304 = DIRECTION('',(1.,0.));
#2305 = ( GEOMETRIC_REPRESENTATION_CONTEXT(2) 
PARAMETRIC_REPRESENTATION_CONTEXT() REPRESENTATION_CONTEXT('2D SPACE',''
  ) );
#2306 = PCURVE('',#72,#2307);
#2307 = DEFINITIONAL_REPRESENTATION('',(#2308),#2312);
#2308 = CIRCLE('',#2309,3.5);
#2309 = AXIS2_PLACEMENT_2D('',#2310,#2311);
#2310 = CARTESIAN_POINT('',(100.5,17.));
#2311 = DIRECTION('',(1.,0.));
#2312 = ( GEOMETRIC_REPRESENTATION_CONTEXT(2) 
PARAMETRIC_REPRESENTATION_CONTEXT() REPRESENTATION_CONTEXT('2D SPACE',''
  ) );
#2313 = ORIENTED_EDGE('',*,*,#2314,.T.);
#2314 = EDGE_CURVE('',#2291,#484,#2315,.T.);
#2315 = SURFACE_CURVE('',#2316,(#2320,#2326),.PCURVE_S1.);
#2316 = LINE('',#2317,#2318);
#2317 = CARTESIAN_POINT('',(97.002959199136,17.143894534629,-0.1));
#2318 = VECTOR('',#2319,1.);
#2319 = DIRECTION('',(0.,0.,1.));
#2320 = PCURVE('',#531,#2321);
#2321 = DEFINITIONAL_REPRESENTATION('',(#2322),#2325);
#2322 = B_SPLINE_CURVE_WITH_KNOTS('',1,(#2323,#2324),.UNSPECIFIED.,.F.,
  .F.,(2,2),(9.99994E-02,3.1000006),.PIECEWISE_BEZIER_KNOTS.);
#2323 = CARTESIAN_POINT('',(3.100468338753,9.99994E-02));
#2324 = CARTESIAN_POINT('',(3.100468338753,3.1000006));
#2325 = ( GEOMETRIC_REPRESENTATION_CONTEXT(2) 
PARAMETRIC_REPRESENTATION_CONTEXT() REPRESENTATION_CONTEXT('2D SPACE',''
  ) );
#2326 = PCURVE('',#502,#2327);
#2327 = DEFINITIONAL_REPRESENTATION('',(#2328),#2331);
#2328 = B_SPLINE_CURVE_WITH_KNOTS('',1,(#2329,#2330),.UNSPECIFIED.,.F.,
  .F.,(2,2),(9.99994E-02,3.1000006),.PIECEWISE_BEZIER_KNOTS.);
#2329 = CARTESIAN_POINT('',(1.26198434686,9.99994E-02));
#2330 = CARTESIAN_POINT('',(1.26198434686,3.1000006));
#2331 = ( GEOMETRIC_REPRESENTATION_CONTEXT(2) 
PARAMETRIC_REPRESENTATION_CONTEXT() REPRESENTATION_CONTEXT('2D SPACE',''
  ) );
#2332 = ADVANCED_FACE('',(#2333),#502,.F.);
#2333 = FACE_BOUND('',#2334,.F.);
#2334 = EDGE_LOOP('',(#2335,#2336,#2337,#2359));
#2335 = ORIENTED_EDGE('',*,*,#483,.F.);
#2336 = ORIENTED_EDGE('',*,*,#2314,.F.);
#2337 = ORIENTED_EDGE('',*,*,#2338,.T.);
#2338 = EDGE_CURVE('',#2291,#2005,#2339,.T.);
#2339 = SURFACE_CURVE('',#2340,(#2345,#2352),.PCURVE_S1.);
#2340 = CIRCLE('',#2341,3.3);
#2341 = AXIS2_PLACEMENT_3D('',#2342,#2343,#2344);
#2342 = CARTESIAN_POINT('',(96.,14.,0.));
#2343 = DIRECTION('',(0.,0.,1.));
#2344 = DIRECTION('',(1.,0.,-0.));
#2345 = PCURVE('',#502,#2346);
#2346 = DEFINITIONAL_REPRESENTATION('',(#2347),#2351);
#2347 = LINE('',#2348,#2349);
#2348 = CARTESIAN_POINT('',(0.,0.1));
#2349 = VECTOR('',#2350,1.);
#2350 = DIRECTION('',(1.,0.));
#2351 = ( GEOMETRIC_REPRESENTATION_CONTEXT(2) 
PARAMETRIC_REPRESENTATION_CONTEXT() REPRESENTATION_CONTEXT('2D SPACE',''
  ) );
#2352 = PCURVE('',#72,#2353);
#2353 = DEFINITIONAL_REPRESENTATION('',(#2354),#2358);
#2354 = CIRCLE('',#2355,3.3);
#2355 = AXIS2_PLACEMENT_2D('',#2356,#2357);
#2356 = CARTESIAN_POINT('',(96.,14.));
#2357 = DIRECTION('',(1.,0.));
#2358 = ( GEOMETRIC_REPRESENTATION_CONTEXT(2) 
PARAMETRIC_REPRESENTATION_CONTEXT() REPRESENTATION_CONTEXT('2D SPACE',''
  ) );
#2359 = ORIENTED_EDGE('',*,*,#2004,.T.);
#2360 = ADVANCED_FACE('',(#2361),#469,.F.);
#2361 = FACE_BOUND('',#2362,.F.);
#2362 = EDGE_LOOP('',(#2363,#2364,#2387,#2409));
#2363 = ORIENTED_EDGE('',*,*,#452,.F.);
#2364 = ORIENTED_EDGE('',*,*,#2365,.F.);
#2365 = EDGE_CURVE('',#2366,#453,#2368,.T.);
#2366 = VERTEX_POINT('',#2367);
#2367 = CARTESIAN_POINT('',(142.3,9.,0.));
#2368 = SEAM_CURVE('',#2369,(#2373,#2380),.PCURVE_S1.);
#2369 = LINE('',#2370,#2371);
#2370 = CARTESIAN_POINT('',(142.3,9.,-0.1));
#2371 = VECTOR('',#2372,1.);
#2372 = DIRECTION('',(0.,0.,1.));
#2373 = PCURVE('',#469,#2374);
#2374 = DEFINITIONAL_REPRESENTATION('',(#2375),#2379);
#2375 = LINE('',#2376,#2377);
#2376 = CARTESIAN_POINT('',(6.28318530718,-0.));
#2377 = VECTOR('',#2378,1.);
#2378 = DIRECTION('',(0.,1.));
#2379 = ( GEOMETRIC_REPRESENTATION_CONTEXT(2) 
PARAMETRIC_REPRESENTATION_CONTEXT() REPRESENTATION_CONTEXT('2D SPACE',''
  ) );
#2380 = PCURVE('',#469,#2381);
#2381 = DEFINITIONAL_REPRESENTATION('',(#2382),#2386);
#2382 = LINE('',#2383,#2384);
#2383 = CARTESIAN_POINT('',(0.,-0.));
#2384 = VECTOR('',#2385,1.);
#2385 = DIRECTION('',(0.,1.));
#2386 = ( GEOMETRIC_REPRESENTATION_CONTEXT(2) 
PARAMETRIC_REPRESENTATION_CONTEXT() REPRESENTATION_CONTEXT('2D SPACE',''
  ) );
#2387 = ORIENTED_EDGE('',*,*,#2388,.T.);
#2388 = EDGE_CURVE('',#2366,#2366,#2389,.T.);
#2389 = SURFACE_CURVE('',#2390,(#2395,#2402),.PCURVE_S1.);
#2390 = CIRCLE('',#2391,3.3);
#2391 = AXIS2_PLACEMENT_3D('',#2392,#2393,#2394);
#2392 = CARTESIAN_POINT('',(139.,9.,0.));
#2393 = DIRECTION('',(0.,0.,1.));
#2394 = DIRECTION('',(1.,0.,-0.));
#2395 = PCURVE('',#469,#2396);
#2396 = DEFINITIONAL_REPRESENTATION('',(#2397),#2401);
#2397 = LINE('',#2398,#2399);
#2398 = CARTESIAN_POINT('',(0.,0.1));
#2399 = VECTOR('',#2400,1.);
#2400 = DIRECTION('',(1.,0.));
#2401 = ( GEOMETRIC_REPRESENTATION_CONTEXT(2) 
PARAMETRIC_REPRESENTATION_CONTEXT() REPRESENTATION_CONTEXT('2D SPACE',''
  ) );
#2402 = PCURVE('',#72,#2403);
#2403 = DEFINITIONAL_REPRESENTATION('',(#2404),#2408);
#2404 = CIRCLE('',#2405,3.3);
#2405 = AXIS2_PLACEMENT_2D('',#2406,#2407);
#2406 = CARTESIAN_POINT('',(139.,9.));
#2407 = DIRECTION('',(1.,0.));
#2408 = ( GEOMETRIC_REPRESENTATION_CONTEXT(2) 
PARAMETRIC_REPRESENTATION_CONTEXT() REPRESENTATION_CONTEXT('2D SPACE',''
  ) );
#2409 = ORIENTED_EDGE('',*,*,#2365,.T.);
#2410 = ADVANCED_FACE('',(#2411),#438,.F.);
#2411 = FACE_BOUND('',#2412,.F.);
#2412 = EDGE_LOOP('',(#2413,#2414,#2437,#2459));
#2413 = ORIENTED_EDGE('',*,*,#421,.F.);
#2414 = ORIENTED_EDGE('',*,*,#2415,.F.);
#2415 = EDGE_CURVE('',#2416,#422,#2418,.T.);
#2416 = VERTEX_POINT('',#2417);
#2417 = CARTESIAN_POINT('',(35.3,14.,0.));
#2418 = SEAM_CURVE('',#2419,(#2423,#2430),.PCURVE_S1.);
#2419 = LINE('',#2420,#2421);
#2420 = CARTESIAN_POINT('',(35.3,14.,-0.1));
#2421 = VECTOR('',#2422,1.);
#2422 = DIRECTION('',(0.,0.,1.));
#2423 = PCURVE('',#438,#2424);
#2424 = DEFINITIONAL_REPRESENTATION('',(#2425),#2429);
#2425 = LINE('',#2426,#2427);
#2426 = CARTESIAN_POINT('',(6.28318530718,-0.));
#2427 = VECTOR('',#2428,1.);
#2428 = DIRECTION('',(0.,1.));
#2429 = ( GEOMETRIC_REPRESENTATION_CONTEXT(2) 
PARAMETRIC_REPRESENTATION_CONTEXT() REPRESENTATION_CONTEXT('2D SPACE',''
  ) );
#2430 = PCURVE('',#438,#2431);
#2431 = DEFINITIONAL_REPRESENTATION('',(#2432),#2436);
#2432 = LINE('',#2433,#2434);
#2433 = CARTESIAN_POINT('',(0.,-0.));
#2434 = VECTOR('',#2435,1.);
#2435 = DIRECTION('',(0.,1.));
#2436 = ( GEOMETRIC_REPRESENTATION_CONTEXT(2) 
PARAMETRIC_REPRESENTATION_CONTEXT() REPRESENTATION_CONTEXT('2D SPACE',''
  ) );
#2437 = ORIENTED_EDGE('',*,*,#2438,.T.);
#2438 = EDGE_CURVE('',#2416,#2416,#2439,.T.);
#2439 = SURFACE_CURVE('',#2440,(#2445,#2452),.PCURVE_S1.);
#2440 = CIRCLE('',#2441,3.3);
#2441 = AXIS2_PLACEMENT_3D('',#2442,#2443,#2444);
#2442 = CARTESIAN_POINT('',(32.,14.,0.));
#2443 = DIRECTION('',(0.,0.,1.));
#2444 = DIRECTION('',(1.,0.,-0.));
#2445 = PCURVE('',#438,#2446);
#2446 = DEFINITIONAL_REPRESENTATION('',(#2447),#2451);
#2447 = LINE('',#2448,#2449);
#2448 = CARTESIAN_POINT('',(0.,0.1));
#2449 = VECTOR('',#2450,1.);
#2450 = DIRECTION('',(1.,0.));
#2451 = ( GEOMETRIC_REPRESENTATION_CONTEXT(2) 
PARAMETRIC_REPRESENTATION_CONTEXT() REPRESENTATION_CONTEXT('2D SPACE',''
  ) );
#2452 = PCURVE('',#72,#2453);
#2453 = DEFINITIONAL_REPRESENTATION('',(#2454),#2458);
#2454 = CIRCLE('',#2455,3.3);
#2455 = AXIS2_PLACEMENT_2D('',#2456,#2457);
#2456 = CARTESIAN_POINT('',(32.,14.));
#2457 = DIRECTION('',(1.,0.));
#2458 = ( GEOMETRIC_REPRESENTATION_CONTEXT(2) 
PARAMETRIC_REPRESENTATION_CONTEXT() REPRESENTATION_CONTEXT('2D SPACE',''
  ) );
#2459 = ORIENTED_EDGE('',*,*,#2415,.T.);
#2460 = ADVANCED_FACE('',(#2461),#156,.F.);
#2461 = FACE_BOUND('',#2462,.F.);
#2462 = EDGE_LOOP('',(#2463,#2464,#2465,#2486));
#2463 = ORIENTED_EDGE('',*,*,#398,.F.);
#2464 = ORIENTED_EDGE('',*,*,#140,.T.);
#2465 = ORIENTED_EDGE('',*,*,#2466,.T.);
#2466 = EDGE_CURVE('',#113,#349,#2467,.T.);
#2467 = SURFACE_CURVE('',#2468,(#2472,#2479),.PCURVE_S1.);
#2468 = LINE('',#2469,#2470);
#2469 = CARTESIAN_POINT('',(0.,85.,18.));
#2470 = VECTOR('',#2471,1.);
#2471 = DIRECTION('',(1.,0.,0.));
#2472 = PCURVE('',#156,#2473);
#2473 = DEFINITIONAL_REPRESENTATION('',(#2474),#2478);
#2474 = LINE('',#2475,#2476);
#2475 = CARTESIAN_POINT('',(15.,0.));
#2476 = VECTOR('',#2477,1.);
#2477 = DIRECTION('',(0.,1.));
#2478 = ( GEOMETRIC_REPRESENTATION_CONTEXT(2) 
PARAMETRIC_REPRESENTATION_CONTEXT() REPRESENTATION_CONTEXT('2D SPACE',''
  ) );
#2479 = PCURVE('',#128,#2480);
#2480 = DEFINITIONAL_REPRESENTATION('',(#2481),#2485);
#2481 = LINE('',#2482,#2483);
#2482 = CARTESIAN_POINT('',(0.,0.));
#2483 = VECTOR('',#2484,1.);
#2484 = DIRECTION('',(1.,0.));
#2485 = ( GEOMETRIC_REPRESENTATION_CONTEXT(2) 
PARAMETRIC_REPRESENTATION_CONTEXT() REPRESENTATION_CONTEXT('2D SPACE',''
  ) );
#2486 = ORIENTED_EDGE('',*,*,#348,.F.);
#2487 = ADVANCED_FACE('',(#2488),#128,.T.);
#2488 = FACE_BOUND('',#2489,.T.);
#2489 = EDGE_LOOP('',(#2490,#2491,#2492,#2493,#2494,#2495,#2518,#2546));
#2490 = ORIENTED_EDGE('',*,*,#112,.F.);
#2491 = ORIENTED_EDGE('',*,*,#2466,.T.);
#2492 = ORIENTED_EDGE('',*,*,#371,.F.);
#2493 = ORIENTED_EDGE('',*,*,#272,.F.);
#2494 = ORIENTED_EDGE('',*,*,#224,.F.);
#2495 = ORIENTED_EDGE('',*,*,#2496,.T.);
#2496 = EDGE_CURVE('',#24,#2497,#2499,.T.);
#2497 = VERTEX_POINT('',#2498);
#2498 = CARTESIAN_POINT('',(190.,0.,18.));
#2499 = SURFACE_CURVE('',#2500,(#2504,#2511),.PCURVE_S1.);
#2500 = LINE('',#2501,#2502);
#2501 = CARTESIAN_POINT('',(0.,0.,18.));
#2502 = VECTOR('',#2503,1.);
#2503 = DIRECTION('',(1.,0.,0.));
#2504 = PCURVE('',#128,#2505);
#2505 = DEFINITIONAL_REPRESENTATION('',(#2506),#2510);
#2506 = LINE('',#2507,#2508);
#2507 = CARTESIAN_POINT('',(0.,-85.));
#2508 = VECTOR('',#2509,1.);
#2509 = DIRECTION('',(1.,0.));
#2510 = ( GEOMETRIC_REPRESENTATION_CONTEXT(2) 
PARAMETRIC_REPRESENTATION_CONTEXT() REPRESENTATION_CONTEXT('2D SPACE',''
  ) );
#2511 = PCURVE('',#44,#2512);
#2512 = DEFINITIONAL_REPRESENTATION('',(#2513),#2517);
#2513 = LINE('',#2514,#2515);
#2514 = CARTESIAN_POINT('',(18.,0.));
#2515 = VECTOR('',#2516,1.);
#2516 = DIRECTION('',(0.,1.));
#2517 = ( GEOMETRIC_REPRESENTATION_CONTEXT(2) 
PARAMETRIC_REPRESENTATION_CONTEXT() REPRESENTATION_CONTEXT('2D SPACE',''
  ) );
#2518 = ORIENTED_EDGE('',*,*,#2519,.T.);
#2519 = EDGE_CURVE('',#2497,#2520,#2522,.T.);
#2520 = VERTEX_POINT('',#2521);
#2521 = CARTESIAN_POINT('',(190.,88.,18.));
#2522 = SURFACE_CURVE('',#2523,(#2527,#2534),.PCURVE_S1.);
#2523 = LINE('',#2524,#2525);
#2524 = CARTESIAN_POINT('',(190.,0.,18.));
#2525 = VECTOR('',#2526,1.);
#2526 = DIRECTION('',(0.,1.,0.));
#2527 = PCURVE('',#128,#2528);
#2528 = DEFINITIONAL_REPRESENTATION('',(#2529),#2533);
#2529 = LINE('',#2530,#2531);
#2530 = CARTESIAN_POINT('',(190.,-85.));
#2531 = VECTOR('',#2532,1.);
#2532 = DIRECTION('',(0.,1.));
#2533 = ( GEOMETRIC_REPRESENTATION_CONTEXT(2) 
PARAMETRIC_REPRESENTATION_CONTEXT() REPRESENTATION_CONTEXT('2D SPACE',''
  ) );
#2534 = PCURVE('',#2535,#2540);
#2535 = PLANE('',#2536);
#2536 = AXIS2_PLACEMENT_3D('',#2537,#2538,#2539);
#2537 = CARTESIAN_POINT('',(190.,0.,0.));
#2538 = DIRECTION('',(1.,0.,0.));
#2539 = DIRECTION('',(0.,0.,1.));
#2540 = DEFINITIONAL_REPRESENTATION('',(#2541),#2545);
#2541 = LINE('',#2542,#2543);
#2542 = CARTESIAN_POINT('',(18.,0.));
#2543 = VECTOR('',#2544,1.);
#2544 = DIRECTION('',(0.,-1.));
#2545 = ( GEOMETRIC_REPRESENTATION_CONTEXT(2) 
PARAMETRIC_REPRESENTATION_CONTEXT() REPRESENTATION_CONTEXT('2D SPACE',''
  ) );
#2546 = ORIENTED_EDGE('',*,*,#2547,.F.);
#2547 = EDGE_CURVE('',#85,#2520,#2548,.T.);
#2548 = SURFACE_CURVE('',#2549,(#2553,#2560),.PCURVE_S1.);
#2549 = LINE('',#2550,#2551);
#2550 = CARTESIAN_POINT('',(0.,88.,18.));
#2551 = VECTOR('',#2552,1.);
#2552 = DIRECTION('',(1.,0.,0.));
#2553 = PCURVE('',#128,#2554);
#2554 = DEFINITIONAL_REPRESENTATION('',(#2555),#2559);
#2555 = LINE('',#2556,#2557);
#2556 = CARTESIAN_POINT('',(0.,3.));
#2557 = VECTOR('',#2558,1.);
#2558 = DIRECTION('',(1.,0.));
#2559 = ( GEOMETRIC_REPRESENTATION_CONTEXT(2) 
PARAMETRIC_REPRESENTATION_CONTEXT() REPRESENTATION_CONTEXT('2D SPACE',''
  ) );
#2560 = PCURVE('',#100,#2561);
#2561 = DEFINITIONAL_REPRESENTATION('',(#2562),#2566);
#2562 = LINE('',#2563,#2564);
#2563 = CARTESIAN_POINT('',(18.,0.));
#2564 = VECTOR('',#2565,1.);
#2565 = DIRECTION('',(0.,1.));
#2566 = ( GEOMETRIC_REPRESENTATION_CONTEXT(2) 
PARAMETRIC_REPRESENTATION_CONTEXT() REPRESENTATION_CONTEXT('2D SPACE',''
  ) );
#2567 = ADVANCED_FACE('',(#2568),#2535,.T.);
#2568 = FACE_BOUND('',#2569,.T.);
#2569 = EDGE_LOOP('',(#2570,#2593,#2616,#2637));
#2570 = ORIENTED_EDGE('',*,*,#2571,.F.);
#2571 = EDGE_CURVE('',#2572,#2497,#2574,.T.);
#2572 = VERTEX_POINT('',#2573);
#2573 = CARTESIAN_POINT('',(190.,0.,0.));
#2574 = SURFACE_CURVE('',#2575,(#2579,#2586),.PCURVE_S1.);
#2575 = LINE('',#2576,#2577);
#2576 = CARTESIAN_POINT('',(190.,0.,0.));
#2577 = VECTOR('',#2578,1.);
#2578 = DIRECTION('',(0.,0.,1.));
#2579 = PCURVE('',#2535,#2580);
#2580 = DEFINITIONAL_REPRESENTATION('',(#2581),#2585);
#2581 = LINE('',#2582,#2583);
#2582 = CARTESIAN_POINT('',(0.,0.));
#2583 = VECTOR('',#2584,1.);
#2584 = DIRECTION('',(1.,0.));
#2585 = ( GEOMETRIC_REPRESENTATION_CONTEXT(2) 
PARAMETRIC_REPRESENTATION_CONTEXT() REPRESENTATION_CONTEXT('2D SPACE',''
  ) );
#2586 = PCURVE('',#44,#2587);
#2587 = DEFINITIONAL_REPRESENTATION('',(#2588),#2592);
#2588 = LINE('',#2589,#2590);
#2589 = CARTESIAN_POINT('',(0.,190.));
#2590 = VECTOR('',#2591,1.);
#2591 = DIRECTION('',(1.,0.));
#2592 = ( GEOMETRIC_REPRESENTATION_CONTEXT(2) 
PARAMETRIC_REPRESENTATION_CONTEXT() REPRESENTATION_CONTEXT('2D SPACE',''
  ) );
#2593 = ORIENTED_EDGE('',*,*,#2594,.T.);
#2594 = EDGE_CURVE('',#2572,#2595,#2597,.T.);
#2595 = VERTEX_POINT('',#2596);
#2596 = CARTESIAN_POINT('',(190.,88.,0.));
#2597 = SURFACE_CURVE('',#2598,(#2602,#2609),.PCURVE_S1.);
#2598 = LINE('',#2599,#2600);
#2599 = CARTESIAN_POINT('',(190.,0.,0.));
#2600 = VECTOR('',#2601,1.);
#2601 = DIRECTION('',(0.,1.,0.));
#2602 = PCURVE('',#2535,#2603);
#2603 = DEFINITIONAL_REPRESENTATION('',(#2604),#2608);
#2604 = LINE('',#2605,#2606);
#2605 = CARTESIAN_POINT('',(0.,0.));
#2606 = VECTOR('',#2607,1.);
#2607 = DIRECTION('',(0.,-1.));
#2608 = ( GEOMETRIC_REPRESENTATION_CONTEXT(2) 
PARAMETRIC_REPRESENTATION_CONTEXT() REPRESENTATION_CONTEXT('2D SPACE',''
  ) );
#2609 = PCURVE('',#72,#2610);
#2610 = DEFINITIONAL_REPRESENTATION('',(#2611),#2615);
#2611 = LINE('',#2612,#2613);
#2612 = CARTESIAN_POINT('',(190.,0.));
#2613 = VECTOR('',#2614,1.);
#2614 = DIRECTION('',(0.,1.));
#2615 = ( GEOMETRIC_REPRESENTATION_CONTEXT(2) 
PARAMETRIC_REPRESENTATION_CONTEXT() REPRESENTATION_CONTEXT('2D SPACE',''
  ) );
#2616 = ORIENTED_EDGE('',*,*,#2617,.F.);
#2617 = EDGE_CURVE('',#2520,#2595,#2618,.T.);
#2618 = SURFACE_CURVE('',#2619,(#2623,#2630),.PCURVE_S1.);
#2619 = LINE('',#2620,#2621);
#2620 = CARTESIAN_POINT('',(190.,88.,18.));
#2621 = VECTOR('',#2622,1.);
#2622 = DIRECTION('',(0.,0.,-1.));
#2623 = PCURVE('',#2535,#2624);
#2624 = DEFINITIONAL_REPRESENTATION('',(#2625),#2629);
#2625 = LINE('',#2626,#2627);
#2626 = CARTESIAN_POINT('',(18.,-88.));
#2627 = VECTOR('',#2628,1.);
#2628 = DIRECTION('',(-1.,0.));
#2629 = ( GEOMETRIC_REPRESENTATION_CONTEXT(2) 
PARAMETRIC_REPRESENTATION_CONTEXT() REPRESENTATION_CONTEXT('2D SPACE',''
  ) );
#2630 = PCURVE('',#100,#2631);
#2631 = DEFINITIONAL_REPRESENTATION('',(#2632),#2636);
#2632 = LINE('',#2633,#2634);
#2633 = CARTESIAN_POINT('',(18.,190.));
#2634 = VECTOR('',#2635,1.);
#2635 = DIRECTION('',(-1.,0.));
#2636 = ( GEOMETRIC_REPRESENTATION_CONTEXT(2) 
PARAMETRIC_REPRESENTATION_CONTEXT() REPRESENTATION_CONTEXT('2D SPACE',''
  ) );
#2637 = ORIENTED_EDGE('',*,*,#2519,.F.);
#2638 = ADVANCED_FACE('',(#2639),#100,.T.);
#2639 = FACE_BOUND('',#2640,.T.);
#2640 = EDGE_LOOP('',(#2641,#2662,#2663,#2664));
#2641 = ORIENTED_EDGE('',*,*,#2642,.F.);
#2642 = EDGE_CURVE('',#57,#2595,#2643,.T.);
#2643 = SURFACE_CURVE('',#2644,(#2648,#2655),.PCURVE_S1.);
#2644 = LINE('',#2645,#2646);
#2645 = CARTESIAN_POINT('',(0.,88.,0.));
#2646 = VECTOR('',#2647,1.);
#2647 = DIRECTION('',(1.,0.,0.));
#2648 = PCURVE('',#100,#2649);
#2649 = DEFINITIONAL_REPRESENTATION('',(#2650),#2654);
#2650 = LINE('',#2651,#2652);
#2651 = CARTESIAN_POINT('',(0.,0.));
#2652 = VECTOR('',#2653,1.);
#2653 = DIRECTION('',(0.,1.));
#2654 = ( GEOMETRIC_REPRESENTATION_CONTEXT(2) 
PARAMETRIC_REPRESENTATION_CONTEXT() REPRESENTATION_CONTEXT('2D SPACE',''
  ) );
#2655 = PCURVE('',#72,#2656);
#2656 = DEFINITIONAL_REPRESENTATION('',(#2657),#2661);
#2657 = LINE('',#2658,#2659);
#2658 = CARTESIAN_POINT('',(0.,88.));
#2659 = VECTOR('',#2660,1.);
#2660 = DIRECTION('',(1.,0.));
#2661 = ( GEOMETRIC_REPRESENTATION_CONTEXT(2) 
PARAMETRIC_REPRESENTATION_CONTEXT() REPRESENTATION_CONTEXT('2D SPACE',''
  ) );
#2662 = ORIENTED_EDGE('',*,*,#84,.F.);
#2663 = ORIENTED_EDGE('',*,*,#2547,.T.);
#2664 = ORIENTED_EDGE('',*,*,#2617,.T.);
#2665 = ADVANCED_FACE('',(#2666,#2692,#2695,#2698,#2708,#2711,#2714,
    #2717,#2720,#2723,#2733,#2736,#2739),#72,.F.);
#2666 = FACE_BOUND('',#2667,.F.);
#2667 = EDGE_LOOP('',(#2668,#2669,#2690,#2691));
#2668 = ORIENTED_EDGE('',*,*,#56,.F.);
#2669 = ORIENTED_EDGE('',*,*,#2670,.T.);
#2670 = EDGE_CURVE('',#22,#2572,#2671,.T.);
#2671 = SURFACE_CURVE('',#2672,(#2676,#2683),.PCURVE_S1.);
#2672 = LINE('',#2673,#2674);
#2673 = CARTESIAN_POINT('',(0.,0.,0.));
#2674 = VECTOR('',#2675,1.);
#2675 = DIRECTION('',(1.,0.,0.));
#2676 = PCURVE('',#72,#2677);
#2677 = DEFINITIONAL_REPRESENTATION('',(#2678),#2682);
#2678 = LINE('',#2679,#2680);
#2679 = CARTESIAN_POINT('',(0.,0.));
#2680 = VECTOR('',#2681,1.);
#2681 = DIRECTION('',(1.,0.));
#2682 = ( GEOMETRIC_REPRESENTATION_CONTEXT(2) 
PARAMETRIC_REPRESENTATION_CONTEXT() REPRESENTATION_CONTEXT('2D SPACE',''
  ) );
#2683 = PCURVE('',#44,#2684);
#2684 = DEFINITIONAL_REPRESENTATION('',(#2685),#2689);
#2685 = LINE('',#2686,#2687);
#2686 = CARTESIAN_POINT('',(0.,0.));
#2687 = VECTOR('',#2688,1.);
#2688 = DIRECTION('',(0.,1.));
#2689 = ( GEOMETRIC_REPRESENTATION_CONTEXT(2) 
PARAMETRIC_REPRESENTATION_CONTEXT() REPRESENTATION_CONTEXT('2D SPACE',''
  ) );
#2690 = ORIENTED_EDGE('',*,*,#2594,.T.);
#2691 = ORIENTED_EDGE('',*,*,#2642,.F.);
#2692 = FACE_BOUND('',#2693,.F.);
#2693 = EDGE_LOOP('',(#2694));
#2694 = ORIENTED_EDGE('',*,*,#2438,.F.);
#2695 = FACE_BOUND('',#2696,.F.);
#2696 = EDGE_LOOP('',(#2697));
#2697 = ORIENTED_EDGE('',*,*,#2388,.F.);
#2698 = FACE_BOUND('',#2699,.F.);
#2699 = EDGE_LOOP('',(#2700,#2701,#2702,#2703,#2704,#2705,#2706,#2707));
#2700 = ORIENTED_EDGE('',*,*,#2338,.F.);
#2701 = ORIENTED_EDGE('',*,*,#2290,.F.);
#2702 = ORIENTED_EDGE('',*,*,#2242,.F.);
#2703 = ORIENTED_EDGE('',*,*,#2192,.F.);
#2704 = ORIENTED_EDGE('',*,*,#2144,.F.);
#2705 = ORIENTED_EDGE('',*,*,#2097,.F.);
#2706 = ORIENTED_EDGE('',*,*,#2072,.T.);
#2707 = ORIENTED_EDGE('',*,*,#2025,.F.);
#2708 = FACE_BOUND('',#2709,.F.);
#2709 = EDGE_LOOP('',(#2710));
#2710 = ORIENTED_EDGE('',*,*,#1954,.F.);
#2711 = FACE_BOUND('',#2712,.F.);
#2712 = EDGE_LOOP('',(#2713));
#2713 = ORIENTED_EDGE('',*,*,#1904,.F.);
#2714 = FACE_BOUND('',#2715,.F.);
#2715 = EDGE_LOOP('',(#2716));
#2716 = ORIENTED_EDGE('',*,*,#1854,.F.);
#2717 = FACE_BOUND('',#2718,.F.);
#2718 = EDGE_LOOP('',(#2719));
#2719 = ORIENTED_EDGE('',*,*,#1804,.F.);
#2720 = FACE_BOUND('',#2721,.F.);
#2721 = EDGE_LOOP('',(#2722));
#2722 = ORIENTED_EDGE('',*,*,#1754,.F.);
#2723 = FACE_BOUND('',#2724,.F.);
#2724 = EDGE_LOOP('',(#2725,#2726,#2727,#2728,#2729,#2730,#2731,#2732));
#2725 = ORIENTED_EDGE('',*,*,#1704,.F.);
#2726 = ORIENTED_EDGE('',*,*,#1656,.F.);
#2727 = ORIENTED_EDGE('',*,*,#1608,.F.);
#2728 = ORIENTED_EDGE('',*,*,#1558,.F.);
#2729 = ORIENTED_EDGE('',*,*,#1510,.F.);
#2730 = ORIENTED_EDGE('',*,*,#1463,.F.);
#2731 = ORIENTED_EDGE('',*,*,#1438,.T.);
#2732 = ORIENTED_EDGE('',*,*,#1391,.F.);
#2733 = FACE_BOUND('',#2734,.F.);
#2734 = EDGE_LOOP('',(#2735));
#2735 = ORIENTED_EDGE('',*,*,#1320,.F.);
#2736 = FACE_BOUND('',#2737,.F.);
#2737 = EDGE_LOOP('',(#2738));
#2738 = ORIENTED_EDGE('',*,*,#1270,.F.);
#2739 = FACE_BOUND('',#2740,.F.);
#2740 = EDGE_LOOP('',(#2741));
#2741 = ORIENTED_EDGE('',*,*,#1220,.F.);
#2742 = ADVANCED_FACE('',(#2743),#44,.F.);
#2743 = FACE_BOUND('',#2744,.F.);
#2744 = EDGE_LOOP('',(#2745,#2746,#2747,#2748));
#2745 = ORIENTED_EDGE('',*,*,#2670,.F.);
#2746 = ORIENTED_EDGE('',*,*,#21,.T.);
#2747 = ORIENTED_EDGE('',*,*,#2496,.T.);
#2748 = ORIENTED_EDGE('',*,*,#2571,.F.);
#2749 = ( GEOMETRIC_REPRESENTATION_CONTEXT(3) 
GLOBAL_UNCERTAINTY_ASSIGNED_CONTEXT((#2753)) 
GLOBAL_UNIT_ASSIGNED_CONTEXT((#2750,#2751,#2752)) REPRESENTATION_CONTEXT
('Context #1','3D Context with UNIT and UNCERTAINTY') );
#2750 = ( LENGTH_UNIT() NAMED_UNIT(*) SI_UNIT(.MILLI.,.METRE.) );
#2751 = ( NAMED_UNIT(*) PLANE_ANGLE_UNIT() SI_UNIT($,.RADIAN.) );
#2752 = ( NAMED_UNIT(*) SI_UNIT($,.STERADIAN.) SOLID_ANGLE_UNIT() );
#2753 = UNCERTAINTY_MEASURE_WITH_UNIT(LENGTH_MEASURE(1.E-07),#2750,
  'distance_accuracy_value','confusion accuracy');
#2754 = PRODUCT_RELATED_PRODUCT_CATEGORY('part',$,(#7));
ENDSEC;
END-ISO-10303-21;
