ISO-10303-21;
HEADER;
FILE_DESCRIPTION(('Open CASCADE Model'),'2;1');
FILE_NAME('Open CASCADE Shape Model','2026-09-26T16:05:10',('Author'),(
    'Open CASCADE'),'Open CASCADE STEP processor 7.9','Open CASCADE 7.9'
  ,'Unknown');
FILE_SCHEMA(('AUTOMOTIVE_DESIGN { 1 0 10303 214 1 1 1 1 }'));
ENDSEC;
DATA;
#1 = APPLICATION_PROTOCOL_DEFINITION('international standard',
  'automotive_design',2000,#2);
#2 = APPLICATION_CONTEXT(
  'core data for automotive mechanical design processes');
#3 = SHAPE_DEFINITION_REPRESENTATION(#4,#10);
#4 = PRODUCT_DEFINITION_SHAPE('','',#5);
#5 = PRODUCT_DEFINITION('design','',#6,#9);
#6 = PRODUCT_DEFINITION_FORMATION('','',#7);
#7 = PRODUCT('Open CASCADE STEP translator 7.9 17',
  'Open CASCADE STEP translator 7.9 17','',(#8));
#8 = PRODUCT_CONTEXT('',#2,'mechanical');
#9 = PRODUCT_DEFINITION_CONTEXT('part definition',#2,'design');
#10 = ADVANCED_BREP_SHAPE_REPRESENTATION('',(#11,#15),#2332);
#11 = AXIS2_PLACEMENT_3D('',#12,#13,#14);
#12 = CARTESIAN_POINT('',(0.,0.,0.));
#13 = DIRECTION('',(0.,0.,1.));
#14 = DIRECTION('',(1.,0.,-0.));
#15 = MANIFOLD_SOLID_BREP('',#16);
#16 = CLOSED_SHELL('',(#17,#137,#213,#386,#435,#566,#635,#662,#1391,
    #1418,#2162,#2243,#2324,#2328));
#17 = ADVANCED_FACE('',(#18),#32,.F.);
#18 = FACE_BOUND('',#19,.F.);
#19 = EDGE_LOOP('',(#20,#55,#83,#111));
#20 = ORIENTED_EDGE('',*,*,#21,.F.);
#21 = EDGE_CURVE('',#22,#24,#26,.T.);
#22 = VERTEX_POINT('',#23);
#23 = CARTESIAN_POINT('',(108.,6.,-8.));
#24 = VERTEX_POINT('',#25);
#25 = CARTESIAN_POINT('',(108.,6.,0.));
#26 = SURFACE_CURVE('',#27,(#31,#43),.PCURVE_S1.);
#27 = LINE('',#28,#29);
#28 = CARTESIAN_POINT('',(108.,6.,-8.));
#29 = VECTOR('',#30,1.);
#30 = DIRECTION('',(0.,0.,1.));
#31 = PCURVE('',#32,#37);
#32 = PLANE('',#33);
#33 = AXIS2_PLACEMENT_3D('',#34,#35,#36);
#34 = CARTESIAN_POINT('',(108.,6.,-8.));
#35 = DIRECTION('',(1.,0.,0.));
#36 = DIRECTION('',(0.,0.,1.));
#37 = DEFINITIONAL_REPRESENTATION('',(#38),#42);
#38 = LINE('',#39,#40);
#39 = CARTESIAN_POINT('',(0.,0.));
#40 = VECTOR('',#41,1.);
#41 = DIRECTION('',(1.,0.));
#42 = ( GEOMETRIC_REPRESENTATION_CONTEXT(2) 
PARAMETRIC_REPRESENTATION_CONTEXT() REPRESENTATION_CONTEXT('2D SPACE',''
  ) );
#43 = PCURVE('',#44,#49);
#44 = PLANE('',#45);
#45 = AXIS2_PLACEMENT_3D('',#46,#47,#48);
#46 = CARTESIAN_POINT('',(108.,6.,-8.));
#47 = DIRECTION('',(0.,1.,0.));
#48 = DIRECTION('',(0.,0.,1.));
#49 = DEFINITIONAL_REPRESENTATION('',(#50),#54);
#50 = LINE('',#51,#52);
#51 = CARTESIAN_POINT('',(0.,0.));
#52 = VECTOR('',#53,1.);
#53 = DIRECTION('',(1.,0.));
#54 = ( GEOMETRIC_REPRESENTATION_CONTEXT(2) 
PARAMETRIC_REPRESENTATION_CONTEXT() REPRESENTATION_CONTEXT('2D SPACE',''
  ) );
#55 = ORIENTED_EDGE('',*,*,#56,.T.);
#56 = EDGE_CURVE('',#22,#57,#59,.T.);
#57 = VERTEX_POINT('',#58);
#58 = CARTESIAN_POINT('',(108.,78.,-8.));
#59 = SURFACE_CURVE('',#60,(#64,#71),.PCURVE_S1.);
#60 = LINE('',#61,#62);
#61 = CARTESIAN_POINT('',(108.,6.,-8.));
#62 = VECTOR('',#63,1.);
#63 = DIRECTION('',(0.,1.,0.));
#64 = PCURVE('',#32,#65);
#65 = DEFINITIONAL_REPRESENTATION('',(#66),#70);
#66 = LINE('',#67,#68);
#67 = CARTESIAN_POINT('',(0.,0.));
#68 = VECTOR('',#69,1.);
#69 = DIRECTION('',(0.,-1.));
#70 = ( GEOMETRIC_REPRESENTATION_CONTEXT(2) 
PARAMETRIC_REPRESENTATION_CONTEXT() REPRESENTATION_CONTEXT('2D SPACE',''
  ) );
#71 = PCURVE('',#72,#77);
#72 = PLANE('',#73);
#73 = AXIS2_PLACEMENT_3D('',#74,#75,#76);
#74 = CARTESIAN_POINT('',(108.,6.,-8.));
#75 = DIRECTION('',(0.,0.,1.));
#76 = DIRECTION('',(1.,0.,0.));
#77 = DEFINITIONAL_REPRESENTATION('',(#78),#82);
#78 = LINE('',#79,#80);
#79 = CARTESIAN_POINT('',(0.,0.));
#80 = VECTOR('',#81,1.);
#81 = DIRECTION('',(0.,1.));
#82 = ( GEOMETRIC_REPRESENTATION_CONTEXT(2) 
PARAMETRIC_REPRESENTATION_CONTEXT() REPRESENTATION_CONTEXT('2D SPACE',''
  ) );
#83 = ORIENTED_EDGE('',*,*,#84,.T.);
#84 = EDGE_CURVE('',#57,#85,#87,.T.);
#85 = VERTEX_POINT('',#86);
#86 = CARTESIAN_POINT('',(108.,78.,0.));
#87 = SURFACE_CURVE('',#88,(#92,#99),.PCURVE_S1.);
#88 = LINE('',#89,#90);
#89 = CARTESIAN_POINT('',(108.,78.,-8.));
#90 = VECTOR('',#91,1.);
#91 = DIRECTION('',(0.,0.,1.));
#92 = PCURVE('',#32,#93);
#93 = DEFINITIONAL_REPRESENTATION('',(#94),#98);
#94 = LINE('',#95,#96);
#95 = CARTESIAN_POINT('',(0.,-72.));
#96 = VECTOR('',#97,1.);
#97 = DIRECTION('',(1.,0.));
#98 = ( GEOMETRIC_REPRESENTATION_CONTEXT(2) 
PARAMETRIC_REPRESENTATION_CONTEXT() REPRESENTATION_CONTEXT('2D SPACE',''
  ) );
#99 = PCURVE('',#100,#105);
#100 = PLANE('',#101);
#101 = AXIS2_PLACEMENT_3D('',#102,#103,#104);
#102 = CARTESIAN_POINT('',(108.,78.,-8.));
#103 = DIRECTION('',(0.,1.,0.));
#104 = DIRECTION('',(0.,0.,1.));
#105 = DEFINITIONAL_REPRESENTATION('',(#106),#110);
#106 = LINE('',#107,#108);
#107 = CARTESIAN_POINT('',(0.,0.));
#108 = VECTOR('',#109,1.);
#109 = DIRECTION('',(1.,0.));
#110 = ( GEOMETRIC_REPRESENTATION_CONTEXT(2) 
PARAMETRIC_REPRESENTATION_CONTEXT() REPRESENTATION_CONTEXT('2D SPACE',''
  ) );
#111 = ORIENTED_EDGE('',*,*,#112,.F.);
#112 = EDGE_CURVE('',#24,#85,#113,.T.);
#113 = SURFACE_CURVE('',#114,(#118,#125),.PCURVE_S1.);
#114 = LINE('',#115,#116);
#115 = CARTESIAN_POINT('',(108.,6.,0.));
#116 = VECTOR('',#117,1.);
#117 = DIRECTION('',(0.,1.,0.));
#118 = PCURVE('',#32,#119);
#119 = DEFINITIONAL_REPRESENTATION('',(#120),#124);
#120 = LINE('',#121,#122);
#121 = CARTESIAN_POINT('',(8.,0.));
#122 = VECTOR('',#123,1.);
#123 = DIRECTION('',(0.,-1.));
#124 = ( GEOMETRIC_REPRESENTATION_CONTEXT(2) 
PARAMETRIC_REPRESENTATION_CONTEXT() REPRESENTATION_CONTEXT('2D SPACE',''
  ) );
#125 = PCURVE('',#126,#131);
#126 = PLANE('',#127);
#127 = AXIS2_PLACEMENT_3D('',#128,#129,#130);
#128 = CARTESIAN_POINT('',(108.,6.,0.));
#129 = DIRECTION('',(0.,0.,1.));
#130 = DIRECTION('',(1.,0.,0.));
#131 = DEFINITIONAL_REPRESENTATION('',(#132),#136);
#132 = LINE('',#133,#134);
#133 = CARTESIAN_POINT('',(0.,0.));
#134 = VECTOR('',#135,1.);
#135 = DIRECTION('',(0.,1.));
#136 = ( GEOMETRIC_REPRESENTATION_CONTEXT(2) 
PARAMETRIC_REPRESENTATION_CONTEXT() REPRESENTATION_CONTEXT('2D SPACE',''
  ) );
#137 = ADVANCED_FACE('',(#138),#44,.F.);
#138 = FACE_BOUND('',#139,.F.);
#139 = EDGE_LOOP('',(#140,#163,#164,#187));
#140 = ORIENTED_EDGE('',*,*,#141,.F.);
#141 = EDGE_CURVE('',#22,#142,#144,.T.);
#142 = VERTEX_POINT('',#143);
#143 = CARTESIAN_POINT('',(172.,6.,-8.));
#144 = SURFACE_CURVE('',#145,(#149,#156),.PCURVE_S1.);
#145 = LINE('',#146,#147);
#146 = CARTESIAN_POINT('',(108.,6.,-8.));
#147 = VECTOR('',#148,1.);
#148 = DIRECTION('',(1.,0.,0.));
#149 = PCURVE('',#44,#150);
#150 = DEFINITIONAL_REPRESENTATION('',(#151),#155);
#151 = LINE('',#152,#153);
#152 = CARTESIAN_POINT('',(0.,0.));
#153 = VECTOR('',#154,1.);
#154 = DIRECTION('',(0.,1.));
#155 = ( GEOMETRIC_REPRESENTATION_CONTEXT(2) 
PARAMETRIC_REPRESENTATION_CONTEXT() REPRESENTATION_CONTEXT('2D SPACE',''
  ) );
#156 = PCURVE('',#72,#157);
#157 = DEFINITIONAL_REPRESENTATION('',(#158),#162);
#158 = LINE('',#159,#160);
#159 = CARTESIAN_POINT('',(0.,0.));
#160 = VECTOR('',#161,1.);
#161 = DIRECTION('',(1.,0.));
#162 = ( GEOMETRIC_REPRESENTATION_CONTEXT(2) 
PARAMETRIC_REPRESENTATION_CONTEXT() REPRESENTATION_CONTEXT('2D SPACE',''
  ) );
#163 = ORIENTED_EDGE('',*,*,#21,.T.);
#164 = ORIENTED_EDGE('',*,*,#165,.T.);
#165 = EDGE_CURVE('',#24,#166,#168,.T.);
#166 = VERTEX_POINT('',#167);
#167 = CARTESIAN_POINT('',(172.,6.,0.));
#168 = SURFACE_CURVE('',#169,(#173,#180),.PCURVE_S1.);
#169 = LINE('',#170,#171);
#170 = CARTESIAN_POINT('',(108.,6.,0.));
#171 = VECTOR('',#172,1.);
#172 = DIRECTION('',(1.,0.,0.));
#173 = PCURVE('',#44,#174);
#174 = DEFINITIONAL_REPRESENTATION('',(#175),#179);
#175 = LINE('',#176,#177);
#176 = CARTESIAN_POINT('',(8.,0.));
#177 = VECTOR('',#178,1.);
#178 = DIRECTION('',(0.,1.));
#179 = ( GEOMETRIC_REPRESENTATION_CONTEXT(2) 
PARAMETRIC_REPRESENTATION_CONTEXT() REPRESENTATION_CONTEXT('2D SPACE',''
  ) );
#180 = PCURVE('',#126,#181);
#181 = DEFINITIONAL_REPRESENTATION('',(#182),#186);
#182 = LINE('',#183,#184);
#183 = CARTESIAN_POINT('',(0.,0.));
#184 = VECTOR('',#185,1.);
#185 = DIRECTION('',(1.,0.));
#186 = ( GEOMETRIC_REPRESENTATION_CONTEXT(2) 
PARAMETRIC_REPRESENTATION_CONTEXT() REPRESENTATION_CONTEXT('2D SPACE',''
  ) );
#187 = ORIENTED_EDGE('',*,*,#188,.F.);
#188 = EDGE_CURVE('',#142,#166,#189,.T.);
#189 = SURFACE_CURVE('',#190,(#194,#201),.PCURVE_S1.);
#190 = LINE('',#191,#192);
#191 = CARTESIAN_POINT('',(172.,6.,-8.));
#192 = VECTOR('',#193,1.);
#193 = DIRECTION('',(0.,0.,1.));
#194 = PCURVE('',#44,#195);
#195 = DEFINITIONAL_REPRESENTATION('',(#196),#200);
#196 = LINE('',#197,#198);
#197 = CARTESIAN_POINT('',(0.,64.));
#198 = VECTOR('',#199,1.);
#199 = DIRECTION('',(1.,0.));
#200 = ( GEOMETRIC_REPRESENTATION_CONTEXT(2) 
PARAMETRIC_REPRESENTATION_CONTEXT() REPRESENTATION_CONTEXT('2D SPACE',''
  ) );
#201 = PCURVE('',#202,#207);
#202 = PLANE('',#203);
#203 = AXIS2_PLACEMENT_3D('',#204,#205,#206);
#204 = CARTESIAN_POINT('',(172.,6.,-8.));
#205 = DIRECTION('',(1.,0.,0.));
#206 = DIRECTION('',(0.,0.,1.));
#207 = DEFINITIONAL_REPRESENTATION('',(#208),#212);
#208 = LINE('',#209,#210);
#209 = CARTESIAN_POINT('',(0.,0.));
#210 = VECTOR('',#211,1.);
#211 = DIRECTION('',(1.,0.));
#212 = ( GEOMETRIC_REPRESENTATION_CONTEXT(2) 
PARAMETRIC_REPRESENTATION_CONTEXT() REPRESENTATION_CONTEXT('2D SPACE',''
  ) );
#213 = ADVANCED_FACE('',(#214,#262,#293,#324,#355),#126,.T.);
#214 = FACE_BOUND('',#215,.T.);
#215 = EDGE_LOOP('',(#216,#217,#218,#241));
#216 = ORIENTED_EDGE('',*,*,#112,.F.);
#217 = ORIENTED_EDGE('',*,*,#165,.T.);
#218 = ORIENTED_EDGE('',*,*,#219,.T.);
#219 = EDGE_CURVE('',#166,#220,#222,.T.);
#220 = VERTEX_POINT('',#221);
#221 = CARTESIAN_POINT('',(172.,78.,0.));
#222 = SURFACE_CURVE('',#223,(#227,#234),.PCURVE_S1.);
#223 = LINE('',#224,#225);
#224 = CARTESIAN_POINT('',(172.,6.,0.));
#225 = VECTOR('',#226,1.);
#226 = DIRECTION('',(0.,1.,0.));
#227 = PCURVE('',#126,#228);
#228 = DEFINITIONAL_REPRESENTATION('',(#229),#233);
#229 = LINE('',#230,#231);
#230 = CARTESIAN_POINT('',(64.,0.));
#231 = VECTOR('',#232,1.);
#232 = DIRECTION('',(0.,1.));
#233 = ( GEOMETRIC_REPRESENTATION_CONTEXT(2) 
PARAMETRIC_REPRESENTATION_CONTEXT() REPRESENTATION_CONTEXT('2D SPACE',''
  ) );
#234 = PCURVE('',#202,#235);
#235 = DEFINITIONAL_REPRESENTATION('',(#236),#240);
#236 = LINE('',#237,#238);
#237 = CARTESIAN_POINT('',(8.,0.));
#238 = VECTOR('',#239,1.);
#239 = DIRECTION('',(0.,-1.));
#240 = ( GEOMETRIC_REPRESENTATION_CONTEXT(2) 
PARAMETRIC_REPRESENTATION_CONTEXT() REPRESENTATION_CONTEXT('2D SPACE',''
  ) );
#241 = ORIENTED_EDGE('',*,*,#242,.F.);
#242 = EDGE_CURVE('',#85,#220,#243,.T.);
#243 = SURFACE_CURVE('',#244,(#248,#255),.PCURVE_S1.);
#244 = LINE('',#245,#246);
#245 = CARTESIAN_POINT('',(108.,78.,0.));
#246 = VECTOR('',#247,1.);
#247 = DIRECTION('',(1.,0.,0.));
#248 = PCURVE('',#126,#249);
#249 = DEFINITIONAL_REPRESENTATION('',(#250),#254);
#250 = LINE('',#251,#252);
#251 = CARTESIAN_POINT('',(0.,72.));
#252 = VECTOR('',#253,1.);
#253 = DIRECTION('',(1.,0.));
#254 = ( GEOMETRIC_REPRESENTATION_CONTEXT(2) 
PARAMETRIC_REPRESENTATION_CONTEXT() REPRESENTATION_CONTEXT('2D SPACE',''
  ) );
#255 = PCURVE('',#100,#256);
#256 = DEFINITIONAL_REPRESENTATION('',(#257),#261);
#257 = LINE('',#258,#259);
#258 = CARTESIAN_POINT('',(8.,0.));
#259 = VECTOR('',#260,1.);
#260 = DIRECTION('',(0.,1.));
#261 = ( GEOMETRIC_REPRESENTATION_CONTEXT(2) 
PARAMETRIC_REPRESENTATION_CONTEXT() REPRESENTATION_CONTEXT('2D SPACE',''
  ) );
#262 = FACE_BOUND('',#263,.T.);
#263 = EDGE_LOOP('',(#264));
#264 = ORIENTED_EDGE('',*,*,#265,.F.);
#265 = EDGE_CURVE('',#266,#266,#268,.T.);
#266 = VERTEX_POINT('',#267);
#267 = CARTESIAN_POINT('',(128.3,18.,0.));
#268 = SURFACE_CURVE('',#269,(#274,#281),.PCURVE_S1.);
#269 = CIRCLE('',#270,3.3);
#270 = AXIS2_PLACEMENT_3D('',#271,#272,#273);
#271 = CARTESIAN_POINT('',(125.,18.,0.));
#272 = DIRECTION('',(0.,0.,1.));
#273 = DIRECTION('',(1.,0.,-0.));
#274 = PCURVE('',#126,#275);
#275 = DEFINITIONAL_REPRESENTATION('',(#276),#280);
#276 = CIRCLE('',#277,3.3);
#277 = AXIS2_PLACEMENT_2D('',#278,#279);
#278 = CARTESIAN_POINT('',(17.,12.));
#279 = DIRECTION('',(1.,0.));
#280 = ( GEOMETRIC_REPRESENTATION_CONTEXT(2) 
PARAMETRIC_REPRESENTATION_CONTEXT() REPRESENTATION_CONTEXT('2D SPACE',''
  ) );
#281 = PCURVE('',#282,#287);
#282 = CYLINDRICAL_SURFACE('',#283,3.3);
#283 = AXIS2_PLACEMENT_3D('',#284,#285,#286);
#284 = CARTESIAN_POINT('',(125.,18.,-8.1));
#285 = DIRECTION('',(0.,0.,1.));
#286 = DIRECTION('',(1.,0.,-0.));
#287 = DEFINITIONAL_REPRESENTATION('',(#288),#292);
#288 = LINE('',#289,#290);
#289 = CARTESIAN_POINT('',(0.,8.1));
#290 = VECTOR('',#291,1.);
#291 = DIRECTION('',(1.,0.));
#292 = ( GEOMETRIC_REPRESENTATION_CONTEXT(2) 
PARAMETRIC_REPRESENTATION_CONTEXT() REPRESENTATION_CONTEXT('2D SPACE',''
  ) );
#293 = FACE_BOUND('',#294,.T.);
#294 = EDGE_LOOP('',(#295));
#295 = ORIENTED_EDGE('',*,*,#296,.F.);
#296 = EDGE_CURVE('',#297,#297,#299,.T.);
#297 = VERTEX_POINT('',#298);
#298 = CARTESIAN_POINT('',(168.3,18.,0.));
#299 = SURFACE_CURVE('',#300,(#305,#312),.PCURVE_S1.);
#300 = CIRCLE('',#301,3.3);
#301 = AXIS2_PLACEMENT_3D('',#302,#303,#304);
#302 = CARTESIAN_POINT('',(165.,18.,0.));
#303 = DIRECTION('',(0.,0.,1.));
#304 = DIRECTION('',(1.,0.,-0.));
#305 = PCURVE('',#126,#306);
#306 = DEFINITIONAL_REPRESENTATION('',(#307),#311);
#307 = CIRCLE('',#308,3.3);
#308 = AXIS2_PLACEMENT_2D('',#309,#310);
#309 = CARTESIAN_POINT('',(57.,12.));
#310 = DIRECTION('',(1.,0.));
#311 = ( GEOMETRIC_REPRESENTATION_CONTEXT(2) 
PARAMETRIC_REPRESENTATION_CONTEXT() REPRESENTATION_CONTEXT('2D SPACE',''
  ) );
#312 = PCURVE('',#313,#318);
#313 = CYLINDRICAL_SURFACE('',#314,3.3);
#314 = AXIS2_PLACEMENT_3D('',#315,#316,#317);
#315 = CARTESIAN_POINT('',(165.,18.,-8.1));
#316 = DIRECTION('',(0.,0.,1.));
#317 = DIRECTION('',(1.,0.,-0.));
#318 = DEFINITIONAL_REPRESENTATION('',(#319),#323);
#319 = LINE('',#320,#321);
#320 = CARTESIAN_POINT('',(0.,8.1));
#321 = VECTOR('',#322,1.);
#322 = DIRECTION('',(1.,0.));
#323 = ( GEOMETRIC_REPRESENTATION_CONTEXT(2) 
PARAMETRIC_REPRESENTATION_CONTEXT() REPRESENTATION_CONTEXT('2D SPACE',''
  ) );
#324 = FACE_BOUND('',#325,.T.);
#325 = EDGE_LOOP('',(#326));
#326 = ORIENTED_EDGE('',*,*,#327,.F.);
#327 = EDGE_CURVE('',#328,#328,#330,.T.);
#328 = VERTEX_POINT('',#329);
#329 = CARTESIAN_POINT('',(128.3,66.,0.));
#330 = SURFACE_CURVE('',#331,(#336,#343),.PCURVE_S1.);
#331 = CIRCLE('',#332,3.3);
#332 = AXIS2_PLACEMENT_3D('',#333,#334,#335);
#333 = CARTESIAN_POINT('',(125.,66.,0.));
#334 = DIRECTION('',(0.,0.,1.));
#335 = DIRECTION('',(1.,0.,-0.));
#336 = PCURVE('',#126,#337);
#337 = DEFINITIONAL_REPRESENTATION('',(#338),#342);
#338 = CIRCLE('',#339,3.3);
#339 = AXIS2_PLACEMENT_2D('',#340,#341);
#340 = CARTESIAN_POINT('',(17.,60.));
#341 = DIRECTION('',(1.,0.));
#342 = ( GEOMETRIC_REPRESENTATION_CONTEXT(2) 
PARAMETRIC_REPRESENTATION_CONTEXT() REPRESENTATION_CONTEXT('2D SPACE',''
  ) );
#343 = PCURVE('',#344,#349);
#344 = CYLINDRICAL_SURFACE('',#345,3.3);
#345 = AXIS2_PLACEMENT_3D('',#346,#347,#348);
#346 = CARTESIAN_POINT('',(125.,66.,-8.1));
#347 = DIRECTION('',(0.,0.,1.));
#348 = DIRECTION('',(1.,0.,-0.));
#349 = DEFINITIONAL_REPRESENTATION('',(#350),#354);
#350 = LINE('',#351,#352);
#351 = CARTESIAN_POINT('',(0.,8.1));
#352 = VECTOR('',#353,1.);
#353 = DIRECTION('',(1.,0.));
#354 = ( GEOMETRIC_REPRESENTATION_CONTEXT(2) 
PARAMETRIC_REPRESENTATION_CONTEXT() REPRESENTATION_CONTEXT('2D SPACE',''
  ) );
#355 = FACE_BOUND('',#356,.T.);
#356 = EDGE_LOOP('',(#357));
#357 = ORIENTED_EDGE('',*,*,#358,.F.);
#358 = EDGE_CURVE('',#359,#359,#361,.T.);
#359 = VERTEX_POINT('',#360);
#360 = CARTESIAN_POINT('',(168.3,66.,0.));
#361 = SURFACE_CURVE('',#362,(#367,#374),.PCURVE_S1.);
#362 = CIRCLE('',#363,3.3);
#363 = AXIS2_PLACEMENT_3D('',#364,#365,#366);
#364 = CARTESIAN_POINT('',(165.,66.,0.));
#365 = DIRECTION('',(0.,0.,1.));
#366 = DIRECTION('',(1.,0.,-0.));
#367 = PCURVE('',#126,#368);
#368 = DEFINITIONAL_REPRESENTATION('',(#369),#373);
#369 = CIRCLE('',#370,3.3);
#370 = AXIS2_PLACEMENT_2D('',#371,#372);
#371 = CARTESIAN_POINT('',(57.,60.));
#372 = DIRECTION('',(1.,0.));
#373 = ( GEOMETRIC_REPRESENTATION_CONTEXT(2) 
PARAMETRIC_REPRESENTATION_CONTEXT() REPRESENTATION_CONTEXT('2D SPACE',''
  ) );
#374 = PCURVE('',#375,#380);
#375 = CYLINDRICAL_SURFACE('',#376,3.3);
#376 = AXIS2_PLACEMENT_3D('',#377,#378,#379);
#377 = CARTESIAN_POINT('',(165.,66.,-8.1));
#378 = DIRECTION('',(0.,0.,1.));
#379 = DIRECTION('',(1.,0.,-0.));
#380 = DEFINITIONAL_REPRESENTATION('',(#381),#385);
#381 = LINE('',#382,#383);
#382 = CARTESIAN_POINT('',(0.,8.1));
#383 = VECTOR('',#384,1.);
#384 = DIRECTION('',(1.,0.));
#385 = ( GEOMETRIC_REPRESENTATION_CONTEXT(2) 
PARAMETRIC_REPRESENTATION_CONTEXT() REPRESENTATION_CONTEXT('2D SPACE',''
  ) );
#386 = ADVANCED_FACE('',(#387),#100,.T.);
#387 = FACE_BOUND('',#388,.T.);
#388 = EDGE_LOOP('',(#389,#412,#413,#414));
#389 = ORIENTED_EDGE('',*,*,#390,.F.);
#390 = EDGE_CURVE('',#57,#391,#393,.T.);
#391 = VERTEX_POINT('',#392);
#392 = CARTESIAN_POINT('',(172.,78.,-8.));
#393 = SURFACE_CURVE('',#394,(#398,#405),.PCURVE_S1.);
#394 = LINE('',#395,#396);
#395 = CARTESIAN_POINT('',(108.,78.,-8.));
#396 = VECTOR('',#397,1.);
#397 = DIRECTION('',(1.,0.,0.));
#398 = PCURVE('',#100,#399);
#399 = DEFINITIONAL_REPRESENTATION('',(#400),#404);
#400 = LINE('',#401,#402);
#401 = CARTESIAN_POINT('',(0.,0.));
#402 = VECTOR('',#403,1.);
#403 = DIRECTION('',(0.,1.));
#404 = ( GEOMETRIC_REPRESENTATION_CONTEXT(2) 
PARAMETRIC_REPRESENTATION_CONTEXT() REPRESENTATION_CONTEXT('2D SPACE',''
  ) );
#405 = PCURVE('',#72,#406);
#406 = DEFINITIONAL_REPRESENTATION('',(#407),#411);
#407 = LINE('',#408,#409);
#408 = CARTESIAN_POINT('',(0.,72.));
#409 = VECTOR('',#410,1.);
#410 = DIRECTION('',(1.,0.));
#411 = ( GEOMETRIC_REPRESENTATION_CONTEXT(2) 
PARAMETRIC_REPRESENTATION_CONTEXT() REPRESENTATION_CONTEXT('2D SPACE',''
  ) );
#412 = ORIENTED_EDGE('',*,*,#84,.T.);
#413 = ORIENTED_EDGE('',*,*,#242,.T.);
#414 = ORIENTED_EDGE('',*,*,#415,.F.);
#415 = EDGE_CURVE('',#391,#220,#416,.T.);
#416 = SURFACE_CURVE('',#417,(#421,#428),.PCURVE_S1.);
#417 = LINE('',#418,#419);
#418 = CARTESIAN_POINT('',(172.,78.,-8.));
#419 = VECTOR('',#420,1.);
#420 = DIRECTION('',(0.,0.,1.));
#421 = PCURVE('',#100,#422);
#422 = DEFINITIONAL_REPRESENTATION('',(#423),#427);
#423 = LINE('',#424,#425);
#424 = CARTESIAN_POINT('',(0.,64.));
#425 = VECTOR('',#426,1.);
#426 = DIRECTION('',(1.,0.));
#427 = ( GEOMETRIC_REPRESENTATION_CONTEXT(2) 
PARAMETRIC_REPRESENTATION_CONTEXT() REPRESENTATION_CONTEXT('2D SPACE',''
  ) );
#428 = PCURVE('',#202,#429);
#429 = DEFINITIONAL_REPRESENTATION('',(#430),#434);
#430 = LINE('',#431,#432);
#431 = CARTESIAN_POINT('',(0.,-72.));
#432 = VECTOR('',#433,1.);
#433 = DIRECTION('',(1.,0.));
#434 = ( GEOMETRIC_REPRESENTATION_CONTEXT(2) 
PARAMETRIC_REPRESENTATION_CONTEXT() REPRESENTATION_CONTEXT('2D SPACE',''
  ) );
#435 = ADVANCED_FACE('',(#436,#462,#488,#514,#540),#72,.F.);
#436 = FACE_BOUND('',#437,.F.);
#437 = EDGE_LOOP('',(#438,#439,#440,#461));
#438 = ORIENTED_EDGE('',*,*,#56,.F.);
#439 = ORIENTED_EDGE('',*,*,#141,.T.);
#440 = ORIENTED_EDGE('',*,*,#441,.T.);
#441 = EDGE_CURVE('',#142,#391,#442,.T.);
#442 = SURFACE_CURVE('',#443,(#447,#454),.PCURVE_S1.);
#443 = LINE('',#444,#445);
#444 = CARTESIAN_POINT('',(172.,6.,-8.));
#445 = VECTOR('',#446,1.);
#446 = DIRECTION('',(0.,1.,0.));
#447 = PCURVE('',#72,#448);
#448 = DEFINITIONAL_REPRESENTATION('',(#449),#453);
#449 = LINE('',#450,#451);
#450 = CARTESIAN_POINT('',(64.,0.));
#451 = VECTOR('',#452,1.);
#452 = DIRECTION('',(0.,1.));
#453 = ( GEOMETRIC_REPRESENTATION_CONTEXT(2) 
PARAMETRIC_REPRESENTATION_CONTEXT() REPRESENTATION_CONTEXT('2D SPACE',''
  ) );
#454 = PCURVE('',#202,#455);
#455 = DEFINITIONAL_REPRESENTATION('',(#456),#460);
#456 = LINE('',#457,#458);
#457 = CARTESIAN_POINT('',(0.,0.));
#458 = VECTOR('',#459,1.);
#459 = DIRECTION('',(0.,-1.));
#460 = ( GEOMETRIC_REPRESENTATION_CONTEXT(2) 
PARAMETRIC_REPRESENTATION_CONTEXT() REPRESENTATION_CONTEXT('2D SPACE',''
  ) );
#461 = ORIENTED_EDGE('',*,*,#390,.F.);
#462 = FACE_BOUND('',#463,.F.);
#463 = EDGE_LOOP('',(#464));
#464 = ORIENTED_EDGE('',*,*,#465,.F.);
#465 = EDGE_CURVE('',#466,#466,#468,.T.);
#466 = VERTEX_POINT('',#467);
#467 = CARTESIAN_POINT('',(128.3,18.,-8.));
#468 = SURFACE_CURVE('',#469,(#474,#481),.PCURVE_S1.);
#469 = CIRCLE('',#470,3.3);
#470 = AXIS2_PLACEMENT_3D('',#471,#472,#473);
#471 = CARTESIAN_POINT('',(125.,18.,-8.));
#472 = DIRECTION('',(0.,0.,1.));
#473 = DIRECTION('',(1.,0.,-0.));
#474 = PCURVE('',#72,#475);
#475 = DEFINITIONAL_REPRESENTATION('',(#476),#480);
#476 = CIRCLE('',#477,3.3);
#477 = AXIS2_PLACEMENT_2D('',#478,#479);
#478 = CARTESIAN_POINT('',(17.,12.));
#479 = DIRECTION('',(1.,0.));
#480 = ( GEOMETRIC_REPRESENTATION_CONTEXT(2) 
PARAMETRIC_REPRESENTATION_CONTEXT() REPRESENTATION_CONTEXT('2D SPACE',''
  ) );
#481 = PCURVE('',#282,#482);
#482 = DEFINITIONAL_REPRESENTATION('',(#483),#487);
#483 = LINE('',#484,#485);
#484 = CARTESIAN_POINT('',(0.,1.E-01));
#485 = VECTOR('',#486,1.);
#486 = DIRECTION('',(1.,0.));
#487 = ( GEOMETRIC_REPRESENTATION_CONTEXT(2) 
PARAMETRIC_REPRESENTATION_CONTEXT() REPRESENTATION_CONTEXT('2D SPACE',''
  ) );
#488 = FACE_BOUND('',#489,.F.);
#489 = EDGE_LOOP('',(#490));
#490 = ORIENTED_EDGE('',*,*,#491,.F.);
#491 = EDGE_CURVE('',#492,#492,#494,.T.);
#492 = VERTEX_POINT('',#493);
#493 = CARTESIAN_POINT('',(168.3,18.,-8.));
#494 = SURFACE_CURVE('',#495,(#500,#507),.PCURVE_S1.);
#495 = CIRCLE('',#496,3.3);
#496 = AXIS2_PLACEMENT_3D('',#497,#498,#499);
#497 = CARTESIAN_POINT('',(165.,18.,-8.));
#498 = DIRECTION('',(0.,0.,1.));
#499 = DIRECTION('',(1.,0.,-0.));
#500 = PCURVE('',#72,#501);
#501 = DEFINITIONAL_REPRESENTATION('',(#502),#506);
#502 = CIRCLE('',#503,3.3);
#503 = AXIS2_PLACEMENT_2D('',#504,#505);
#504 = CARTESIAN_POINT('',(57.,12.));
#505 = DIRECTION('',(1.,0.));
#506 = ( GEOMETRIC_REPRESENTATION_CONTEXT(2) 
PARAMETRIC_REPRESENTATION_CONTEXT() REPRESENTATION_CONTEXT('2D SPACE',''
  ) );
#507 = PCURVE('',#313,#508);
#508 = DEFINITIONAL_REPRESENTATION('',(#509),#513);
#509 = LINE('',#510,#511);
#510 = CARTESIAN_POINT('',(0.,1.E-01));
#511 = VECTOR('',#512,1.);
#512 = DIRECTION('',(1.,0.));
#513 = ( GEOMETRIC_REPRESENTATION_CONTEXT(2) 
PARAMETRIC_REPRESENTATION_CONTEXT() REPRESENTATION_CONTEXT('2D SPACE',''
  ) );
#514 = FACE_BOUND('',#515,.F.);
#515 = EDGE_LOOP('',(#516));
#516 = ORIENTED_EDGE('',*,*,#517,.F.);
#517 = EDGE_CURVE('',#518,#518,#520,.T.);
#518 = VERTEX_POINT('',#519);
#519 = CARTESIAN_POINT('',(128.3,66.,-8.));
#520 = SURFACE_CURVE('',#521,(#526,#533),.PCURVE_S1.);
#521 = CIRCLE('',#522,3.3);
#522 = AXIS2_PLACEMENT_3D('',#523,#524,#525);
#523 = CARTESIAN_POINT('',(125.,66.,-8.));
#524 = DIRECTION('',(0.,0.,1.));
#525 = DIRECTION('',(1.,0.,-0.));
#526 = PCURVE('',#72,#527);
#527 = DEFINITIONAL_REPRESENTATION('',(#528),#532);
#528 = CIRCLE('',#529,3.3);
#529 = AXIS2_PLACEMENT_2D('',#530,#531);
#530 = CARTESIAN_POINT('',(17.,60.));
#531 = DIRECTION('',(1.,0.));
#532 = ( GEOMETRIC_REPRESENTATION_CONTEXT(2) 
PARAMETRIC_REPRESENTATION_CONTEXT() REPRESENTATION_CONTEXT('2D SPACE',''
  ) );
#533 = PCURVE('',#344,#534);
#534 = DEFINITIONAL_REPRESENTATION('',(#535),#539);
#535 = LINE('',#536,#537);
#536 = CARTESIAN_POINT('',(0.,1.E-01));
#537 = VECTOR('',#538,1.);
#538 = DIRECTION('',(1.,0.));
#539 = ( GEOMETRIC_REPRESENTATION_CONTEXT(2) 
PARAMETRIC_REPRESENTATION_CONTEXT() REPRESENTATION_CONTEXT('2D SPACE',''
  ) );
#540 = FACE_BOUND('',#541,.F.);
#541 = EDGE_LOOP('',(#542));
#542 = ORIENTED_EDGE('',*,*,#543,.F.);
#543 = EDGE_CURVE('',#544,#544,#546,.T.);
#544 = VERTEX_POINT('',#545);
#545 = CARTESIAN_POINT('',(168.3,66.,-8.));
#546 = SURFACE_CURVE('',#547,(#552,#559),.PCURVE_S1.);
#547 = CIRCLE('',#548,3.3);
#548 = AXIS2_PLACEMENT_3D('',#549,#550,#551);
#549 = CARTESIAN_POINT('',(165.,66.,-8.));
#550 = DIRECTION('',(0.,0.,1.));
#551 = DIRECTION('',(1.,0.,-0.));
#552 = PCURVE('',#72,#553);
#553 = DEFINITIONAL_REPRESENTATION('',(#554),#558);
#554 = CIRCLE('',#555,3.3);
#555 = AXIS2_PLACEMENT_2D('',#556,#557);
#556 = CARTESIAN_POINT('',(57.,60.));
#557 = DIRECTION('',(1.,0.));
#558 = ( GEOMETRIC_REPRESENTATION_CONTEXT(2) 
PARAMETRIC_REPRESENTATION_CONTEXT() REPRESENTATION_CONTEXT('2D SPACE',''
  ) );
#559 = PCURVE('',#375,#560);
#560 = DEFINITIONAL_REPRESENTATION('',(#561),#565);
#561 = LINE('',#562,#563);
#562 = CARTESIAN_POINT('',(0.,1.E-01));
#563 = VECTOR('',#564,1.);
#564 = DIRECTION('',(1.,0.));
#565 = ( GEOMETRIC_REPRESENTATION_CONTEXT(2) 
PARAMETRIC_REPRESENTATION_CONTEXT() REPRESENTATION_CONTEXT('2D SPACE',''
  ) );
#566 = ADVANCED_FACE('',(#567,#573,#604),#202,.T.);
#567 = FACE_BOUND('',#568,.T.);
#568 = EDGE_LOOP('',(#569,#570,#571,#572));
#569 = ORIENTED_EDGE('',*,*,#188,.F.);
#570 = ORIENTED_EDGE('',*,*,#441,.T.);
#571 = ORIENTED_EDGE('',*,*,#415,.T.);
#572 = ORIENTED_EDGE('',*,*,#219,.F.);
#573 = FACE_BOUND('',#574,.T.);
#574 = EDGE_LOOP('',(#575));
#575 = ORIENTED_EDGE('',*,*,#576,.F.);
#576 = EDGE_CURVE('',#577,#577,#579,.T.);
#577 = VERTEX_POINT('',#578);
#578 = CARTESIAN_POINT('',(172.,64.,-0.7));
#579 = SURFACE_CURVE('',#580,(#585,#592),.PCURVE_S1.);
#580 = CIRCLE('',#581,3.3);
#581 = AXIS2_PLACEMENT_3D('',#582,#583,#584);
#582 = CARTESIAN_POINT('',(172.,64.,-4.));
#583 = DIRECTION('',(1.,0.,0.));
#584 = DIRECTION('',(-0.,0.,1.));
#585 = PCURVE('',#202,#586);
#586 = DEFINITIONAL_REPRESENTATION('',(#587),#591);
#587 = CIRCLE('',#588,3.3);
#588 = AXIS2_PLACEMENT_2D('',#589,#590);
#589 = CARTESIAN_POINT('',(4.,-58.));
#590 = DIRECTION('',(1.,0.));
#591 = ( GEOMETRIC_REPRESENTATION_CONTEXT(2) 
PARAMETRIC_REPRESENTATION_CONTEXT() REPRESENTATION_CONTEXT('2D SPACE',''
  ) );
#592 = PCURVE('',#593,#598);
#593 = CYLINDRICAL_SURFACE('',#594,3.3);
#594 = AXIS2_PLACEMENT_3D('',#595,#596,#597);
#595 = CARTESIAN_POINT('',(160.,64.,-4.));
#596 = DIRECTION('',(1.,0.,0.));
#597 = DIRECTION('',(-0.,0.,1.));
#598 = DEFINITIONAL_REPRESENTATION('',(#599),#603);
#599 = LINE('',#600,#601);
#600 = CARTESIAN_POINT('',(0.,12.));
#601 = VECTOR('',#602,1.);
#602 = DIRECTION('',(1.,0.));
#603 = ( GEOMETRIC_REPRESENTATION_CONTEXT(2) 
PARAMETRIC_REPRESENTATION_CONTEXT() REPRESENTATION_CONTEXT('2D SPACE',''
  ) );
#604 = FACE_BOUND('',#605,.T.);
#605 = EDGE_LOOP('',(#606));
#606 = ORIENTED_EDGE('',*,*,#607,.F.);
#607 = EDGE_CURVE('',#608,#608,#610,.T.);
#608 = VERTEX_POINT('',#609);
#609 = CARTESIAN_POINT('',(172.,20.,-0.7));
#610 = SURFACE_CURVE('',#611,(#616,#623),.PCURVE_S1.);
#611 = CIRCLE('',#612,3.3);
#612 = AXIS2_PLACEMENT_3D('',#613,#614,#615);
#613 = CARTESIAN_POINT('',(172.,20.,-4.));
#614 = DIRECTION('',(1.,0.,0.));
#615 = DIRECTION('',(-0.,0.,1.));
#616 = PCURVE('',#202,#617);
#617 = DEFINITIONAL_REPRESENTATION('',(#618),#622);
#618 = CIRCLE('',#619,3.3);
#619 = AXIS2_PLACEMENT_2D('',#620,#621);
#620 = CARTESIAN_POINT('',(4.,-14.));
#621 = DIRECTION('',(1.,0.));
#622 = ( GEOMETRIC_REPRESENTATION_CONTEXT(2) 
PARAMETRIC_REPRESENTATION_CONTEXT() REPRESENTATION_CONTEXT('2D SPACE',''
  ) );
#623 = PCURVE('',#624,#629);
#624 = CYLINDRICAL_SURFACE('',#625,3.3);
#625 = AXIS2_PLACEMENT_3D('',#626,#627,#628);
#626 = CARTESIAN_POINT('',(160.,20.,-4.));
#627 = DIRECTION('',(1.,0.,0.));
#628 = DIRECTION('',(-0.,0.,1.));
#629 = DEFINITIONAL_REPRESENTATION('',(#630),#634);
#630 = LINE('',#631,#632);
#631 = CARTESIAN_POINT('',(0.,12.));
#632 = VECTOR('',#633,1.);
#633 = DIRECTION('',(1.,0.));
#634 = ( GEOMETRIC_REPRESENTATION_CONTEXT(2) 
PARAMETRIC_REPRESENTATION_CONTEXT() REPRESENTATION_CONTEXT('2D SPACE',''
  ) );
#635 = ADVANCED_FACE('',(#636),#282,.F.);
#636 = FACE_BOUND('',#637,.F.);
#637 = EDGE_LOOP('',(#638,#639,#660,#661));
#638 = ORIENTED_EDGE('',*,*,#265,.F.);
#639 = ORIENTED_EDGE('',*,*,#640,.F.);
#640 = EDGE_CURVE('',#466,#266,#641,.T.);
#641 = SEAM_CURVE('',#642,(#646,#653),.PCURVE_S1.);
#642 = LINE('',#643,#644);
#643 = CARTESIAN_POINT('',(128.3,18.,-8.1));
#644 = VECTOR('',#645,1.);
#645 = DIRECTION('',(0.,0.,1.));
#646 = PCURVE('',#282,#647);
#647 = DEFINITIONAL_REPRESENTATION('',(#648),#652);
#648 = LINE('',#649,#650);
#649 = CARTESIAN_POINT('',(6.28318530718,-0.));
#650 = VECTOR('',#651,1.);
#651 = DIRECTION('',(0.,1.));
#652 = ( GEOMETRIC_REPRESENTATION_CONTEXT(2) 
PARAMETRIC_REPRESENTATION_CONTEXT() REPRESENTATION_CONTEXT('2D SPACE',''
  ) );
#653 = PCURVE('',#282,#654);
#654 = DEFINITIONAL_REPRESENTATION('',(#655),#659);
#655 = LINE('',#656,#657);
#656 = CARTESIAN_POINT('',(0.,-0.));
#657 = VECTOR('',#658,1.);
#658 = DIRECTION('',(0.,1.));
#659 = ( GEOMETRIC_REPRESENTATION_CONTEXT(2) 
PARAMETRIC_REPRESENTATION_CONTEXT() REPRESENTATION_CONTEXT('2D SPACE',''
  ) );
#660 = ORIENTED_EDGE('',*,*,#465,.T.);
#661 = ORIENTED_EDGE('',*,*,#640,.T.);
#662 = ADVANCED_FACE('',(#663),#313,.F.);
#663 = FACE_BOUND('',#664,.F.);
#664 = EDGE_LOOP('',(#665,#688,#689,#690,#770,#880,#1260,#1281,#1282,
    #1283));
#665 = ORIENTED_EDGE('',*,*,#666,.T.);
#666 = EDGE_CURVE('',#667,#297,#669,.T.);
#667 = VERTEX_POINT('',#668);
#668 = CARTESIAN_POINT('',(168.3,18.,-1.375119050319));
#669 = SEAM_CURVE('',#670,(#674,#681),.PCURVE_S1.);
#670 = LINE('',#671,#672);
#671 = CARTESIAN_POINT('',(168.3,18.,-8.1));
#672 = VECTOR('',#673,1.);
#673 = DIRECTION('',(0.,0.,1.));
#674 = PCURVE('',#313,#675);
#675 = DEFINITIONAL_REPRESENTATION('',(#676),#680);
#676 = LINE('',#677,#678);
#677 = CARTESIAN_POINT('',(6.28318530718,-0.));
#678 = VECTOR('',#679,1.);
#679 = DIRECTION('',(0.,1.));
#680 = ( GEOMETRIC_REPRESENTATION_CONTEXT(2) 
PARAMETRIC_REPRESENTATION_CONTEXT() REPRESENTATION_CONTEXT('2D SPACE',''
  ) );
#681 = PCURVE('',#313,#682);
#682 = DEFINITIONAL_REPRESENTATION('',(#683),#687);
#683 = LINE('',#684,#685);
#684 = CARTESIAN_POINT('',(0.,-0.));
#685 = VECTOR('',#686,1.);
#686 = DIRECTION('',(0.,1.));
#687 = ( GEOMETRIC_REPRESENTATION_CONTEXT(2) 
PARAMETRIC_REPRESENTATION_CONTEXT() REPRESENTATION_CONTEXT('2D SPACE',''
  ) );
#688 = ORIENTED_EDGE('',*,*,#296,.F.);
#689 = ORIENTED_EDGE('',*,*,#666,.F.);
#690 = ORIENTED_EDGE('',*,*,#691,.T.);
#691 = EDGE_CURVE('',#667,#692,#694,.T.);
#692 = VERTEX_POINT('',#693);
#693 = CARTESIAN_POINT('',(167.62488094968,20.,-0.7));
#694 = SURFACE_CURVE('',#695,(#718,#744),.PCURVE_S1.);
#695 = B_SPLINE_CURVE_WITH_KNOTS('',5,(#696,#697,#698,#699,#700,#701,
    #702,#703,#704,#705,#706,#707,#708,#709,#710,#711,#712,#713,#714,
    #715,#716,#717),.UNSPECIFIED.,.F.,.F.,(6,4,4,4,4,6),(0.,
    0.185656515675,0.286811757972,0.502043421288,0.81384375322,1.),
  .UNSPECIFIED.);
#696 = CARTESIAN_POINT('',(168.3,18.,-1.375119050319));
#697 = CARTESIAN_POINT('',(168.3,18.065116781798,-1.325504014021));
#698 = CARTESIAN_POINT('',(168.29839404103,18.132387042995,
    -1.277439845767));
#699 = CARTESIAN_POINT('',(168.29496893041,18.201701739734,
    -1.23112939015));
#700 = CARTESIAN_POINT('',(168.2895130494,18.272936181527,
    -1.186750942201));
#701 = CARTESIAN_POINT('',(168.2776227962,18.385731741226,
    -1.121415006621));
#702 = CARTESIAN_POINT('',(168.27276538501,18.426030442467,
    -1.098997384294));
#703 = CARTESIAN_POINT('',(168.26721156508,18.466812655995,
    -1.077236046056));
#704 = CARTESIAN_POINT('',(168.26093236296,18.508036914874,
    -1.056160203088));
#705 = CARTESIAN_POINT('',(168.23894445094,18.638203437998,
    -0.992471391687));
#706 = CARTESIAN_POINT('',(168.22057784431,18.728591899535,
    -0.952343604837));
#707 = CARTESIAN_POINT('',(168.19857280671,18.820232025383,
    -0.915742586447));
#708 = CARTESIAN_POINT('',(168.17280950011,18.912507114309,
    -0.882832960393));
#709 = CARTESIAN_POINT('',(168.10056305244,19.138513842631,
    -0.81134693678));
#710 = CARTESIAN_POINT('',(168.05008320624,19.271915495652,
    -0.776964716968));
#711 = CARTESIAN_POINT('',(167.99194366703,19.403322394106,
    -0.75043241294));
#712 = CARTESIAN_POINT('',(167.92676712609,19.531034611174,
    -0.73117117519));
#713 = CARTESIAN_POINT('',(167.81350578491,19.726651656693,
    -0.710518547979));
#714 = CARTESIAN_POINT('',(167.76907156189,19.797997465431,
    -0.705045941126));
#715 = CARTESIAN_POINT('',(167.72269913658,19.867418439742,
    -0.701610600411));
#716 = CARTESIAN_POINT('',(167.67456763604,19.934789181758,-0.7));
#717 = CARTESIAN_POINT('',(167.62488094968,20.,-0.7));
#718 = PCURVE('',#313,#719);
#719 = DEFINITIONAL_REPRESENTATION('',(#720),#743);
#720 = B_SPLINE_CURVE_WITH_KNOTS('',5,(#721,#722,#723,#724,#725,#726,
    #727,#728,#729,#730,#731,#732,#733,#734,#735,#736,#737,#738,#739,
    #740,#741,#742),.UNSPECIFIED.,.F.,.F.,(6,4,4,4,4,6),(0.,
    0.185656515675,0.286811757972,0.502043421288,0.81384375322,1.),
  .UNSPECIFIED.);
#721 = CARTESIAN_POINT('',(0.,6.724880949681));
#722 = CARTESIAN_POINT('',(1.973235812066E-02,6.774495985979));
#723 = CARTESIAN_POINT('',(4.011734024467E-02,6.822560154233));
#724 = CARTESIAN_POINT('',(6.113768884487E-02,6.86887060985));
#725 = CARTESIAN_POINT('',(8.277831911359E-02,6.913249057799));
#726 = CARTESIAN_POINT('',(0.1171481764,6.978584993379));
#727 = CARTESIAN_POINT('',(0.129446920069,7.001002615706));
#728 = CARTESIAN_POINT('',(0.141917218927,7.022763953944));
#729 = CARTESIAN_POINT('',(0.154551844712,7.043839796912));
#730 = CARTESIAN_POINT('',(0.194555049379,7.107528608313));
#731 = CARTESIAN_POINT('',(0.222489921925,7.147656395163));
#732 = CARTESIAN_POINT('',(0.251024287265,7.184257413553));
#733 = CARTESIAN_POINT('',(0.280035818273,7.217167039607));
#734 = CARTESIAN_POINT('',(0.351936800108,7.28865306322));
#735 = CARTESIAN_POINT('',(0.395099902362,7.323035283032));
#736 = CARTESIAN_POINT('',(0.438553505352,7.34956758706));
#737 = CARTESIAN_POINT('',(0.481941562801,7.36882882481));
#738 = CARTESIAN_POINT('',(0.550438584985,7.389481452021));
#739 = CARTESIAN_POINT('',(0.575895374862,7.394954058874));
#740 = CARTESIAN_POINT('',(0.601177008396,7.398389399589));
#741 = CARTESIAN_POINT('',(0.62625524179,7.4));
#742 = CARTESIAN_POINT('',(0.651098584971,7.4));
#743 = ( GEOMETRIC_REPRESENTATION_CONTEXT(2) 
PARAMETRIC_REPRESENTATION_CONTEXT() REPRESENTATION_CONTEXT('2D SPACE',''
  ) );
#744 = PCURVE('',#624,#745);
#745 = DEFINITIONAL_REPRESENTATION('',(#746),#769);
#746 = B_SPLINE_CURVE_WITH_KNOTS('',5,(#747,#748,#749,#750,#751,#752,
    #753,#754,#755,#756,#757,#758,#759,#760,#761,#762,#763,#764,#765,
    #766,#767,#768),.UNSPECIFIED.,.F.,.F.,(6,4,4,4,4,6),(0.,
    0.185656515675,0.286811757972,0.502043421288,0.81384375322,1.),
  .UNSPECIFIED.);
#747 = CARTESIAN_POINT('',(0.651098584971,8.3));
#748 = CARTESIAN_POINT('',(0.626291066822,8.3));
#749 = CARTESIAN_POINT('',(0.601249417879,8.298394041031));
#750 = CARTESIAN_POINT('',(0.576004922106,8.294968930417));
#751 = CARTESIAN_POINT('',(0.550585653846,8.289513049404));
#752 = CARTESIAN_POINT('',(0.511085072355,8.277622796201));
#753 = CARTESIAN_POINT('',(0.497113139205,8.272765385018));
#754 = CARTESIAN_POINT('',(0.483108431728,8.267211565088));
#755 = CARTESIAN_POINT('',(0.469080498868,8.260932362967));
#756 = CARTESIAN_POINT('',(0.425167666311,8.238944450941));
#757 = CARTESIAN_POINT('',(0.39522013043,8.220577844316));
#758 = CARTESIAN_POINT('',(0.365345954345,8.198572806711));
#759 = CARTESIAN_POINT('',(0.33567814414,8.172809500112));
#760 = CARTESIAN_POINT('',(0.263846990205,8.100563052449));
#761 = CARTESIAN_POINT('',(0.222162470484,8.050083206246));
#762 = CARTESIAN_POINT('',(0.181610649855,7.991943667033));
#763 = CARTESIAN_POINT('',(0.142510878491,7.926767126097));
#764 = CARTESIAN_POINT('',(8.290353190086E-02,7.813505784913));
#765 = CARTESIAN_POINT('',(6.122890791883E-02,7.76907156189));
#766 = CARTESIAN_POINT('',(4.01762851178E-02,7.722699136583));
#767 = CARTESIAN_POINT('',(1.976085401276E-02,7.674567636043));
#768 = CARTESIAN_POINT('',(0.,7.624880949681));
#769 = ( GEOMETRIC_REPRESENTATION_CONTEXT(2) 
PARAMETRIC_REPRESENTATION_CONTEXT() REPRESENTATION_CONTEXT('2D SPACE',''
  ) );
#770 = ORIENTED_EDGE('',*,*,#771,.T.);
#771 = EDGE_CURVE('',#692,#772,#774,.T.);
#772 = VERTEX_POINT('',#773);
#773 = CARTESIAN_POINT('',(162.37511905031,20.,-0.7));
#774 = SURFACE_CURVE('',#775,(#808,#844),.PCURVE_S1.);
#775 = B_SPLINE_CURVE_WITH_KNOTS('',6,(#776,#777,#778,#779,#780,#781,
    #782,#783,#784,#785,#786,#787,#788,#789,#790,#791,#792,#793,#794,
    #795,#796,#797,#798,#799,#800,#801,#802,#803,#804,#805,#806,#807),
  .UNSPECIFIED.,.F.,.F.,(7,5,5,5,5,5,7),(0.,7.751078997632E-02,
    0.297936504197,0.500000565115,0.701443277604,0.923441147101,1.),
  .UNSPECIFIED.);
#776 = CARTESIAN_POINT('',(167.62488094968,20.,-0.7));
#777 = CARTESIAN_POINT('',(167.57182887595,20.069627688838,-0.7));
#778 = CARTESIAN_POINT('',(167.51706945487,20.136898641103,
    -0.701762887245));
#779 = CARTESIAN_POINT('',(167.46074557489,20.201790762878,
    -0.705065031201));
#780 = CARTESIAN_POINT('',(167.40299631311,20.264291593314,
    -0.709698344099));
#781 = CARTESIAN_POINT('',(167.34395647189,20.324397369144,
    -0.715469195824));
#782 = CARTESIAN_POINT('',(167.11255793004,20.546241604536,
    -0.741330839361));
#783 = CARTESIAN_POINT('',(166.93186744297,20.691136780886,
    -0.768217713432));
#784 = CARTESIAN_POINT('',(166.74390646401,20.817560337334,
    -0.798820632929));
#785 = CARTESIAN_POINT('',(166.55020490493,20.926351833106,
    -0.830191519118));
#786 = CARTESIAN_POINT('',(166.35173990567,21.018196690146,
    -0.859993887734));
#787 = CARTESIAN_POINT('',(165.963411973,21.162450194692,-0.910654354986
    ));
#788 = CARTESIAN_POINT('',(165.77414759757,21.217529600265,
    -0.932058360689));
#789 = CARTESIAN_POINT('',(165.58235994902,21.258759956711,
    -0.949174056908));
#790 = CARTESIAN_POINT('',(165.38890495306,21.286237740447,
    -0.960951463851));
#791 = CARTESIAN_POINT('',(165.19454162076,21.3,-0.966849822379));
#792 = CARTESIAN_POINT('',(164.8060565961,21.3,-0.966849822379));
#793 = CARTESIAN_POINT('',(164.61228905932,21.286322247368,
    -0.960987680555));
#794 = CARTESIAN_POINT('',(164.41942160604,21.2590127023,-0.94928239301)
  );
#795 = CARTESIAN_POINT('',(164.22820695306,21.218034965704,
    -0.932268151817));
#796 = CARTESIAN_POINT('',(164.03949333731,21.16329414876,
    -0.910982451917));
#797 = CARTESIAN_POINT('',(163.65018114397,21.019165078767,
    -0.860299644366));
#798 = CARTESIAN_POINT('',(163.4502647085,20.926785504592,
    -0.830287918128));
#799 = CARTESIAN_POINT('',(163.25517320907,20.817220512156,
    -0.798672911621));
#800 = CARTESIAN_POINT('',(163.06590368731,20.689769118571,
    -0.767840311411));
#801 = CARTESIAN_POINT('',(162.88402288938,20.543572387956,
    -0.740804321032));
#802 = CARTESIAN_POINT('',(162.65242106846,20.320703864238,
    -0.71511665966));
#803 = CARTESIAN_POINT('',(162.5941689869,20.261220094981,
    -0.709472014472));
#804 = CARTESIAN_POINT('',(162.53718042439,20.19939940681,
    -0.704944078689));
#805 = CARTESIAN_POINT('',(162.48158576189,20.135245966591,
    -0.701719838138));
#806 = CARTESIAN_POINT('',(162.42751934506,20.068772267721,-0.7));
#807 = CARTESIAN_POINT('',(162.37511905031,20.,-0.7));
#808 = PCURVE('',#313,#809);
#809 = DEFINITIONAL_REPRESENTATION('',(#810),#843);
#810 = B_SPLINE_CURVE_WITH_KNOTS('',6,(#811,#812,#813,#814,#815,#816,
    #817,#818,#819,#820,#821,#822,#823,#824,#825,#826,#827,#828,#829,
    #830,#831,#832,#833,#834,#835,#836,#837,#838,#839,#840,#841,#842),
  .UNSPECIFIED.,.F.,.F.,(7,5,5,5,5,5,7),(0.,7.751078997632E-02,
    0.297936504197,0.500000565115,0.701443277604,0.923441147101,1.),
  .UNSPECIFIED.);
#811 = CARTESIAN_POINT('',(0.651098584971,7.4));
#812 = CARTESIAN_POINT('',(0.677624621836,7.4));
#813 = CARTESIAN_POINT('',(0.703896162657,7.398237112755));
#814 = CARTESIAN_POINT('',(0.729915237671,7.394934968799));
#815 = CARTESIAN_POINT('',(0.755683670722,7.390301655901));
#816 = CARTESIAN_POINT('',(0.781203088322,7.384530804176));
#817 = CARTESIAN_POINT('',(0.878343161161,7.358669160639));
#818 = CARTESIAN_POINT('',(0.948254163644,7.331782286568));
#819 = CARTESIAN_POINT('',(1.016549669274,7.301179367071));
#820 = CARTESIAN_POINT('',(1.083558682349,7.269808480882));
#821 = CARTESIAN_POINT('',(1.149627194697,7.240006112266));
#822 = CARTESIAN_POINT('',(1.275159178142,7.189345645014));
#823 = CARTESIAN_POINT('',(1.334734488448,7.167941639311));
#824 = CARTESIAN_POINT('',(1.393954787232,7.150825943092));
#825 = CARTESIAN_POINT('',(1.452946354507,7.139048536149));
#826 = CARTESIAN_POINT('',(1.511844320502,7.133150177621));
#827 = CARTESIAN_POINT('',(1.629567055248,7.133150177621));
#828 = CARTESIAN_POINT('',(1.688284477255,7.139012319445));
#829 = CARTESIAN_POINT('',(1.747094609316,7.15071760699));
#830 = CARTESIAN_POINT('',(1.806131165241,7.167731848183));
#831 = CARTESIAN_POINT('',(1.865519088258,7.189017548083));
#832 = CARTESIAN_POINT('',(1.991317611236,7.239700355634));
#833 = CARTESIAN_POINT('',(2.057849116035,7.269712081872));
#834 = CARTESIAN_POINT('',(2.12533357061,7.301327088379));
#835 = CARTESIAN_POINT('',(2.194124328907,7.332159688589));
#836 = CARTESIAN_POINT('',(2.264557054832,7.359195678968));
#837 = CARTESIAN_POINT('',(2.36195656737,7.38488334034));
#838 = CARTESIAN_POINT('',(2.387174664261,7.390527985528));
#839 = CARTESIAN_POINT('',(2.412635941776,7.395055921311));
#840 = CARTESIAN_POINT('',(2.438341820589,7.398280161862));
#841 = CARTESIAN_POINT('',(2.464293921245,7.4));
#842 = CARTESIAN_POINT('',(2.490494068619,7.4));
#843 = ( GEOMETRIC_REPRESENTATION_CONTEXT(2) 
PARAMETRIC_REPRESENTATION_CONTEXT() REPRESENTATION_CONTEXT('2D SPACE',''
  ) );
#844 = PCURVE('',#624,#845);
#845 = DEFINITIONAL_REPRESENTATION('',(#846),#879);
#846 = B_SPLINE_CURVE_WITH_KNOTS('',6,(#847,#848,#849,#850,#851,#852,
    #853,#854,#855,#856,#857,#858,#859,#860,#861,#862,#863,#864,#865,
    #866,#867,#868,#869,#870,#871,#872,#873,#874,#875,#876,#877,#878),
  .UNSPECIFIED.,.F.,.F.,(7,5,5,5,5,5,7),(0.,7.751078997632E-02,
    0.297936504197,0.500000565115,0.701443277604,0.923441147101,1.),
  .UNSPECIFIED.);
#847 = CARTESIAN_POINT('',(6.28318530718,7.624880949681));
#848 = CARTESIAN_POINT('',(6.262086007532,7.571828875951));
#849 = CARTESIAN_POINT('',(6.241700863457,7.517069454873));
#850 = CARTESIAN_POINT('',(6.222019697181,7.460745574891));
#851 = CARTESIAN_POINT('',(6.203035028081,7.402996313118));
#852 = CARTESIAN_POINT('',(6.184741188894,7.343956471899));
#853 = CARTESIAN_POINT('',(6.117060410749,7.112557930042));
#854 = CARTESIAN_POINT('',(6.072504456774,6.931867442979));
#855 = CARTESIAN_POINT('',(6.033153486923,6.743906464019));
#856 = CARTESIAN_POINT('',(5.998874436514,6.550204904931));
#857 = CARTESIAN_POINT('',(5.969622288579,6.351739905676));
#858 = CARTESIAN_POINT('',(5.923291782971,5.963411973004));
#859 = CARTESIAN_POINT('',(5.905394827226,5.774147597572));
#860 = CARTESIAN_POINT('',(5.891868258299,5.582359949026));
#861 = CARTESIAN_POINT('',(5.88280889683,5.388904953068));
#862 = CARTESIAN_POINT('',(5.878271657692,5.194541620766));
#863 = CARTESIAN_POINT('',(5.878271657692,4.806056596105));
#864 = CARTESIAN_POINT('',(5.882781036663,4.61228905932));
#865 = CARTESIAN_POINT('',(5.891784927004,4.419421606046));
#866 = CARTESIAN_POINT('',(5.905229031024,4.228206953061));
#867 = CARTESIAN_POINT('',(5.923017541041,4.039493337312));
#868 = CARTESIAN_POINT('',(5.969314716419,3.650181143978));
#869 = CARTESIAN_POINT('',(5.998740492939,3.450264708508));
#870 = CARTESIAN_POINT('',(6.033264669025,3.25517320907));
#871 = CARTESIAN_POINT('',(6.072933244532,3.065903687318));
#872 = CARTESIAN_POINT('',(6.11788225591,2.884022889381));
#873 = CARTESIAN_POINT('',(6.185865289235,2.652421068468));
#874 = CARTESIAN_POINT('',(6.203967970544,2.594168986908));
#875 = CARTESIAN_POINT('',(6.222744965057,2.537180424392));
#876 = CARTESIAN_POINT('',(6.242201674448,2.481585761899));
#877 = CARTESIAN_POINT('',(6.262345226052,2.427519345067));
#878 = CARTESIAN_POINT('',(6.28318530718,2.375119050319));
#879 = ( GEOMETRIC_REPRESENTATION_CONTEXT(2) 
PARAMETRIC_REPRESENTATION_CONTEXT() REPRESENTATION_CONTEXT('2D SPACE',''
  ) );
#880 = ORIENTED_EDGE('',*,*,#881,.F.);
#881 = EDGE_CURVE('',#882,#772,#884,.T.);
#882 = VERTEX_POINT('',#883);
#883 = CARTESIAN_POINT('',(168.3,18.,-6.624880949681));
#884 = SURFACE_CURVE('',#885,(#1008,#1134),.PCURVE_S1.);
#885 = B_SPLINE_CURVE_WITH_KNOTS('',6,(#886,#887,#888,#889,#890,#891,
    #892,#893,#894,#895,#896,#897,#898,#899,#900,#901,#902,#903,#904,
    #905,#906,#907,#908,#909,#910,#911,#912,#913,#914,#915,#916,#917,
    #918,#919,#920,#921,#922,#923,#924,#925,#926,#927,#928,#929,#930,
    #931,#932,#933,#934,#935,#936,#937,#938,#939,#940,#941,#942,#943,
    #944,#945,#946,#947,#948,#949,#950,#951,#952,#953,#954,#955,#956,
    #957,#958,#959,#960,#961,#962,#963,#964,#965,#966,#967,#968,#969,
    #970,#971,#972,#973,#974,#975,#976,#977,#978,#979,#980,#981,#982,
    #983,#984,#985,#986,#987,#988,#989,#990,#991,#992,#993,#994,#995,
    #996,#997,#998,#999,#1000,#1001,#1002,#1003,#1004,#1005,#1006,#1007)
  ,.UNSPECIFIED.,.F.,.F.,(7,5,5,5,5,5,5,5,5,5,5,5,5,5,5,5,5,5,5,5,5,5,5,
    5,7),(0.,2.032657539102E-02,5.494009745599E-02,7.831013849527E-02,
    8.982943705462E-02,0.110696328872,0.135989225068,0.209464968198,
    0.277367890929,0.345062011688,0.419071261731,0.444342992602,
    0.465431803994,0.499545555137,0.52369871015,0.555492967765,
    0.580389913906,0.655664218078,0.722622092617,0.789579967157,
    0.864854271329,0.889751212626,0.910387383221,0.94571337563,1.),
  .UNSPECIFIED.);
#886 = CARTESIAN_POINT('',(168.3,18.,-6.624880949681));
#887 = CARTESIAN_POINT('',(168.3,18.054263984832,-6.666226813263));
#888 = CARTESIAN_POINT('',(168.29892936068,18.109963622596,
    -6.706538764815));
#889 = CARTESIAN_POINT('',(168.29668148572,18.167044391364,
    -6.745715382042));
#890 = CARTESIAN_POINT('',(168.29315030341,18.225446553665,
    -6.783663425833));
#891 = CARTESIAN_POINT('',(168.28823026669,18.285105156482,
    -6.820297840268));
#892 = CARTESIAN_POINT('',(168.27089429012,18.449560963007,
    -6.915557565115));
#893 = CARTESIAN_POINT('',(168.25562437165,18.556769805455,
    -6.971632542724));
#894 = CARTESIAN_POINT('',(168.23551312144,18.666773058853,
    -7.02308615682));
#895 = CARTESIAN_POINT('',(168.21019637241,18.778706731528,
    -7.069476866488));
#896 = CARTESIAN_POINT('',(168.17946742,18.891679312523,-7.110579197107)
  );
#897 = CARTESIAN_POINT('',(168.11888948212,19.081183737879,
    -7.170519526876));
#898 = CARTESIAN_POINT('',(168.0920328666,19.157519701492,
    -7.192217113048));
#899 = CARTESIAN_POINT('',(168.06275002142,19.233514239592,
    -7.21144875787));
#900 = CARTESIAN_POINT('',(168.03110095201,19.308867784707,
    -7.22825356629));
#901 = CARTESIAN_POINT('',(167.99719472836,19.383285005467,
    -7.242710215376));
#902 = CARTESIAN_POINT('',(167.94344778493,19.49255877641,
    -7.260957123619));
#903 = CARTESIAN_POINT('',(167.92518831688,19.52835029202,
    -7.266440340026));
#904 = CARTESIAN_POINT('',(167.90643061832,19.563827105345,
    -7.271396781102));
#905 = CARTESIAN_POINT('',(167.88719099756,19.598964688411,
    -7.275842329496));
#906 = CARTESIAN_POINT('',(167.86748628527,19.63374164144,
    -7.279794220529));
#907 = CARTESIAN_POINT('',(167.81082822542,19.730450814834,
    -7.289569208818));
#908 = CARTESIAN_POINT('',(167.77286912989,19.791491337627,
    -7.294305266769));
#909 = CARTESIAN_POINT('',(167.7335398813,19.851188941877,
    -7.297594209956));
#910 = CARTESIAN_POINT('',(167.6929322969,19.909477035624,
    -7.299551105859));
#911 = CARTESIAN_POINT('',(167.65114667778,19.966294754297,
    -7.300291095545));
#912 = CARTESIAN_POINT('',(167.55634714168,20.088607006151,
    -7.299490972432));
#913 = CARTESIAN_POINT('',(167.50282354991,20.153396312402,
    -7.297433720946));
#914 = CARTESIAN_POINT('',(167.44785035093,20.215938274829,
    -7.29396054364));
#915 = CARTESIAN_POINT('',(167.39155292521,20.276224590353,
    -7.289260278171));
#916 = CARTESIAN_POINT('',(167.33405229737,20.33425441802,
    -7.283508698504));
#917 = CARTESIAN_POINT('',(167.10526807594,20.552071622311,
    -7.257582730228));
#918 = CARTESIAN_POINT('',(166.92580373769,20.695206524127,
    -7.230795070722));
#919 = CARTESIAN_POINT('',(166.73922159152,20.820187708348,
    -7.200421106426));
#920 = CARTESIAN_POINT('',(166.54700494942,20.927831702545,
    -7.169328189041));
#921 = CARTESIAN_POINT('',(166.35010551205,21.018803823932,
    -7.139792892619));
#922 = CARTESIAN_POINT('',(165.963411973,21.162450194692,-7.089345645014
    ));
#923 = CARTESIAN_POINT('',(165.77414759757,21.217529600265,
    -7.067941639311));
#924 = CARTESIAN_POINT('',(165.58235994902,21.258759956711,
    -7.050825943092));
#925 = CARTESIAN_POINT('',(165.38890495306,21.286237740447,
    -7.039048536149));
#926 = CARTESIAN_POINT('',(165.19454162076,21.3,-7.033150177621));
#927 = CARTESIAN_POINT('',(164.8060565961,21.3,-7.033150177621));
#928 = CARTESIAN_POINT('',(164.61228905932,21.286322247368,
    -7.039012319445));
#929 = CARTESIAN_POINT('',(164.41942160604,21.2590127023,-7.05071760699)
  );
#930 = CARTESIAN_POINT('',(164.22820695306,21.218034965705,
    -7.067731848183));
#931 = CARTESIAN_POINT('',(164.03949333731,21.16329414876,
    -7.089017548083));
#932 = CARTESIAN_POINT('',(163.65180180246,21.019765070251,
    -7.139489369378));
#933 = CARTESIAN_POINT('',(163.45343737823,20.928250599366,
    -7.169236019661));
#934 = CARTESIAN_POINT('',(163.25981751317,20.819824989989,
    -7.200574940979));
#935 = CARTESIAN_POINT('',(163.07191366286,20.693807542937,
    -7.231180688129));
#936 = CARTESIAN_POINT('',(162.8912454862,20.549362515566,-7.25812038309
    ));
#937 = CARTESIAN_POINT('',(162.66155223506,20.329850359935,
    -7.283955564021));
#938 = CARTESIAN_POINT('',(162.60417422756,20.271725724869,
    -7.289637480922));
#939 = CARTESIAN_POINT('',(162.54800300356,20.211347731023,
    -7.294261110303));
#940 = CARTESIAN_POINT('',(162.49316007924,20.148718071338,
    -7.297650550828));
#941 = CARTESIAN_POINT('',(162.43977113922,20.083845963082,
    -7.299616943905));
#942 = CARTESIAN_POINT('',(162.34473484074,19.960757724613,
    -7.300241679711));
#943 = CARTESIAN_POINT('',(162.30260097365,19.903209564374,
    -7.299393846415));
#944 = CARTESIAN_POINT('',(162.26167704885,19.844162765509,
    -7.297294853886));
#945 = CARTESIAN_POINT('',(162.22206699884,19.783681610786,
    -7.293825830631));
#946 = CARTESIAN_POINT('',(162.1838656629,19.721836392697,
    -7.288868175354));
#947 = CARTESIAN_POINT('',(162.08778089213,19.556578039837,
    -7.271684477761));
#948 = CARTESIAN_POINT('',(162.03222925973,19.450937572653,
    -7.256845996446));
#949 = CARTESIAN_POINT('',(161.98115663396,19.342546621619,
    -7.237312272672));
#950 = CARTESIAN_POINT('',(161.93499135368,19.232227036863,
    -7.212727962989));
#951 = CARTESIAN_POINT('',(161.89395846782,19.120827416688,
    -7.182884328106));
#952 = CARTESIAN_POINT('',(161.8327130067,18.930153149664,
    -7.122866298876));
#953 = CARTESIAN_POINT('',(161.80995870408,18.8511179746,-7.095371058602
    ));
#954 = CARTESIAN_POINT('',(161.78984843859,18.772418743534,
    -7.065271347688));
#955 = CARTESIAN_POINT('',(161.77234178548,18.694388815418,
    -7.032630789207));
#956 = CARTESIAN_POINT('',(161.75735257912,18.617356812775,
    -6.997569385125));
#957 = CARTESIAN_POINT('',(161.72816994409,18.441969799791,
    -6.911165933581));
#958 = CARTESIAN_POINT('',(161.71574432439,18.344674680538,
    -6.858229598297));
#959 = CARTESIAN_POINT('',(161.70711466285,18.250110688739,
    -6.801708336188));
#960 = CARTESIAN_POINT('',(161.70189233026,18.158609082064,
    -6.741915749873));
#961 = CARTESIAN_POINT('',(161.6996701476,18.070469592046,
    -6.679234104298));
#962 = CARTESIAN_POINT('',(161.70031159974,17.919771983259,
    -6.563129205457));
#963 = CARTESIAN_POINT('',(161.70217669958,17.855747867997,
    -6.510597560266));
#964 = CARTESIAN_POINT('',(161.70543165056,17.79389891861,
    -6.456648474481));
#965 = CARTESIAN_POINT('',(161.70989499649,17.734235656371,
    -6.401402990676));
#966 = CARTESIAN_POINT('',(161.71539736863,17.67676136647,
    -6.344978511976));
#967 = CARTESIAN_POINT('',(161.7410834502,17.45430857575,-6.113672387493
    ));
#968 = CARTESIAN_POINT('',(161.76845419575,17.30702809429,
    -5.930022390256));
#969 = CARTESIAN_POINT('',(161.79964244195,17.178825808176,
    -5.738876768652));
#970 = CARTESIAN_POINT('',(161.83156492431,17.068817000306,
    -5.541833929442));
#971 = CARTESIAN_POINT('',(161.86178281669,16.976285633034,
    -5.339905062058));
#972 = CARTESIAN_POINT('',(161.91212328769,16.833775349396,-4.950344537)
  );
#973 = CARTESIAN_POINT('',(161.93299689619,16.780210420797,
    -4.763559223003));
#974 = CARTESIAN_POINT('',(161.94965838476,16.7401101056,-4.574350366095
    ));
#975 = CARTESIAN_POINT('',(161.96111329646,16.71338464973,
    -4.383538655753));
#976 = CARTESIAN_POINT('',(161.96684982237,16.7,-4.191854104621));
#977 = CARTESIAN_POINT('',(161.96684982237,16.7,-3.808145895379));
#978 = CARTESIAN_POINT('',(161.96111329646,16.71338464973,
    -3.616461344247));
#979 = CARTESIAN_POINT('',(161.94965838476,16.7401101056,-3.425649633905
    ));
#980 = CARTESIAN_POINT('',(161.93299689619,16.780210420797,
    -3.236440776997));
#981 = CARTESIAN_POINT('',(161.91212328769,16.833775349396,-3.049655463)
  );
#982 = CARTESIAN_POINT('',(161.86178281669,16.976285633034,
    -2.660094937941));
#983 = CARTESIAN_POINT('',(161.83156492431,17.068817000306,
    -2.458166070557));
#984 = CARTESIAN_POINT('',(161.79964244195,17.178825808176,
    -2.261123231348));
#985 = CARTESIAN_POINT('',(161.76845419575,17.30702809429,
    -2.069977609744));
#986 = CARTESIAN_POINT('',(161.7410834502,17.454308575751,
    -1.886327612507));
#987 = CARTESIAN_POINT('',(161.71539736988,17.676761355712,
    -1.655021499211));
#988 = CARTESIAN_POINT('',(161.70989499683,17.734235659096,
    -1.598597008088));
#989 = CARTESIAN_POINT('',(161.70543164997,17.793898929035,
    -1.543351516175));
#990 = CARTESIAN_POINT('',(161.70217669897,17.855747870407,
    -1.489402436423));
#991 = CARTESIAN_POINT('',(161.70031159979,17.919771972106,
    -1.436870803136));
#992 = CARTESIAN_POINT('',(161.69979639953,18.040808978196,
    -1.343617901107));
#993 = CARTESIAN_POINT('',(161.70065070459,18.097153622392,
    -1.302408595558));
#994 = CARTESIAN_POINT('',(161.70270445658,18.154932868177,
    -1.262358932565));
#995 = CARTESIAN_POINT('',(161.70606908481,18.214086633812,
    -1.223566187932));
#996 = CARTESIAN_POINT('',(161.71085580115,18.274549327272,
    -1.186119336034));
#997 = CARTESIAN_POINT('',(161.72799413669,18.441871771334,
    -1.088437786078));
#998 = CARTESIAN_POINT('',(161.74332237809,18.551295478138,
    -1.030855361487));
#999 = CARTESIAN_POINT('',(161.76369255988,18.663669285201,
    -0.978086294887));
#1000 = CARTESIAN_POINT('',(161.78949766832,18.778074780644,
    -0.930604957159));
#1001 = CARTESIAN_POINT('',(161.82096018817,18.89356333521,
    -0.888650979191));
#1002 = CARTESIAN_POINT('',(161.91517613851,19.186883965737,
    -0.796323228564));
#1003 = CARTESIAN_POINT('',(161.98506611273,19.36305308106,
    -0.754101107771));
#1004 = CARTESIAN_POINT('',(162.06755009804,19.534960811279,
    -0.724963022975));
#1005 = CARTESIAN_POINT('',(162.16157279687,19.699978667055,
    -0.707574475654));
#1006 = CARTESIAN_POINT('',(162.26514796047,19.85566949062,-0.7));
#1007 = CARTESIAN_POINT('',(162.37511905031,20.,-0.7));
#1008 = PCURVE('',#313,#1009);
#1009 = DEFINITIONAL_REPRESENTATION('',(#1010),#1133);
#1010 = B_SPLINE_CURVE_WITH_KNOTS('',6,(#1011,#1012,#1013,#1014,#1015,
    #1016,#1017,#1018,#1019,#1020,#1021,#1022,#1023,#1024,#1025,#1026,
    #1027,#1028,#1029,#1030,#1031,#1032,#1033,#1034,#1035,#1036,#1037,
    #1038,#1039,#1040,#1041,#1042,#1043,#1044,#1045,#1046,#1047,#1048,
    #1049,#1050,#1051,#1052,#1053,#1054,#1055,#1056,#1057,#1058,#1059,
    #1060,#1061,#1062,#1063,#1064,#1065,#1066,#1067,#1068,#1069,#1070,
    #1071,#1072,#1073,#1074,#1075,#1076,#1077,#1078,#1079,#1080,#1081,
    #1082,#1083,#1084,#1085,#1086,#1087,#1088,#1089,#1090,#1091,#1092,
    #1093,#1094,#1095,#1096,#1097,#1098,#1099,#1100,#1101,#1102,#1103,
    #1104,#1105,#1106,#1107,#1108,#1109,#1110,#1111,#1112,#1113,#1114,
    #1115,#1116,#1117,#1118,#1119,#1120,#1121,#1122,#1123,#1124,#1125,
    #1126,#1127,#1128,#1129,#1130,#1131,#1132),.UNSPECIFIED.,.F.,.F.,(7,
    5,5,5,5,5,5,5,5,5,5,5,5,5,5,5,5,5,5,5,5,5,5,5,7),(0.,
    2.032657539102E-02,5.494009745599E-02,7.831013849527E-02,
    8.982943705462E-02,0.110696328872,0.135989225068,0.209464968198,
    0.277367890929,0.345062011688,0.419071261731,0.444342992602,
    0.465431803994,0.499545555137,0.52369871015,0.555492967765,
    0.580389913906,0.655664218078,0.722622092617,0.789579967157,
    0.864854271329,0.889751212626,0.910387383221,0.94571337563,1.),
  .UNSPECIFIED.);
#1011 = CARTESIAN_POINT('',(0.,1.475119050319));
#1012 = CARTESIAN_POINT('',(1.644363176722E-02,1.433773186737));
#1013 = CARTESIAN_POINT('',(3.332234620333E-02,1.393461235185));
#1014 = CARTESIAN_POINT('',(5.062751454477E-02,1.354284617958));
#1015 = CARTESIAN_POINT('',(6.835123226778E-02,1.316336574167));
#1016 = CARTESIAN_POINT('',(8.648631908843E-02,1.279702159732));
#1017 = CARTESIAN_POINT('',(0.136597534595,1.184442434885));
#1018 = CARTESIAN_POINT('',(0.169391274274,1.128367457276));
#1019 = CARTESIAN_POINT('',(0.203237049834,1.07691384318));
#1020 = CARTESIAN_POINT('',(0.23796600808,1.030523133512));
#1021 = CARTESIAN_POINT('',(0.273409735019,0.989420802893));
#1022 = CARTESIAN_POINT('',(0.333698003188,0.929480473124));
#1023 = CARTESIAN_POINT('',(0.358209759514,0.907782886952));
#1024 = CARTESIAN_POINT('',(0.382872606075,0.88855124213));
#1025 = CARTESIAN_POINT('',(0.407622749646,0.87174643371));
#1026 = CARTESIAN_POINT('',(0.432392940737,0.857289784624));
#1027 = CARTESIAN_POINT('',(0.469294879318,0.839042876381));
#1028 = CARTESIAN_POINT('',(0.481469355566,0.833559659974));
#1029 = CARTESIAN_POINT('',(0.493628169055,0.828603218898));
#1030 = CARTESIAN_POINT('',(0.505765677688,0.824157670504));
#1031 = CARTESIAN_POINT('',(0.517876944527,0.820205779471));
#1032 = CARTESIAN_POINT('',(0.551841761796,0.810430791182));
#1033 = CARTESIAN_POINT('',(0.573616134827,0.805694733231));
#1034 = CARTESIAN_POINT('',(0.595268292982,0.802405790044));
#1035 = CARTESIAN_POINT('',(0.616784522095,0.800448894141));
#1036 = CARTESIAN_POINT('',(0.638149957737,0.799708904455));
#1037 = CARTESIAN_POINT('',(0.68504358039,0.800509027568));
#1038 = CARTESIAN_POINT('',(0.710497392015,0.802566279054));
#1039 = CARTESIAN_POINT('',(0.735712574911,0.80603945636));
#1040 = CARTESIAN_POINT('',(0.760691532318,0.810739721829));
#1041 = CARTESIAN_POINT('',(0.785436551495,0.816491301496));
#1042 = CARTESIAN_POINT('',(0.881160823831,0.842417269772));
#1043 = CARTESIAN_POINT('',(0.950456026632,0.869204929278));
#1044 = CARTESIAN_POINT('',(1.018169851169,0.899578893574));
#1045 = CARTESIAN_POINT('',(1.084623836023,0.930671810959));
#1046 = CARTESIAN_POINT('',(1.150155533393,0.960207107381));
#1047 = CARTESIAN_POINT('',(1.275159178142,1.010654354986));
#1048 = CARTESIAN_POINT('',(1.334734488448,1.032058360689));
#1049 = CARTESIAN_POINT('',(1.393954787231,1.049174056908));
#1050 = CARTESIAN_POINT('',(1.452946354507,1.060951463851));
#1051 = CARTESIAN_POINT('',(1.511844320502,1.066849822379));
#1052 = CARTESIAN_POINT('',(1.629567055248,1.066849822379));
#1053 = CARTESIAN_POINT('',(1.688284477255,1.060987680555));
#1054 = CARTESIAN_POINT('',(1.747094609316,1.04928239301));
#1055 = CARTESIAN_POINT('',(1.806131165241,1.032268151817));
#1056 = CARTESIAN_POINT('',(1.865519088258,1.010982451917));
#1057 = CARTESIAN_POINT('',(1.990793927551,0.960510630622));
#1058 = CARTESIAN_POINT('',(2.056793363005,0.930763980339));
#1059 = CARTESIAN_POINT('',(2.123727542265,0.899425059021));
#1060 = CARTESIAN_POINT('',(2.19194134072,0.868819311871));
#1061 = CARTESIAN_POINT('',(2.261762940432,0.84187961691));
#1062 = CARTESIAN_POINT('',(2.358041050034,0.816044435979));
#1063 = CARTESIAN_POINT('',(2.382780374704,0.810362519078));
#1064 = CARTESIAN_POINT('',(2.407753590122,0.805738889697));
#1065 = CARTESIAN_POINT('',(2.432962727004,0.802349449172));
#1066 = CARTESIAN_POINT('',(2.458409950461,0.800383056095));
#1067 = CARTESIAN_POINT('',(2.505533464462,0.799758320289));
#1068 = CARTESIAN_POINT('',(2.527139550511,0.800606153585));
#1069 = CARTESIAN_POINT('',(2.548898924159,0.802705146114));
#1070 = CARTESIAN_POINT('',(2.570795879424,0.806174169369));
#1071 = CARTESIAN_POINT('',(2.592815925412,0.811131824646));
#1072 = CARTESIAN_POINT('',(2.650743563344,0.828315522239));
#1073 = CARTESIAN_POINT('',(2.686879297616,0.843154003554));
#1074 = CARTESIAN_POINT('',(2.723136282274,0.862687727328));
#1075 = CARTESIAN_POINT('',(2.759323500424,0.887272037011));
#1076 = CARTESIAN_POINT('',(2.795266345172,0.917115671894));
#1077 = CARTESIAN_POINT('',(2.855953928686,0.977133701124));
#1078 = CARTESIAN_POINT('',(2.880865205109,1.004628941398));
#1079 = CARTESIAN_POINT('',(2.905463263105,1.034728652312));
#1080 = CARTESIAN_POINT('',(2.929681353139,1.067369210793));
#1081 = CARTESIAN_POINT('',(2.953453352069,1.102430614875));
#1082 = CARTESIAN_POINT('',(3.007331620559,1.188834066419));
#1083 = CARTESIAN_POINT('',(3.037033136535,1.241770401703));
#1084 = CARTESIAN_POINT('',(3.065781208674,1.298291663812));
#1085 = CARTESIAN_POINT('',(3.093532167446,1.358084250127));
#1086 = CARTESIAN_POINT('',(3.1202380126,1.420765895702));
#1087 = CARTESIAN_POINT('',(3.165904368347,1.536870794543));
#1088 = CARTESIAN_POINT('',(3.185308035138,1.589402439734));
#1089 = CARTESIAN_POINT('',(3.204068486854,1.643351525519));
#1090 = CARTESIAN_POINT('',(3.222192530118,1.698597009324));
#1091 = CARTESIAN_POINT('',(3.239685471151,1.755021488024));
#1092 = CARTESIAN_POINT('',(3.307543299953,1.986327612507));
#1093 = CARTESIAN_POINT('',(3.352830816988,2.169977609744));
#1094 = CARTESIAN_POINT('',(3.392744918811,2.361123231348));
#1095 = CARTESIAN_POINT('',(3.427423847799,2.558166070558));
#1096 = CARTESIAN_POINT('',(3.456912824753,2.760094937942));
#1097 = CARTESIAN_POINT('',(3.502712869226,3.149655463));
#1098 = CARTESIAN_POINT('',(3.520124612095,3.336440776997));
#1099 = CARTESIAN_POINT('',(3.533282246507,3.525649633905));
#1100 = CARTESIAN_POINT('',(3.542093554681,3.716461344247));
#1101 = CARTESIAN_POINT('',(3.546506303078,3.908145895379));
#1102 = CARTESIAN_POINT('',(3.546506303078,4.291854104621));
#1103 = CARTESIAN_POINT('',(3.542093554681,4.483538655753));
#1104 = CARTESIAN_POINT('',(3.533282246507,4.674350366095));
#1105 = CARTESIAN_POINT('',(3.520124612095,4.863559223003));
#1106 = CARTESIAN_POINT('',(3.502712869226,5.050344537));
#1107 = CARTESIAN_POINT('',(3.456912824753,5.439905062059));
#1108 = CARTESIAN_POINT('',(3.427423847799,5.641833929443));
#1109 = CARTESIAN_POINT('',(3.392744918811,5.838876768652));
#1110 = CARTESIAN_POINT('',(3.352830816988,6.030022390256));
#1111 = CARTESIAN_POINT('',(3.307543299953,6.213672387493));
#1112 = CARTESIAN_POINT('',(3.239685474433,6.444978500789));
#1113 = CARTESIAN_POINT('',(3.222192529299,6.501402991912));
#1114 = CARTESIAN_POINT('',(3.204068483685,6.556648483825));
#1115 = CARTESIAN_POINT('',(3.185308034397,6.610597563577));
#1116 = CARTESIAN_POINT('',(3.165904371727,6.663129196864));
#1117 = CARTESIAN_POINT('',(3.129226158826,6.756382098893));
#1118 = CARTESIAN_POINT('',(3.112153238921,6.797591404442));
#1119 = CARTESIAN_POINT('',(3.094638959254,6.837641067435));
#1120 = CARTESIAN_POINT('',(3.076691076568,6.876433812068));
#1121 = CARTESIAN_POINT('',(3.058316564843,6.913880663966));
#1122 = CARTESIAN_POINT('',(3.007347513905,7.011562213922));
#1123 = CARTESIAN_POINT('',(2.973887956425,7.069144638513));
#1124 = CARTESIAN_POINT('',(2.939324050359,7.121913705113));
#1125 = CARTESIAN_POINT('',(2.903835062829,7.169395042841));
#1126 = CARTESIAN_POINT('',(2.867599692192,7.211349020809));
#1127 = CARTESIAN_POINT('',(2.774241943717,7.303676771436));
#1128 = CARTESIAN_POINT('',(2.716938205218,7.345898892229));
#1129 = CARTESIAN_POINT('',(2.659371021384,7.375036977025));
#1130 = CARTESIAN_POINT('',(2.602028733291,7.392425524346));
#1131 = CARTESIAN_POINT('',(2.545479613543,7.4));
#1132 = CARTESIAN_POINT('',(2.490494068619,7.4));
#1133 = ( GEOMETRIC_REPRESENTATION_CONTEXT(2) 
PARAMETRIC_REPRESENTATION_CONTEXT() REPRESENTATION_CONTEXT('2D SPACE',''
  ) );
#1134 = PCURVE('',#624,#1135);
#1135 = DEFINITIONAL_REPRESENTATION('',(#1136),#1259);
#1136 = B_SPLINE_CURVE_WITH_KNOTS('',6,(#1137,#1138,#1139,#1140,#1141,
    #1142,#1143,#1144,#1145,#1146,#1147,#1148,#1149,#1150,#1151,#1152,
    #1153,#1154,#1155,#1156,#1157,#1158,#1159,#1160,#1161,#1162,#1163,
    #1164,#1165,#1166,#1167,#1168,#1169,#1170,#1171,#1172,#1173,#1174,
    #1175,#1176,#1177,#1178,#1179,#1180,#1181,#1182,#1183,#1184,#1185,
    #1186,#1187,#1188,#1189,#1190,#1191,#1192,#1193,#1194,#1195,#1196,
    #1197,#1198,#1199,#1200,#1201,#1202,#1203,#1204,#1205,#1206,#1207,
    #1208,#1209,#1210,#1211,#1212,#1213,#1214,#1215,#1216,#1217,#1218,
    #1219,#1220,#1221,#1222,#1223,#1224,#1225,#1226,#1227,#1228,#1229,
    #1230,#1231,#1232,#1233,#1234,#1235,#1236,#1237,#1238,#1239,#1240,
    #1241,#1242,#1243,#1244,#1245,#1246,#1247,#1248,#1249,#1250,#1251,
    #1252,#1253,#1254,#1255,#1256,#1257,#1258),.UNSPECIFIED.,.F.,.F.,(7,
    5,5,5,5,5,5,5,5,5,5,5,5,5,5,5,5,5,5,5,5,5,5,5,7),(0.,
    2.032657539102E-02,5.494009745599E-02,7.831013849527E-02,
    8.982943705462E-02,0.110696328872,0.135989225068,0.209464968198,
    0.277367890929,0.345062011688,0.419071261731,0.444342992602,
    0.465431803994,0.499545555137,0.52369871015,0.555492967765,
    0.580389913906,0.655664218078,0.722622092617,0.789579967157,
    0.864854271329,0.889751212626,0.910387383221,0.94571337563,1.),
  .UNSPECIFIED.);
#1137 = CARTESIAN_POINT('',(2.490494068619,8.3));
#1138 = CARTESIAN_POINT('',(2.51116700041,8.3));
#1139 = CARTESIAN_POINT('',(2.531996019396,8.298929360687));
#1140 = CARTESIAN_POINT('',(2.552965483597,8.296681485724));
#1141 = CARTESIAN_POINT('',(2.574060820904,8.293150303413));
#1142 = CARTESIAN_POINT('',(2.595268529082,8.288230266697));
#1143 = CARTESIAN_POINT('',(2.652860335041,8.270894290126));
#1144 = CARTESIAN_POINT('',(2.689489262512,8.255624371657));
#1145 = CARTESIAN_POINT('',(2.726235381154,8.235513121446));
#1146 = CARTESIAN_POINT('',(2.762898296842,8.210196372416));
#1147 = CARTESIAN_POINT('',(2.799294861232,8.179467420001));
#1148 = CARTESIAN_POINT('',(2.859524579393,8.118889482123));
#1149 = CARTESIAN_POINT('',(2.883562562746,8.092032866609));
#1150 = CARTESIAN_POINT('',(2.907302358719,8.062750021421));
#1151 = CARTESIAN_POINT('',(2.930684074874,8.031100952012));
#1152 = CARTESIAN_POINT('',(2.953648324251,7.997194728361));
#1153 = CARTESIAN_POINT('',(2.987220070369,7.943447784934));
#1154 = CARTESIAN_POINT('',(2.998191529366,7.925188316884));
#1155 = CARTESIAN_POINT('',(3.009045090759,7.906430618329));
#1156 = CARTESIAN_POINT('',(3.019776410535,7.887190997567));
#1157 = CARTESIAN_POINT('',(3.030381884216,7.867486285275));
#1158 = CARTESIAN_POINT('',(3.059837013614,7.810828225427));
#1159 = CARTESIAN_POINT('',(3.078384747736,7.772869129893));
#1160 = CARTESIAN_POINT('',(3.096495707653,7.733539881303));
#1161 = CARTESIAN_POINT('',(3.114162930259,7.692932296902));
#1162 = CARTESIAN_POINT('',(3.131378630925,7.65114667778));
#1163 = CARTESIAN_POINT('',(3.168443742709,7.556347141684));
#1164 = CARTESIAN_POINT('',(3.188080529783,7.502823549913));
#1165 = CARTESIAN_POINT('',(3.207054180485,7.447850350938));
#1166 = CARTESIAN_POINT('',(3.225371949713,7.391552925216));
#1167 = CARTESIAN_POINT('',(3.24303948117,7.334052297378));
#1168 = CARTESIAN_POINT('',(3.309510606461,7.105268075944));
#1169 = CARTESIAN_POINT('',(3.353540456075,6.925803737697));
#1170 = CARTESIAN_POINT('',(3.39245236867,6.739221591521));
#1171 = CARTESIAN_POINT('',(3.426374874468,6.547004949429));
#1172 = CARTESIAN_POINT('',(3.455350667905,6.350105512052));
#1173 = CARTESIAN_POINT('',(3.501486177798,5.963411973004));
#1174 = CARTESIAN_POINT('',(3.519383133543,5.774147597572));
#1175 = CARTESIAN_POINT('',(3.53290970247,5.582359949027));
#1176 = CARTESIAN_POINT('',(3.541969063939,5.388904953068));
#1177 = CARTESIAN_POINT('',(3.546506303078,5.194541620766));
#1178 = CARTESIAN_POINT('',(3.546506303078,4.806056596105));
#1179 = CARTESIAN_POINT('',(3.541996924106,4.61228905932));
#1180 = CARTESIAN_POINT('',(3.532993033765,4.419421606047));
#1181 = CARTESIAN_POINT('',(3.519548929745,4.228206953061));
#1182 = CARTESIAN_POINT('',(3.501760419728,4.039493337312));
#1183 = CARTESIAN_POINT('',(3.455655973763,3.651801802465));
#1184 = CARTESIAN_POINT('',(3.426504165028,3.453437378232));
#1185 = CARTESIAN_POINT('',(3.3923340047,3.259817513174));
#1186 = CARTESIAN_POINT('',(3.353101844738,3.071913662865));
#1187 = CARTESIAN_POINT('',(3.308676205495,2.891245486208));
#1188 = CARTESIAN_POINT('',(3.241698252457,2.661552235063));
#1189 = CARTESIAN_POINT('',(3.224004214142,2.604174227565));
#1190 = CARTESIAN_POINT('',(3.205660563252,2.548003003562));
#1191 = CARTESIAN_POINT('',(3.186661796566,2.493160079245));
#1192 = CARTESIAN_POINT('',(3.16700080487,2.439771139222));
#1193 = CARTESIAN_POINT('',(3.129700858238,2.344734840747));
#1194 = CARTESIAN_POINT('',(3.112263503989,2.302600973654));
#1195 = CARTESIAN_POINT('',(3.094365248694,2.261677048858));
#1196 = CARTESIAN_POINT('',(3.076014428937,2.222066998849));
#1197 = CARTESIAN_POINT('',(3.057218528243,2.183865662902));
#1198 = CARTESIAN_POINT('',(3.006870243877,2.08778089213));
#1199 = CARTESIAN_POINT('',(2.974564482649,2.032229259736));
#1200 = CARTESIAN_POINT('',(2.941228826696,1.981156633963));
#1201 = CARTESIAN_POINT('',(2.907023611574,1.934991353688));
#1202 = CARTESIAN_POINT('',(2.872108517829,1.893958467826));
#1203 = CARTESIAN_POINT('',(2.811533647114,1.832713006701));
#1204 = CARTESIAN_POINT('',(2.78618697427,1.809958704082));
#1205 = CARTESIAN_POINT('',(2.760672006678,1.789848438598));
#1206 = CARTESIAN_POINT('',(2.735059550627,1.772341785482));
#1207 = CARTESIAN_POINT('',(2.709424348635,1.757352579127));
#1208 = CARTESIAN_POINT('',(2.650177343649,1.728169944098));
#1209 = CARTESIAN_POINT('',(2.61664014964,1.715744324391));
#1210 = CARTESIAN_POINT('',(2.583296645126,1.707114662857));
#1211 = CARTESIAN_POINT('',(2.550212715796,1.70189233026));
#1212 = CARTESIAN_POINT('',(2.517462423156,1.6996701476));
#1213 = CARTESIAN_POINT('',(2.459814846873,1.700311599745));
#1214 = CARTESIAN_POINT('',(2.434730542566,1.702176699585));
#1215 = CARTESIAN_POINT('',(2.409877072841,1.705431650563));
#1216 = CARTESIAN_POINT('',(2.385252779188,1.709894996492));
#1217 = CARTESIAN_POINT('',(2.360856159777,1.715397368638));
#1218 = CARTESIAN_POINT('',(2.263608562097,1.741083450208));
#1219 = CARTESIAN_POINT('',(2.192559921403,1.768454195755));
#1220 = CARTESIAN_POINT('',(2.123179471827,1.799642441956));
#1221 = CARTESIAN_POINT('',(2.055121513683,1.831564924311));
#1222 = CARTESIAN_POINT('',(1.988022169353,1.861782816695));
#1223 = CARTESIAN_POINT('',(1.862322444205,1.912123287695));
#1224 = CARTESIAN_POINT('',(1.803589528736,1.932996896191));
#1225 = CARTESIAN_POINT('',(1.745195644651,1.949658384768));
#1226 = CARTESIAN_POINT('',(1.687020148865,1.961113296461));
#1227 = CARTESIAN_POINT('',(1.628933934256,1.966849822379));
#1228 = CARTESIAN_POINT('',(1.512658719334,1.966849822379));
#1229 = CARTESIAN_POINT('',(1.454572504724,1.961113296461));
#1230 = CARTESIAN_POINT('',(1.396397008939,1.949658384768));
#1231 = CARTESIAN_POINT('',(1.338003124854,1.932996896191));
#1232 = CARTESIAN_POINT('',(1.279270209384,1.912123287695));
#1233 = CARTESIAN_POINT('',(1.153570484236,1.861782816695));
#1234 = CARTESIAN_POINT('',(1.086471139907,1.831564924311));
#1235 = CARTESIAN_POINT('',(1.018413181763,1.799642441956));
#1236 = CARTESIAN_POINT('',(0.949032732187,1.768454195755));
#1237 = CARTESIAN_POINT('',(0.877984091493,1.741083450207));
#1238 = CARTESIAN_POINT('',(0.780736498516,1.71539736988));
#1239 = CARTESIAN_POINT('',(0.756339873536,1.709894996833));
#1240 = CARTESIAN_POINT('',(0.731715576496,1.70543164997));
#1241 = CARTESIAN_POINT('',(0.706862109808,1.70217669897));
#1242 = CARTESIAN_POINT('',(0.681777810983,1.700311599792));
#1243 = CARTESIAN_POINT('',(0.635476545171,1.699796399533));
#1244 = CARTESIAN_POINT('',(0.614329785139,1.70065070459));
#1245 = CARTESIAN_POINT('',(0.593036335062,1.702704456582));
#1246 = CARTESIAN_POINT('',(0.571610846235,1.706069084813));
#1247 = CARTESIAN_POINT('',(0.550066858729,1.710855801155));
#1248 = CARTESIAN_POINT('',(0.491355188749,1.727994136696));
#1249 = CARTESIAN_POINT('',(0.453921925709,1.743322378093));
#1250 = CARTESIAN_POINT('',(0.416359928622,1.763692559882));
#1251 = CARTESIAN_POINT('',(0.378882248165,1.789497668322));
#1252 = CARTESIAN_POINT('',(0.341683140737,1.820960188171));
#1253 = CARTESIAN_POINT('',(0.248498782147,1.915176138516));
#1254 = CARTESIAN_POINT('',(0.193735657989,1.985066112732));
#1255 = CARTESIAN_POINT('',(0.141071374349,2.067550098043));
#1256 = CARTESIAN_POINT('',(9.091559689066E-02,2.161572796874));
#1257 = CARTESIAN_POINT('',(4.373651799386E-02,2.26514796047));
#1258 = CARTESIAN_POINT('',(0.,2.375119050319));
#1259 = ( GEOMETRIC_REPRESENTATION_CONTEXT(2) 
PARAMETRIC_REPRESENTATION_CONTEXT() REPRESENTATION_CONTEXT('2D SPACE',''
  ) );
#1260 = ORIENTED_EDGE('',*,*,#1261,.F.);
#1261 = EDGE_CURVE('',#492,#882,#1262,.T.);
#1262 = SEAM_CURVE('',#1263,(#1267,#1274),.PCURVE_S1.);
#1263 = LINE('',#1264,#1265);
#1264 = CARTESIAN_POINT('',(168.3,18.,-8.1));
#1265 = VECTOR('',#1266,1.);
#1266 = DIRECTION('',(0.,0.,1.));
#1267 = PCURVE('',#313,#1268);
#1268 = DEFINITIONAL_REPRESENTATION('',(#1269),#1273);
#1269 = LINE('',#1270,#1271);
#1270 = CARTESIAN_POINT('',(6.28318530718,-0.));
#1271 = VECTOR('',#1272,1.);
#1272 = DIRECTION('',(0.,1.));
#1273 = ( GEOMETRIC_REPRESENTATION_CONTEXT(2) 
PARAMETRIC_REPRESENTATION_CONTEXT() REPRESENTATION_CONTEXT('2D SPACE',''
  ) );
#1274 = PCURVE('',#313,#1275);
#1275 = DEFINITIONAL_REPRESENTATION('',(#1276),#1280);
#1276 = LINE('',#1277,#1278);
#1277 = CARTESIAN_POINT('',(0.,-0.));
#1278 = VECTOR('',#1279,1.);
#1279 = DIRECTION('',(0.,1.));
#1280 = ( GEOMETRIC_REPRESENTATION_CONTEXT(2) 
PARAMETRIC_REPRESENTATION_CONTEXT() REPRESENTATION_CONTEXT('2D SPACE',''
  ) );
#1281 = ORIENTED_EDGE('',*,*,#491,.T.);
#1282 = ORIENTED_EDGE('',*,*,#1261,.T.);
#1283 = ORIENTED_EDGE('',*,*,#1284,.F.);
#1284 = EDGE_CURVE('',#667,#882,#1285,.T.);
#1285 = SURFACE_CURVE('',#1286,(#1319,#1355),.PCURVE_S1.);
#1286 = B_SPLINE_CURVE_WITH_KNOTS('',6,(#1287,#1288,#1289,#1290,#1291,
    #1292,#1293,#1294,#1295,#1296,#1297,#1298,#1299,#1300,#1301,#1302,
    #1303,#1304,#1305,#1306,#1307,#1308,#1309,#1310,#1311,#1312,#1313,
    #1314,#1315,#1316,#1317,#1318),.UNSPECIFIED.,.F.,.F.,(7,5,5,5,5,5,7)
  ,(0.,7.728306109259E-02,0.297288315782,0.5,0.702711684218,
    0.922716938907,1.),.UNSPECIFIED.);
#1287 = CARTESIAN_POINT('',(168.3,18.,-1.375119050319));
#1288 = CARTESIAN_POINT('',(168.3,17.930575898476,-1.42801600287));
#1289 = CARTESIAN_POINT('',(168.29824740635,17.863493970971,
    -1.482610942876));
#1290 = CARTESIAN_POINT('',(168.29496381919,17.798776548142,
    -1.538762055751));
#1291 = CARTESIAN_POINT('',(168.29035555617,17.736436434916,
    -1.5963311704));
#1292 = CARTESIAN_POINT('',(168.28461470259,17.676477806948,
    -1.655184217875));
#1293 = CARTESIAN_POINT('',(168.25886250249,17.454979472878,
    -1.886017728819));
#1294 = CARTESIAN_POINT('',(168.23206426787,17.310226786666,
    -2.066309158154));
#1295 = CARTESIAN_POINT('',(168.20154341695,17.183881236247,
    -2.253854124715));
#1296 = CARTESIAN_POINT('',(168.17023564936,17.075107309069,
    -2.447128422663));
#1297 = CARTESIAN_POINT('',(168.14046808416,16.983221720438,
    -2.645157888267));
#1298 = CARTESIAN_POINT('',(168.08968510955,16.838423260226,
    -3.033588815062));
#1299 = CARTESIAN_POINT('',(168.06815886593,16.782994067713,
    -3.22342165535));
#1300 = CARTESIAN_POINT('',(168.05093877169,16.741503200309,
    -3.415796389011));
#1301 = CARTESIAN_POINT('',(168.03908655796,16.713851009939,
    -3.609853600748));
#1302 = CARTESIAN_POINT('',(168.03315017762,16.7,-3.804832050743));
#1303 = CARTESIAN_POINT('',(168.03315017762,16.7,-4.195167949257));
#1304 = CARTESIAN_POINT('',(168.03908655796,16.713851009939,
    -4.390146399252));
#1305 = CARTESIAN_POINT('',(168.05093877169,16.741503200309,
    -4.584203610989));
#1306 = CARTESIAN_POINT('',(168.06815886593,16.782994067713,
    -4.77657834465));
#1307 = CARTESIAN_POINT('',(168.08968510955,16.838423260226,
    -4.966411184938));
#1308 = CARTESIAN_POINT('',(168.14046808416,16.983221720438,
    -5.354842111733));
#1309 = CARTESIAN_POINT('',(168.17023564936,17.075107309069,
    -5.552871577337));
#1310 = CARTESIAN_POINT('',(168.20154341695,17.183881236247,
    -5.746145875285));
#1311 = CARTESIAN_POINT('',(168.23206426787,17.310226786666,
    -5.933690841846));
#1312 = CARTESIAN_POINT('',(168.25886250249,17.454979472878,
    -6.11398227118));
#1313 = CARTESIAN_POINT('',(168.28461470259,17.676477806948,
    -6.344815782125));
#1314 = CARTESIAN_POINT('',(168.29035555617,17.736436434917,
    -6.4036688296));
#1315 = CARTESIAN_POINT('',(168.29496381919,17.798776548142,
    -6.461237944249));
#1316 = CARTESIAN_POINT('',(168.29824740635,17.863493970971,
    -6.517389057124));
#1317 = CARTESIAN_POINT('',(168.3,17.930575898476,-6.57198399713));
#1318 = CARTESIAN_POINT('',(168.3,18.,-6.624880949681));
#1319 = PCURVE('',#313,#1320);
#1320 = DEFINITIONAL_REPRESENTATION('',(#1321),#1354);
#1321 = B_SPLINE_CURVE_WITH_KNOTS('',6,(#1322,#1323,#1324,#1325,#1326,
    #1327,#1328,#1329,#1330,#1331,#1332,#1333,#1334,#1335,#1336,#1337,
    #1338,#1339,#1340,#1341,#1342,#1343,#1344,#1345,#1346,#1347,#1348,
    #1349,#1350,#1351,#1352,#1353),.UNSPECIFIED.,.F.,.F.,(7,5,5,5,5,5,7)
  ,(0.,7.728306109259E-02,0.297288315782,0.5,0.702711684218,
    0.922716938907,1.),.UNSPECIFIED.);
#1322 = CARTESIAN_POINT('',(6.28318530718,6.724880949681));
#1323 = CARTESIAN_POINT('',(6.262147700657,6.67198399713));
#1324 = CARTESIAN_POINT('',(6.241819837074,6.617389057124));
#1325 = CARTESIAN_POINT('',(6.222191757171,6.561237944249));
#1326 = CARTESIAN_POINT('',(6.203256165804,6.5036688296));
#1327 = CARTESIAN_POINT('',(6.185007554574,6.444815782125));
#1328 = CARTESIAN_POINT('',(6.11743472694,6.213982271181));
#1329 = CARTESIAN_POINT('',(6.072925695963,6.033690841846));
#1330 = CARTESIAN_POINT('',(6.033603434787,5.846145875285));
#1331 = CARTESIAN_POINT('',(5.999334813953,5.652871577337));
#1332 = CARTESIAN_POINT('',(5.970074216811,5.454842111733));
#1333 = CARTESIAN_POINT('',(5.923575597115,5.066411184938));
#1334 = CARTESIAN_POINT('',(5.905566607424,4.87657834465));
#1335 = CARTESIAN_POINT('',(5.89195503106,4.684203610989));
#1336 = CARTESIAN_POINT('',(5.882838151588,4.490146399252));
#1337 = CARTESIAN_POINT('',(5.878271657692,4.295167949257));
#1338 = CARTESIAN_POINT('',(5.878271657692,3.904832050743));
#1339 = CARTESIAN_POINT('',(5.882838151588,3.709853600748));
#1340 = CARTESIAN_POINT('',(5.89195503106,3.515796389011));
#1341 = CARTESIAN_POINT('',(5.905566607424,3.32342165535));
#1342 = CARTESIAN_POINT('',(5.923575597115,3.133588815062));
#1343 = CARTESIAN_POINT('',(5.970074216811,2.745157888267));
#1344 = CARTESIAN_POINT('',(5.999334813953,2.547128422663));
#1345 = CARTESIAN_POINT('',(6.033603434787,2.353854124715));
#1346 = CARTESIAN_POINT('',(6.072925695963,2.166309158154));
#1347 = CARTESIAN_POINT('',(6.11743472694,1.98601772882));
#1348 = CARTESIAN_POINT('',(6.185007554574,1.755184217875));
#1349 = CARTESIAN_POINT('',(6.203256165804,1.6963311704));
#1350 = CARTESIAN_POINT('',(6.222191757171,1.638762055751));
#1351 = CARTESIAN_POINT('',(6.241819837074,1.582610942876));
#1352 = CARTESIAN_POINT('',(6.262147700657,1.52801600287));
#1353 = CARTESIAN_POINT('',(6.28318530718,1.475119050319));
#1354 = ( GEOMETRIC_REPRESENTATION_CONTEXT(2) 
PARAMETRIC_REPRESENTATION_CONTEXT() REPRESENTATION_CONTEXT('2D SPACE',''
  ) );
#1355 = PCURVE('',#624,#1356);
#1356 = DEFINITIONAL_REPRESENTATION('',(#1357),#1390);
#1357 = B_SPLINE_CURVE_WITH_KNOTS('',6,(#1358,#1359,#1360,#1361,#1362,
    #1363,#1364,#1365,#1366,#1367,#1368,#1369,#1370,#1371,#1372,#1373,
    #1374,#1375,#1376,#1377,#1378,#1379,#1380,#1381,#1382,#1383,#1384,
    #1385,#1386,#1387,#1388,#1389),.UNSPECIFIED.,.F.,.F.,(7,5,5,5,5,5,7)
  ,(0.,7.728306109259E-02,0.297288315782,0.5,0.702711684218,
    0.922716938907,1.),.UNSPECIFIED.);
#1358 = CARTESIAN_POINT('',(0.651098584971,8.3));
#1359 = CARTESIAN_POINT('',(0.677547061247,8.3));
#1360 = CARTESIAN_POINT('',(0.703742832616,8.298247406357));
#1361 = CARTESIAN_POINT('',(0.729687775504,8.294963819193));
#1362 = CARTESIAN_POINT('',(0.755383545,8.290355556173));
#1363 = CARTESIAN_POINT('',(0.780831583366,8.284614702591));
#1364 = CARTESIAN_POINT('',(0.877775529648,8.258862502498));
#1365 = CARTESIAN_POINT('',(0.94756663651,8.23206426787));
#1366 = CARTESIAN_POINT('',(1.015746111768,8.201543416953));
#1367 = CARTESIAN_POINT('',(1.082641241708,8.17023564936));
#1368 = CARTESIAN_POINT('',(1.148596252243,8.140468084164));
#1369 = CARTESIAN_POINT('',(1.274215080037,8.089685109551));
#1370 = CARTESIAN_POINT('',(1.333983832395,8.068158865932));
#1371 = CARTESIAN_POINT('',(1.39339252942,8.050938771694));
#1372 = CARTESIAN_POINT('',(1.452570159157,8.039086557961));
#1373 = CARTESIAN_POINT('',(1.51165452399,8.033150177621));
#1374 = CARTESIAN_POINT('',(1.6299381296,8.033150177621));
#1375 = CARTESIAN_POINT('',(1.689022494433,8.039086557961));
#1376 = CARTESIAN_POINT('',(1.74820012417,8.050938771694));
#1377 = CARTESIAN_POINT('',(1.807608821195,8.068158865932));
#1378 = CARTESIAN_POINT('',(1.867377573553,8.089685109551));
#1379 = CARTESIAN_POINT('',(1.992996401347,8.140468084164));
#1380 = CARTESIAN_POINT('',(2.058951411882,8.17023564936));
#1381 = CARTESIAN_POINT('',(2.125846541822,8.201543416953));
#1382 = CARTESIAN_POINT('',(2.194026017079,8.23206426787));
#1383 = CARTESIAN_POINT('',(2.263817123941,8.258862502498));
#1384 = CARTESIAN_POINT('',(2.360761070224,8.284614702591));
#1385 = CARTESIAN_POINT('',(2.386209108589,8.290355556173));
#1386 = CARTESIAN_POINT('',(2.411904878085,8.294963819193));
#1387 = CARTESIAN_POINT('',(2.437849820974,8.298247406357));
#1388 = CARTESIAN_POINT('',(2.464045592343,8.3));
#1389 = CARTESIAN_POINT('',(2.490494068619,8.3));
#1390 = ( GEOMETRIC_REPRESENTATION_CONTEXT(2) 
PARAMETRIC_REPRESENTATION_CONTEXT() REPRESENTATION_CONTEXT('2D SPACE',''
  ) );
#1391 = ADVANCED_FACE('',(#1392),#344,.F.);
#1392 = FACE_BOUND('',#1393,.F.);
#1393 = EDGE_LOOP('',(#1394,#1395,#1416,#1417));
#1394 = ORIENTED_EDGE('',*,*,#327,.F.);
#1395 = ORIENTED_EDGE('',*,*,#1396,.F.);
#1396 = EDGE_CURVE('',#518,#328,#1397,.T.);
#1397 = SEAM_CURVE('',#1398,(#1402,#1409),.PCURVE_S1.);
#1398 = LINE('',#1399,#1400);
#1399 = CARTESIAN_POINT('',(128.3,66.,-8.1));
#1400 = VECTOR('',#1401,1.);
#1401 = DIRECTION('',(0.,0.,1.));
#1402 = PCURVE('',#344,#1403);
#1403 = DEFINITIONAL_REPRESENTATION('',(#1404),#1408);
#1404 = LINE('',#1405,#1406);
#1405 = CARTESIAN_POINT('',(6.28318530718,-0.));
#1406 = VECTOR('',#1407,1.);
#1407 = DIRECTION('',(0.,1.));
#1408 = ( GEOMETRIC_REPRESENTATION_CONTEXT(2) 
PARAMETRIC_REPRESENTATION_CONTEXT() REPRESENTATION_CONTEXT('2D SPACE',''
  ) );
#1409 = PCURVE('',#344,#1410);
#1410 = DEFINITIONAL_REPRESENTATION('',(#1411),#1415);
#1411 = LINE('',#1412,#1413);
#1412 = CARTESIAN_POINT('',(0.,-0.));
#1413 = VECTOR('',#1414,1.);
#1414 = DIRECTION('',(0.,1.));
#1415 = ( GEOMETRIC_REPRESENTATION_CONTEXT(2) 
PARAMETRIC_REPRESENTATION_CONTEXT() REPRESENTATION_CONTEXT('2D SPACE',''
  ) );
#1416 = ORIENTED_EDGE('',*,*,#517,.T.);
#1417 = ORIENTED_EDGE('',*,*,#1396,.T.);
#1418 = ADVANCED_FACE('',(#1419),#375,.F.);
#1419 = FACE_BOUND('',#1420,.F.);
#1420 = EDGE_LOOP('',(#1421,#1444,#1445,#1446,#1556,#1577,#1578,#1579,
    #1974,#2084));
#1421 = ORIENTED_EDGE('',*,*,#1422,.T.);
#1422 = EDGE_CURVE('',#1423,#359,#1425,.T.);
#1423 = VERTEX_POINT('',#1424);
#1424 = CARTESIAN_POINT('',(168.3,66.,-1.375119050319));
#1425 = SEAM_CURVE('',#1426,(#1430,#1437),.PCURVE_S1.);
#1426 = LINE('',#1427,#1428);
#1427 = CARTESIAN_POINT('',(168.3,66.,-8.1));
#1428 = VECTOR('',#1429,1.);
#1429 = DIRECTION('',(0.,0.,1.));
#1430 = PCURVE('',#375,#1431);
#1431 = DEFINITIONAL_REPRESENTATION('',(#1432),#1436);
#1432 = LINE('',#1433,#1434);
#1433 = CARTESIAN_POINT('',(6.28318530718,-0.));
#1434 = VECTOR('',#1435,1.);
#1435 = DIRECTION('',(0.,1.));
#1436 = ( GEOMETRIC_REPRESENTATION_CONTEXT(2) 
PARAMETRIC_REPRESENTATION_CONTEXT() REPRESENTATION_CONTEXT('2D SPACE',''
  ) );
#1437 = PCURVE('',#375,#1438);
#1438 = DEFINITIONAL_REPRESENTATION('',(#1439),#1443);
#1439 = LINE('',#1440,#1441);
#1440 = CARTESIAN_POINT('',(0.,-0.));
#1441 = VECTOR('',#1442,1.);
#1442 = DIRECTION('',(0.,1.));
#1443 = ( GEOMETRIC_REPRESENTATION_CONTEXT(2) 
PARAMETRIC_REPRESENTATION_CONTEXT() REPRESENTATION_CONTEXT('2D SPACE',''
  ) );
#1444 = ORIENTED_EDGE('',*,*,#358,.F.);
#1445 = ORIENTED_EDGE('',*,*,#1422,.F.);
#1446 = ORIENTED_EDGE('',*,*,#1447,.F.);
#1447 = EDGE_CURVE('',#1448,#1423,#1450,.T.);
#1448 = VERTEX_POINT('',#1449);
#1449 = CARTESIAN_POINT('',(168.3,66.,-6.624880949681));
#1450 = SURFACE_CURVE('',#1451,(#1484,#1520),.PCURVE_S1.);
#1451 = B_SPLINE_CURVE_WITH_KNOTS('',6,(#1452,#1453,#1454,#1455,#1456,
    #1457,#1458,#1459,#1460,#1461,#1462,#1463,#1464,#1465,#1466,#1467,
    #1468,#1469,#1470,#1471,#1472,#1473,#1474,#1475,#1476,#1477,#1478,
    #1479,#1480,#1481,#1482,#1483),.UNSPECIFIED.,.F.,.F.,(7,5,5,5,5,5,7)
  ,(0.,7.797873132931E-02,0.297234781925,0.499999999997,0.702765218068,
    0.922021268666,1.),.UNSPECIFIED.);
#1452 = CARTESIAN_POINT('',(168.3,66.,-6.624880949681));
#1453 = CARTESIAN_POINT('',(168.3,66.07004963305,-6.571507380066));
#1454 = CARTESIAN_POINT('',(168.29821568244,66.137713609717,
    -6.516405912708));
#1455 = CARTESIAN_POINT('',(168.29487479155,66.202969615999,
    -6.459721960528));
#1456 = CARTESIAN_POINT('',(168.29018911927,66.265805191112,
    -6.401596988538));
#1457 = CARTESIAN_POINT('',(168.28435562935,66.326216760298,
    -6.342168034717));
#1458 = CARTESIAN_POINT('',(168.25844322666,66.547266931801,
    -6.111173423757));
#1459 = CARTESIAN_POINT('',(168.23169138118,66.691299228057,
    -5.931406996388));
#1460 = CARTESIAN_POINT('',(168.20126889154,66.817057572259,
    -5.74445003711));
#1461 = CARTESIAN_POINT('',(168.1700779011,66.925367896653,
    -5.551807497947));
#1462 = CARTESIAN_POINT('',(168.14042059169,67.016905220719,
    -5.354442999967));
#1463 = CARTESIAN_POINT('',(168.08971336766,67.161503992574,
    -4.966660429522));
#1464 = CARTESIAN_POINT('',(168.06817717178,67.216961707434,
    -4.776782076539));
#1465 = CARTESIAN_POINT('',(168.05094853642,67.25847402989,
    -4.584360537174));
#1466 = CARTESIAN_POINT('',(168.03908996365,67.286141035505,
    -4.390254398568));
#1467 = CARTESIAN_POINT('',(168.03315017762,67.3,-4.195224003377));
#1468 = CARTESIAN_POINT('',(168.03315017762,67.3,-3.804775996623));
#1469 = CARTESIAN_POINT('',(168.03908996365,67.286141035505,
    -3.609745601432));
#1470 = CARTESIAN_POINT('',(168.05094853642,67.25847402989,
    -3.415639462826));
#1471 = CARTESIAN_POINT('',(168.06817717178,67.216961707434,
    -3.223217923461));
#1472 = CARTESIAN_POINT('',(168.08971336766,67.161503992574,
    -3.033339570478));
#1473 = CARTESIAN_POINT('',(168.1404205917,67.016905220718,
    -2.645557000032));
#1474 = CARTESIAN_POINT('',(168.1700779011,66.925367896653,
    -2.448192502054));
#1475 = CARTESIAN_POINT('',(168.20126889154,66.817057572259,
    -2.255549962891));
#1476 = CARTESIAN_POINT('',(168.23169138118,66.691299228058,
    -2.068593003613));
#1477 = CARTESIAN_POINT('',(168.25844322666,66.5472669318,
    -1.888826576243));
#1478 = CARTESIAN_POINT('',(168.28435562935,66.326216760294,
    -1.657831965279));
#1479 = CARTESIAN_POINT('',(168.29018911927,66.265805191112,
    -1.598403011463));
#1480 = CARTESIAN_POINT('',(168.29487479155,66.202969616003,
    -1.540278039475));
#1481 = CARTESIAN_POINT('',(168.29821568244,66.137713609718,
    -1.483594087293));
#1482 = CARTESIAN_POINT('',(168.3,66.070049633046,-1.428492619931));
#1483 = CARTESIAN_POINT('',(168.3,66.,-1.375119050319));
#1484 = PCURVE('',#375,#1485);
#1485 = DEFINITIONAL_REPRESENTATION('',(#1486),#1519);
#1486 = B_SPLINE_CURVE_WITH_KNOTS('',6,(#1487,#1488,#1489,#1490,#1491,
    #1492,#1493,#1494,#1495,#1496,#1497,#1498,#1499,#1500,#1501,#1502,
    #1503,#1504,#1505,#1506,#1507,#1508,#1509,#1510,#1511,#1512,#1513,
    #1514,#1515,#1516,#1517,#1518),.UNSPECIFIED.,.F.,.F.,(7,5,5,5,5,5,7)
  ,(0.,7.797873132931E-02,0.297234781925,0.499999999997,0.702765218068,
    0.922021268666,1.),.UNSPECIFIED.);
#1487 = CARTESIAN_POINT('',(0.,1.475119050319));
#1488 = CARTESIAN_POINT('',(2.122716153017E-02,1.528492619934));
#1489 = CARTESIAN_POINT('',(4.173140417754E-02,1.583594087292));
#1490 = CARTESIAN_POINT('',(6.152314694444E-02,1.640278039472));
#1491 = CARTESIAN_POINT('',(8.06100418481E-02,1.698403011462));
#1492 = CARTESIAN_POINT('',(9.899788345138E-02,1.757831965283));
#1493 = CARTESIAN_POINT('',(0.166441449586,1.988826576243));
#1494 = CARTESIAN_POINT('',(0.210734845382,2.168593003612));
#1495 = CARTESIAN_POINT('',(0.249877987695,2.35554996289));
#1496 = CARTESIAN_POINT('',(0.284002181148,2.548192502053));
#1497 = CARTESIAN_POINT('',(0.313152152609,2.745557000033));
#1498 = CARTESIAN_POINT('',(0.359586073777,3.133339570478));
#1499 = CARTESIAN_POINT('',(0.377604197224,3.323217923461));
#1500 = CARTESIAN_POINT('',(0.391222767348,3.515639462826));
#1501 = CARTESIAN_POINT('',(0.400344534305,3.709745601432));
#1502 = CARTESIAN_POINT('',(0.404913649488,3.904775996623));
#1503 = CARTESIAN_POINT('',(0.404913649488,4.295224003377));
#1504 = CARTESIAN_POINT('',(0.400344534305,4.490254398568));
#1505 = CARTESIAN_POINT('',(0.391222767348,4.684360537174));
#1506 = CARTESIAN_POINT('',(0.377604197224,4.876782076539));
#1507 = CARTESIAN_POINT('',(0.359586073777,5.066660429522));
#1508 = CARTESIAN_POINT('',(0.313152152608,5.454442999968));
#1509 = CARTESIAN_POINT('',(0.284002181148,5.651807497946));
#1510 = CARTESIAN_POINT('',(0.249877987695,5.844450037109));
#1511 = CARTESIAN_POINT('',(0.210734845382,6.031406996387));
#1512 = CARTESIAN_POINT('',(0.166441449586,6.211173423757));
#1513 = CARTESIAN_POINT('',(9.899788345041E-02,6.442168034721));
#1514 = CARTESIAN_POINT('',(8.061004184832E-02,6.501596988537));
#1515 = CARTESIAN_POINT('',(6.152314694554E-02,6.559721960525));
#1516 = CARTESIAN_POINT('',(4.173140417791E-02,6.616405912707));
#1517 = CARTESIAN_POINT('',(2.122716152894E-02,6.671507380069));
#1518 = CARTESIAN_POINT('',(0.,6.724880949681));
#1519 = ( GEOMETRIC_REPRESENTATION_CONTEXT(2) 
PARAMETRIC_REPRESENTATION_CONTEXT() REPRESENTATION_CONTEXT('2D SPACE',''
  ) );
#1520 = PCURVE('',#593,#1521);
#1521 = DEFINITIONAL_REPRESENTATION('',(#1522),#1555);
#1522 = B_SPLINE_CURVE_WITH_KNOTS('',6,(#1523,#1524,#1525,#1526,#1527,
    #1528,#1529,#1530,#1531,#1532,#1533,#1534,#1535,#1536,#1537,#1538,
    #1539,#1540,#1541,#1542,#1543,#1544,#1545,#1546,#1547,#1548,#1549,
    #1550,#1551,#1552,#1553,#1554),.UNSPECIFIED.,.F.,.F.,(7,5,5,5,5,5,7)
  ,(0.,7.797873132931E-02,0.297234781925,0.499999999997,0.702765218068,
    0.922021268666,1.),.UNSPECIFIED.);
#1523 = CARTESIAN_POINT('',(3.792691238561,8.3));
#1524 = CARTESIAN_POINT('',(3.819378023368,8.3));
#1525 = CARTESIAN_POINT('',(3.845807115582,8.298215682442));
#1526 = CARTESIAN_POINT('',(3.871980643316,8.294874791554));
#1527 = CARTESIAN_POINT('',(3.89790052607,8.290189119275));
#1528 = CARTESIAN_POINT('',(3.923568486462,8.284355629355));
#1529 = CARTESIAN_POINT('',(4.020453718906,8.258443226669));
#1530 = CARTESIAN_POINT('',(4.089987290911,8.231691381184));
#1531 = CARTESIAN_POINT('',(4.157923287169,8.201268891544));
#1532 = CARTESIAN_POINT('',(4.224585848444,8.170077901106));
#1533 = CARTESIAN_POINT('',(4.290315666962,8.140420591699));
#1534 = CARTESIAN_POINT('',(4.415729262519,8.089713367662));
#1535 = CARTESIAN_POINT('',(4.475513543161,8.06817717178));
#1536 = CARTESIAN_POINT('',(4.534937309418,8.050948536425));
#1537 = CARTESIAN_POINT('',(4.594130085724,8.039089963655));
#1538 = CARTESIAN_POINT('',(4.653230191483,8.033150177621));
#1539 = CARTESIAN_POINT('',(4.771547769287,8.033150177621));
#1540 = CARTESIAN_POINT('',(4.830647875046,8.039089963655));
#1541 = CARTESIAN_POINT('',(4.889840651351,8.050948536425));
#1542 = CARTESIAN_POINT('',(4.949264417609,8.06817717178));
#1543 = CARTESIAN_POINT('',(5.00904869825,8.089713367662));
#1544 = CARTESIAN_POINT('',(5.134462293808,8.1404205917));
#1545 = CARTESIAN_POINT('',(5.200192112326,8.170077901106));
#1546 = CARTESIAN_POINT('',(5.2668546736,8.201268891543));
#1547 = CARTESIAN_POINT('',(5.334790669858,8.231691381184));
#1548 = CARTESIAN_POINT('',(5.404324241863,8.258443226669));
#1549 = CARTESIAN_POINT('',(5.501209474309,8.284355629355));
#1550 = CARTESIAN_POINT('',(5.526877434699,8.290189119275));
#1551 = CARTESIAN_POINT('',(5.552797317452,8.294874791554));
#1552 = CARTESIAN_POINT('',(5.578970845187,8.298215682442));
#1553 = CARTESIAN_POINT('',(5.605399937402,8.3));
#1554 = CARTESIAN_POINT('',(5.632086722208,8.3));
#1555 = ( GEOMETRIC_REPRESENTATION_CONTEXT(2) 
PARAMETRIC_REPRESENTATION_CONTEXT() REPRESENTATION_CONTEXT('2D SPACE',''
  ) );
#1556 = ORIENTED_EDGE('',*,*,#1557,.F.);
#1557 = EDGE_CURVE('',#544,#1448,#1558,.T.);
#1558 = SEAM_CURVE('',#1559,(#1563,#1570),.PCURVE_S1.);
#1559 = LINE('',#1560,#1561);
#1560 = CARTESIAN_POINT('',(168.3,66.,-8.1));
#1561 = VECTOR('',#1562,1.);
#1562 = DIRECTION('',(0.,0.,1.));
#1563 = PCURVE('',#375,#1564);
#1564 = DEFINITIONAL_REPRESENTATION('',(#1565),#1569);
#1565 = LINE('',#1566,#1567);
#1566 = CARTESIAN_POINT('',(6.28318530718,-0.));
#1567 = VECTOR('',#1568,1.);
#1568 = DIRECTION('',(0.,1.));
#1569 = ( GEOMETRIC_REPRESENTATION_CONTEXT(2) 
PARAMETRIC_REPRESENTATION_CONTEXT() REPRESENTATION_CONTEXT('2D SPACE',''
  ) );
#1570 = PCURVE('',#375,#1571);
#1571 = DEFINITIONAL_REPRESENTATION('',(#1572),#1576);
#1572 = LINE('',#1573,#1574);
#1573 = CARTESIAN_POINT('',(0.,-0.));
#1574 = VECTOR('',#1575,1.);
#1575 = DIRECTION('',(0.,1.));
#1576 = ( GEOMETRIC_REPRESENTATION_CONTEXT(2) 
PARAMETRIC_REPRESENTATION_CONTEXT() REPRESENTATION_CONTEXT('2D SPACE',''
  ) );
#1577 = ORIENTED_EDGE('',*,*,#543,.T.);
#1578 = ORIENTED_EDGE('',*,*,#1557,.T.);
#1579 = ORIENTED_EDGE('',*,*,#1580,.F.);
#1580 = EDGE_CURVE('',#1581,#1448,#1583,.T.);
#1581 = VERTEX_POINT('',#1582);
#1582 = CARTESIAN_POINT('',(162.37511905031,64.,-0.7));
#1583 = SURFACE_CURVE('',#1584,(#1712,#1843),.PCURVE_S1.);
#1584 = B_SPLINE_CURVE_WITH_KNOTS('',6,(#1585,#1586,#1587,#1588,#1589,
    #1590,#1591,#1592,#1593,#1594,#1595,#1596,#1597,#1598,#1599,#1600,
    #1601,#1602,#1603,#1604,#1605,#1606,#1607,#1608,#1609,#1610,#1611,
    #1612,#1613,#1614,#1615,#1616,#1617,#1618,#1619,#1620,#1621,#1622,
    #1623,#1624,#1625,#1626,#1627,#1628,#1629,#1630,#1631,#1632,#1633,
    #1634,#1635,#1636,#1637,#1638,#1639,#1640,#1641,#1642,#1643,#1644,
    #1645,#1646,#1647,#1648,#1649,#1650,#1651,#1652,#1653,#1654,#1655,
    #1656,#1657,#1658,#1659,#1660,#1661,#1662,#1663,#1664,#1665,#1666,
    #1667,#1668,#1669,#1670,#1671,#1672,#1673,#1674,#1675,#1676,#1677,
    #1678,#1679,#1680,#1681,#1682,#1683,#1684,#1685,#1686,#1687,#1688,
    #1689,#1690,#1691,#1692,#1693,#1694,#1695,#1696,#1697,#1698,#1699,
    #1700,#1701,#1702,#1703,#1704,#1705,#1706,#1707,#1708,#1709,#1710,
    #1711),.UNSPECIFIED.,.F.,.F.,(7,5,5,5,5,5,5,5,5,5,5,5,5,5,5,5,5,5,5,
    5,5,5,5,5,5,7),(0.,2.096187384152E-02,5.413962370466E-02,
    7.775989830336E-02,0.110451963237,0.13580524072,0.209170416242,
    0.277302114163,0.345433812085,0.418798987607,0.44415226509,
    0.465408411963,0.500483307904,0.523327377502,0.555950032024,
    0.581243753,0.654721892108,0.722627029094,0.7903233573,0.86433502072
    ,0.88960757568,0.910314734959,0.921806414375,0.945467460974,
    0.979398529235,1.),.UNSPECIFIED.);
#1585 = CARTESIAN_POINT('',(162.37511905031,64.,-0.7));
#1586 = CARTESIAN_POINT('',(162.33242878173,64.056028436366,-0.7));
#1587 = CARTESIAN_POINT('',(162.29083954182,64.113589029753,
    -0.701141382613));
#1588 = CARTESIAN_POINT('',(162.25046395191,64.172620726163,
    -0.703541641495));
#1589 = CARTESIAN_POINT('',(162.21140508895,64.233056569346,
    -0.707317507556));
#1590 = CARTESIAN_POINT('',(162.17375648545,64.294823700801,
    -0.712584948962));
#1591 = CARTESIAN_POINT('',(162.08037822926,64.457588759336,
    -0.730339459098));
#1592 = CARTESIAN_POINT('',(162.02682740197,64.56059481211,
    -0.745257755833));
#1593 = CARTESIAN_POINT('',(161.97753993856,64.666148364813,
    -0.764644160593));
#1594 = CARTESIAN_POINT('',(161.93290408755,64.773485918202,
    -0.78881818171));
#1595 = CARTESIAN_POINT('',(161.89312468024,64.881820545696,
    -0.817965818814));
#1596 = CARTESIAN_POINT('',(161.83340751446,65.067647707265,
    -0.876429683096));
#1597 = CARTESIAN_POINT('',(161.81109009744,65.144925750947,
    -0.903244363899));
#1598 = CARTESIAN_POINT('',(161.79130009319,65.221891699912,
    -0.932549709554));
#1599 = CARTESIAN_POINT('',(161.77400127351,65.298232745594,
    -0.964287083196));
#1600 = CARTESIAN_POINT('',(161.75911523895,65.373640309401,
    -0.998346153477));
#1601 = CARTESIAN_POINT('',(161.7291017908,65.55047980977,-1.08468447211
    ));
#1602 = CARTESIAN_POINT('',(161.7160972677,65.650666325192,
    -1.138880354954));
#1603 = CARTESIAN_POINT('',(161.70712131774,65.74798555618,
    -1.196881559093));
#1604 = CARTESIAN_POINT('',(161.70175283596,65.842074832201,
    -1.25834899244));
#1605 = CARTESIAN_POINT('',(161.69954948983,65.932606664841,
    -1.322866302935));
#1606 = CARTESIAN_POINT('',(161.70044955244,66.086526491511,
    -1.441947544537));
#1607 = CARTESIAN_POINT('',(161.70247323524,66.151517714713,
    -1.495550332097));
#1608 = CARTESIAN_POINT('',(161.70592312232,66.214252679412,
    -1.550612486947));
#1609 = CARTESIAN_POINT('',(161.71060892424,66.274722065518,
    -1.607007124174));
#1610 = CARTESIAN_POINT('',(161.71635342413,66.332924165337,
    -1.664611524227));
#1611 = CARTESIAN_POINT('',(161.74220018092,66.55073818308,
    -1.893157139283));
#1612 = CARTESIAN_POINT('',(161.7689023042,66.693765142359,
    -2.072247731606));
#1613 = CARTESIAN_POINT('',(161.79919865375,66.818694146644,
    -2.258438602937));
#1614 = CARTESIAN_POINT('',(161.83023393341,66.926341506654,
    -2.450254446319));
#1615 = CARTESIAN_POINT('',(161.85974014467,67.017372006408,
    -2.646750597673));
#1616 = CARTESIAN_POINT('',(161.91031368026,67.161573289151,
    -3.033579558547));
#1617 = CARTESIAN_POINT('',(161.93184049092,67.217004722617,
    -3.223414357687));
#1618 = CARTESIAN_POINT('',(161.94906165889,67.258497726585,
    -3.415796275603));
#1619 = CARTESIAN_POINT('',(161.96091394729,67.286150204869,
    -3.60986049677));
#1620 = CARTESIAN_POINT('',(161.96684982237,67.3,-3.8048406602));
#1621 = CARTESIAN_POINT('',(161.96684982237,67.3,-4.1951593398));
#1622 = CARTESIAN_POINT('',(161.96091394729,67.286150204868,
    -4.39013950323));
#1623 = CARTESIAN_POINT('',(161.94906165889,67.258497726585,
    -4.584203724397));
#1624 = CARTESIAN_POINT('',(161.93184049092,67.217004722617,
    -4.776585642313));
#1625 = CARTESIAN_POINT('',(161.91031368026,67.16157328915,
    -4.966420441453));
#1626 = CARTESIAN_POINT('',(161.85974014467,67.017372006408,
    -5.353249402327));
#1627 = CARTESIAN_POINT('',(161.83023393341,66.926341506653,
    -5.549745553682));
#1628 = CARTESIAN_POINT('',(161.79919865375,66.818694146644,
    -5.741561397062));
#1629 = CARTESIAN_POINT('',(161.7689023042,66.693765142359,
    -5.927752268394));
#1630 = CARTESIAN_POINT('',(161.74220018092,66.55073818308,
    -6.106842860717));
#1631 = CARTESIAN_POINT('',(161.71635342413,66.332924165337,
    -6.335388475773));
#1632 = CARTESIAN_POINT('',(161.71060892424,66.274722065518,
    -6.392992875826));
#1633 = CARTESIAN_POINT('',(161.70592312232,66.214252679412,
    -6.449387513053));
#1634 = CARTESIAN_POINT('',(161.70247323524,66.151517714713,
    -6.504449667903));
#1635 = CARTESIAN_POINT('',(161.70044955244,66.086526491511,
    -6.558052455463));
#1636 = CARTESIAN_POINT('',(161.69972681744,65.96293148424,
    -6.653672670481));
#1637 = CARTESIAN_POINT('',(161.70054317535,65.904983880489,
    -6.696169169049));
#1638 = CARTESIAN_POINT('',(161.70262737009,65.845513227001,
    -6.737439105111));
#1639 = CARTESIAN_POINT('',(161.70610103891,65.784584983663,
    -6.777376174578));
#1640 = CARTESIAN_POINT('',(161.71108557943,65.722270804242,
    -6.815883397675));
#1641 = CARTESIAN_POINT('',(161.72862019204,65.553665049114,
    -6.91391008071));
#1642 = CARTESIAN_POINT('',(161.74399824621,65.444956463769,
    -6.970909847998));
#1643 = CARTESIAN_POINT('',(161.76435424505,65.333359898315,
    -7.023157161296));
#1644 = CARTESIAN_POINT('',(161.79006971476,65.219776971509,
    -7.070190048214));
#1645 = CARTESIAN_POINT('',(161.82135954446,65.105138436093,
    -7.111775201144));
#1646 = CARTESIAN_POINT('',(161.88226291929,64.915620043383,
    -7.171400379169));
#1647 = CARTESIAN_POINT('',(161.9086213889,64.840924736424,
    -7.192559833067));
#1648 = CARTESIAN_POINT('',(161.9373019998,64.766562730369,
    -7.211358490904));
#1649 = CARTESIAN_POINT('',(161.96824791822,64.69281484033,
    -7.22783335871));
#1650 = CARTESIAN_POINT('',(162.00135727333,64.619957993958,
    -7.242057765394));
#1651 = CARTESIAN_POINT('',(162.08663677557,64.44587200571,
    -7.271387948693));
#1652 = CARTESIAN_POINT('',(162.14084083925,64.345967264076,
    -7.284244603073));
#1653 = CARTESIAN_POINT('',(162.19882552836,64.248930222804,
    -7.29309821357));
#1654 = CARTESIAN_POINT('',(162.26025366879,64.155117881156,
    -7.298368344175));
#1655 = CARTESIAN_POINT('',(162.32471239665,64.064852349258,
    -7.300494848783));
#1656 = CARTESIAN_POINT('',(162.44365285831,63.911392993852,
    -7.299490972432));
#1657 = CARTESIAN_POINT('',(162.49717645008,63.846603687598,
    -7.297433720946));
#1658 = CARTESIAN_POINT('',(162.55214964906,63.784061725169,
    -7.29396054364));
#1659 = CARTESIAN_POINT('',(162.60844707478,63.723775409647,
    -7.289260278171));
#1660 = CARTESIAN_POINT('',(162.66594770262,63.665745581982,
    -7.283508698504));
#1661 = CARTESIAN_POINT('',(162.89473192405,63.447928377688,
    -7.257582730228));
#1662 = CARTESIAN_POINT('',(163.0741962623,63.304793475873,
    -7.230795070722));
#1663 = CARTESIAN_POINT('',(163.26077840847,63.179812291652,
    -7.200421106426));
#1664 = CARTESIAN_POINT('',(163.45299505057,63.072168297455,
    -7.169328189041));
#1665 = CARTESIAN_POINT('',(163.64989448794,62.981196176068,
    -7.139792892619));
#1666 = CARTESIAN_POINT('',(164.03658802699,62.837549805308,
    -7.089345645013));
#1667 = CARTESIAN_POINT('',(164.22585240242,62.782470399735,
    -7.067941639311));
#1668 = CARTESIAN_POINT('',(164.41764005097,62.741240043289,
    -7.050825943092));
#1669 = CARTESIAN_POINT('',(164.61109504693,62.713762259553,
    -7.039048536149));
#1670 = CARTESIAN_POINT('',(164.80545837923,62.7,-7.033150177621));
#1671 = CARTESIAN_POINT('',(165.19394340389,62.7,-7.033150177621));
#1672 = CARTESIAN_POINT('',(165.38771094067,62.713677752632,
    -7.039012319445));
#1673 = CARTESIAN_POINT('',(165.58057839395,62.7409872977,-7.05071760699
    ));
#1674 = CARTESIAN_POINT('',(165.77179304693,62.781965034295,
    -7.067731848183));
#1675 = CARTESIAN_POINT('',(165.96050666268,62.83670585124,
    -7.089017548083));
#1676 = CARTESIAN_POINT('',(166.34819819753,62.980234929749,
    -7.139489369378));
#1677 = CARTESIAN_POINT('',(166.54656262176,63.071749400634,
    -7.169236019661));
#1678 = CARTESIAN_POINT('',(166.74018248682,63.180175010011,
    -7.200574940979));
#1679 = CARTESIAN_POINT('',(166.92808633713,63.306192457062,
    -7.231180688129));
#1680 = CARTESIAN_POINT('',(167.10875451379,63.450637484434,
    -7.25812038309));
#1681 = CARTESIAN_POINT('',(167.33844776493,63.670149640064,
    -7.283955564021));
#1682 = CARTESIAN_POINT('',(167.39582577243,63.728274275131,
    -7.289637480922));
#1683 = CARTESIAN_POINT('',(167.45199699643,63.788652268978,
    -7.294261110303));
#1684 = CARTESIAN_POINT('',(167.50683992075,63.851281928662,
    -7.297650550828));
#1685 = CARTESIAN_POINT('',(167.56022886077,63.916154036918,
    -7.299616943905));
#1686 = CARTESIAN_POINT('',(167.65448141142,64.038227188081,
    -7.300236527623));
#1687 = CARTESIAN_POINT('',(167.69587026159,64.094703427275,
    -7.299424201205));
#1688 = CARTESIAN_POINT('',(167.7360944537,64.152625103859,
    -7.29740783112));
#1689 = CARTESIAN_POINT('',(167.7750558575,64.211932017886,
    -7.294074891076));
#1690 = CARTESIAN_POINT('',(167.81266468492,64.272558410009,
    -7.289313013588));
#1691 = CARTESIAN_POINT('',(167.86891511986,64.368770965057,
    -7.27951205355));
#1692 = CARTESIAN_POINT('',(167.88854433962,64.403485124956,
    -7.275540446585));
#1693 = CARTESIAN_POINT('',(167.90770992358,64.438557185388,
    -7.27107674864));
#1694 = CARTESIAN_POINT('',(167.92639517482,64.473965792361,
    -7.266103890756));
#1695 = CARTESIAN_POINT('',(167.94458392529,64.509686493678,
    -7.26060615545));
#1696 = CARTESIAN_POINT('',(167.99865618249,64.619825532192,
    -7.242139206313));
#1697 = CARTESIAN_POINT('',(168.03290180238,64.695207729856,
    -7.227416613335));
#1698 = CARTESIAN_POINT('',(168.06482954148,64.77154083968,
    -7.21028370843));
#1699 = CARTESIAN_POINT('',(168.09432722325,64.848517233139,
    -7.190660036342));
#1700 = CARTESIAN_POINT('',(168.12133433315,64.92582492345,
    -7.168507017974));
#1701 = CARTESIAN_POINT('',(168.18097743409,65.114045982683,
    -7.108448290498));
#1702 = CARTESIAN_POINT('',(168.21089511757,65.224748547351,
    -7.067952970611));
#1703 = CARTESIAN_POINT('',(168.23561781575,65.334426849073,
    -7.02238378898));
#1704 = CARTESIAN_POINT('',(168.25534287093,65.442242364825,
    -6.971956643002));
#1705 = CARTESIAN_POINT('',(168.27041274167,65.547382088383,
    -6.917086872636));
#1706 = CARTESIAN_POINT('',(168.28789345722,65.710840025025,
    -6.822783890276));
#1707 = CARTESIAN_POINT('',(168.29295695692,65.771377900277,
    -6.785724486749));
#1708 = CARTESIAN_POINT('',(168.29658923159,65.83062829842,
    -6.747311566716));
#1709 = CARTESIAN_POINT('',(168.29890009885,65.888523007784,
    -6.707633684825));
#1710 = CARTESIAN_POINT('',(168.3,65.944999314,-6.666788134849));
#1711 = CARTESIAN_POINT('',(168.3,66.,-6.624880949681));
#1712 = PCURVE('',#375,#1713);
#1713 = DEFINITIONAL_REPRESENTATION('',(#1714),#1842);
#1714 = B_SPLINE_CURVE_WITH_KNOTS('',6,(#1715,#1716,#1717,#1718,#1719,
    #1720,#1721,#1722,#1723,#1724,#1725,#1726,#1727,#1728,#1729,#1730,
    #1731,#1732,#1733,#1734,#1735,#1736,#1737,#1738,#1739,#1740,#1741,
    #1742,#1743,#1744,#1745,#1746,#1747,#1748,#1749,#1750,#1751,#1752,
    #1753,#1754,#1755,#1756,#1757,#1758,#1759,#1760,#1761,#1762,#1763,
    #1764,#1765,#1766,#1767,#1768,#1769,#1770,#1771,#1772,#1773,#1774,
    #1775,#1776,#1777,#1778,#1779,#1780,#1781,#1782,#1783,#1784,#1785,
    #1786,#1787,#1788,#1789,#1790,#1791,#1792,#1793,#1794,#1795,#1796,
    #1797,#1798,#1799,#1800,#1801,#1802,#1803,#1804,#1805,#1806,#1807,
    #1808,#1809,#1810,#1811,#1812,#1813,#1814,#1815,#1816,#1817,#1818,
    #1819,#1820,#1821,#1822,#1823,#1824,#1825,#1826,#1827,#1828,#1829,
    #1830,#1831,#1832,#1833,#1834,#1835,#1836,#1837,#1838,#1839,#1840,
    #1841),.UNSPECIFIED.,.F.,.F.,(7,5,5,5,5,5,5,5,5,5,5,5,5,5,5,5,5,5,5,
    5,5,5,5,5,5,7),(0.,2.096187384152E-02,5.413962370466E-02,
    7.775989830336E-02,0.110451963237,0.13580524072,0.209170416242,
    0.277302114163,0.345433812085,0.418798987607,0.44415226509,
    0.465408411963,0.500483307904,0.523327377502,0.555950032024,
    0.581243753,0.654721892108,0.722627029094,0.7903233573,0.86433502072
    ,0.88960757568,0.910314734959,0.921806414375,0.945467460974,
    0.979398529235,1.),.UNSPECIFIED.);
#1715 = CARTESIAN_POINT('',(3.792691238561,7.4));
#1716 = CARTESIAN_POINT('',(3.771346104271,7.4));
#1717 = CARTESIAN_POINT('',(3.749833962649,7.398858617387));
#1718 = CARTESIAN_POINT('',(3.728172440406,7.396458358505));
#1719 = CARTESIAN_POINT('',(3.706377915947,7.392682492444));
#1720 = CARTESIAN_POINT('',(3.684465519372,7.387415051038));
#1721 = CARTESIAN_POINT('',(3.627602334763,7.369660540902));
#1722 = CARTESIAN_POINT('',(3.592452446789,7.354742244167));
#1723 = CARTESIAN_POINT('',(3.557199381053,7.335355839407));
#1724 = CARTESIAN_POINT('',(3.522020305445,7.31118181829));
#1725 = CARTESIAN_POINT('',(3.487077724233,7.282034181186));
#1726 = CARTESIAN_POINT('',(3.427930219195,7.223570316904));
#1727 = CARTESIAN_POINT('',(3.403566482242,7.196755636101));
#1728 = CARTESIAN_POINT('',(3.379500251205,7.167450290446));
#1729 = CARTESIAN_POINT('',(3.355794326645,7.135712916804));
#1730 = CARTESIAN_POINT('',(3.332510896656,7.101653846523));
#1731 = CARTESIAN_POINT('',(3.278156841927,7.01531552789));
#1732 = CARTESIAN_POINT('',(3.24756594992,6.961119645046));
#1733 = CARTESIAN_POINT('',(3.217979300258,6.903118440907));
#1734 = CARTESIAN_POINT('',(3.189444828042,6.84165100756));
#1735 = CARTESIAN_POINT('',(3.162015292177,6.777133697065));
#1736 = CARTESIAN_POINT('',(3.115372123009,6.658052455463));
#1737 = CARTESIAN_POINT('',(3.095674558212,6.604449667903));
#1738 = CARTESIAN_POINT('',(3.076642970796,6.549387513053));
#1739 = CARTESIAN_POINT('',(3.058270287573,6.492992875826));
#1740 = CARTESIAN_POINT('',(3.040551046687,6.435388475773));
#1741 = CARTESIAN_POINT('',(2.974083713035,6.206842860717));
#1742 = CARTESIAN_POINT('',(2.930090466284,6.027752268394));
#1743 = CARTESIAN_POINT('',(2.891199323856,5.841561397062));
#1744 = CARTESIAN_POINT('',(2.857280791462,5.649745553681));
#1745 = CARTESIAN_POINT('',(2.828290901809,5.453249402327));
#1746 = CARTESIAN_POINT('',(2.781984051612,5.066420441453));
#1747 = CARTESIAN_POINT('',(2.763974368548,4.876585642313));
#1748 = CARTESIAN_POINT('',(2.750362062288,4.684203724397));
#1749 = CARTESIAN_POINT('',(2.741245102471,4.49013950323));
#1750 = CARTESIAN_POINT('',(2.736679004102,4.2951593398));
#1751 = CARTESIAN_POINT('',(2.736679004102,3.9048406602));
#1752 = CARTESIAN_POINT('',(2.741245102471,3.70986049677));
#1753 = CARTESIAN_POINT('',(2.750362062288,3.515796275603));
#1754 = CARTESIAN_POINT('',(2.763974368548,3.323414357687));
#1755 = CARTESIAN_POINT('',(2.781984051612,3.133579558547));
#1756 = CARTESIAN_POINT('',(2.828290901809,2.746750597673));
#1757 = CARTESIAN_POINT('',(2.857280791462,2.550254446318));
#1758 = CARTESIAN_POINT('',(2.891199323856,2.358438602938));
#1759 = CARTESIAN_POINT('',(2.930090466284,2.172247731606));
#1760 = CARTESIAN_POINT('',(2.974083713035,1.993157139283));
#1761 = CARTESIAN_POINT('',(3.040551046687,1.764611524227));
#1762 = CARTESIAN_POINT('',(3.058270287573,1.707007124174));
#1763 = CARTESIAN_POINT('',(3.076642970796,1.650612486947));
#1764 = CARTESIAN_POINT('',(3.095674558212,1.595550332097));
#1765 = CARTESIAN_POINT('',(3.115372123009,1.541947544537));
#1766 = CARTESIAN_POINT('',(3.152825795854,1.446327329519));
#1767 = CARTESIAN_POINT('',(3.170383977496,1.403830830951));
#1768 = CARTESIAN_POINT('',(3.188410306459,1.362560894889));
#1769 = CARTESIAN_POINT('',(3.206896310206,1.322623825422));
#1770 = CARTESIAN_POINT('',(3.225834395657,1.284116602325));
#1771 = CARTESIAN_POINT('',(3.27720260257,1.18608991929));
#1772 = CARTESIAN_POINT('',(3.310450065352,1.129090152002));
#1773 = CARTESIAN_POINT('',(3.344782335903,1.076842838704));
#1774 = CARTESIAN_POINT('',(3.380023267751,1.029809951786));
#1775 = CARTESIAN_POINT('',(3.415997178549,0.988224798856));
#1776 = CARTESIAN_POINT('',(3.476319577024,0.928599620831));
#1777 = CARTESIAN_POINT('',(3.500312878638,0.907440166933));
#1778 = CARTESIAN_POINT('',(3.524449511222,0.888641509096));
#1779 = CARTESIAN_POINT('',(3.548669592869,0.87216664129));
#1780 = CARTESIAN_POINT('',(3.572910068739,0.857942234606));
#1781 = CARTESIAN_POINT('',(3.63165304191,0.828612051307));
#1782 = CARTESIAN_POINT('',(3.66606627697,0.815755396927));
#1783 = CARTESIAN_POINT('',(3.700277270024,0.80690178643));
#1784 = CARTESIAN_POINT('',(3.734215401946,0.801631655825));
#1785 = CARTESIAN_POINT('',(3.767801039664,0.799505151217));
#1786 = CARTESIAN_POINT('',(3.826636233979,0.800509027568));
#1787 = CARTESIAN_POINT('',(3.852090045605,0.802566279054));
#1788 = CARTESIAN_POINT('',(3.877305228502,0.80603945636));
#1789 = CARTESIAN_POINT('',(3.902284185908,0.810739721829));
#1790 = CARTESIAN_POINT('',(3.927029205084,0.816491301496));
#1791 = CARTESIAN_POINT('',(4.022753477421,0.842417269772));
#1792 = CARTESIAN_POINT('',(4.092048680222,0.869204929278));
#1793 = CARTESIAN_POINT('',(4.159762504759,0.899578893574));
#1794 = CARTESIAN_POINT('',(4.226216489612,0.930671810959));
#1795 = CARTESIAN_POINT('',(4.291748186983,0.960207107381));
#1796 = CARTESIAN_POINT('',(4.416751831732,1.010654354987));
#1797 = CARTESIAN_POINT('',(4.476327142038,1.032058360689));
#1798 = CARTESIAN_POINT('',(4.535547440821,1.049174056908));
#1799 = CARTESIAN_POINT('',(4.594539008096,1.060951463851));
#1800 = CARTESIAN_POINT('',(4.653436974092,1.066849822379));
#1801 = CARTESIAN_POINT('',(4.771159708838,1.066849822379));
#1802 = CARTESIAN_POINT('',(4.829877130845,1.060987680555));
#1803 = CARTESIAN_POINT('',(4.888687262906,1.04928239301));
#1804 = CARTESIAN_POINT('',(4.94772381883,1.032268151817));
#1805 = CARTESIAN_POINT('',(5.007111741848,1.010982451917));
#1806 = CARTESIAN_POINT('',(5.132386581141,0.960510630622));
#1807 = CARTESIAN_POINT('',(5.198386016595,0.930763980339));
#1808 = CARTESIAN_POINT('',(5.265320195855,0.899425059021));
#1809 = CARTESIAN_POINT('',(5.333533994309,0.868819311871));
#1810 = CARTESIAN_POINT('',(5.403355594022,0.84187961691));
#1811 = CARTESIAN_POINT('',(5.499633703623,0.816044435979));
#1812 = CARTESIAN_POINT('',(5.524373028293,0.810362519078));
#1813 = CARTESIAN_POINT('',(5.549346243712,0.805738889697));
#1814 = CARTESIAN_POINT('',(5.574555380594,0.802349449172));
#1815 = CARTESIAN_POINT('',(5.600002604051,0.800383056095));
#1816 = CARTESIAN_POINT('',(5.646737498623,0.799763472377));
#1817 = CARTESIAN_POINT('',(5.667948514469,0.800575798795));
#1818 = CARTESIAN_POINT('',(5.689307479497,0.80259216888));
#1819 = CARTESIAN_POINT('',(5.710799710254,0.805925108924));
#1820 = CARTESIAN_POINT('',(5.732411648555,0.810686986412));
#1821 = CARTESIAN_POINT('',(5.76618419186,0.82048794645));
#1822 = CARTESIAN_POINT('',(5.778267639055,0.824459553415));
#1823 = CARTESIAN_POINT('',(5.790376974645,0.82892325136));
#1824 = CARTESIAN_POINT('',(5.802507272362,0.833896109244));
#1825 = CARTESIAN_POINT('',(5.81465290809,0.83939384455));
#1826 = CARTESIAN_POINT('',(5.851833647995,0.857860793687));
#1827 = CARTESIAN_POINT('',(5.876912183506,0.872583386665));
#1828 = CARTESIAN_POINT('',(5.901968104562,0.88971629157));
#1829 = CARTESIAN_POINT('',(5.926931432547,0.909339963658));
#1830 = CARTESIAN_POINT('',(5.951735800918,0.931492982026));
#1831 = CARTESIAN_POINT('',(6.011567571985,0.991551709502));
#1832 = CARTESIAN_POINT('',(6.04628512545,1.032047029389));
#1833 = CARTESIAN_POINT('',(6.080310612336,1.07761621102));
#1834 = CARTESIAN_POINT('',(6.113485597244,1.128043356998));
#1835 = CARTESIAN_POINT('',(6.145651195199,1.182913127364));
#1836 = CARTESIAN_POINT('',(6.195466347053,1.277216109724));
#1837 = CARTESIAN_POINT('',(6.213870350054,1.314275513251));
#1838 = CARTESIAN_POINT('',(6.231852216878,1.352688433284));
#1839 = CARTESIAN_POINT('',(6.249404362155,1.392366315175));
#1840 = CARTESIAN_POINT('',(6.266518432634,1.433211865151));
#1841 = CARTESIAN_POINT('',(6.28318530718,1.475119050319));
#1842 = ( GEOMETRIC_REPRESENTATION_CONTEXT(2) 
PARAMETRIC_REPRESENTATION_CONTEXT() REPRESENTATION_CONTEXT('2D SPACE',''
  ) );
#1843 = PCURVE('',#593,#1844);
#1844 = DEFINITIONAL_REPRESENTATION('',(#1845),#1973);
#1845 = B_SPLINE_CURVE_WITH_KNOTS('',6,(#1846,#1847,#1848,#1849,#1850,
    #1851,#1852,#1853,#1854,#1855,#1856,#1857,#1858,#1859,#1860,#1861,
    #1862,#1863,#1864,#1865,#1866,#1867,#1868,#1869,#1870,#1871,#1872,
    #1873,#1874,#1875,#1876,#1877,#1878,#1879,#1880,#1881,#1882,#1883,
    #1884,#1885,#1886,#1887,#1888,#1889,#1890,#1891,#1892,#1893,#1894,
    #1895,#1896,#1897,#1898,#1899,#1900,#1901,#1902,#1903,#1904,#1905,
    #1906,#1907,#1908,#1909,#1910,#1911,#1912,#1913,#1914,#1915,#1916,
    #1917,#1918,#1919,#1920,#1921,#1922,#1923,#1924,#1925,#1926,#1927,
    #1928,#1929,#1930,#1931,#1932,#1933,#1934,#1935,#1936,#1937,#1938,
    #1939,#1940,#1941,#1942,#1943,#1944,#1945,#1946,#1947,#1948,#1949,
    #1950,#1951,#1952,#1953,#1954,#1955,#1956,#1957,#1958,#1959,#1960,
    #1961,#1962,#1963,#1964,#1965,#1966,#1967,#1968,#1969,#1970,#1971,
    #1972),.UNSPECIFIED.,.F.,.F.,(7,5,5,5,5,5,5,5,5,5,5,5,5,5,5,5,5,5,5,
    5,5,5,5,5,5,7),(0.,2.096187384152E-02,5.413962370466E-02,
    7.775989830336E-02,0.110451963237,0.13580524072,0.209170416242,
    0.277302114163,0.345433812085,0.418798987607,0.44415226509,
    0.465408411963,0.500483307904,0.523327377502,0.555950032024,
    0.581243753,0.654721892108,0.722627029094,0.7903233573,0.86433502072
    ,0.88960757568,0.910314734959,0.921806414375,0.945467460974,
    0.979398529235,1.),.UNSPECIFIED.);
#1846 = CARTESIAN_POINT('',(6.28318530718,2.375119050319));
#1847 = CARTESIAN_POINT('',(6.266206993129,2.332428781738));
#1848 = CARTESIAN_POINT('',(6.248764347795,2.290839541822));
#1849 = CARTESIAN_POINT('',(6.230867188231,2.250463951916));
#1850 = CARTESIAN_POINT('',(6.212524497168,2.211405088954));
#1851 = CARTESIAN_POINT('',(6.193744423012,2.173756485453));
#1852 = CARTESIAN_POINT('',(6.144129110469,2.080378229262));
#1853 = CARTESIAN_POINT('',(6.112608897645,2.02682740197));
#1854 = CARTESIAN_POINT('',(6.080124264324,1.977539938564));
#1855 = CARTESIAN_POINT('',(6.046824486626,1.932904087556));
#1856 = CARTESIAN_POINT('',(6.012858431341,1.893124680246));
#1857 = CARTESIAN_POINT('',(5.953826014755,1.833407514467));
#1858 = CARTESIAN_POINT('',(5.929049261202,1.811090097445));
#1859 = CARTESIAN_POINT('',(5.90410963637,1.791300093197));
#1860 = CARTESIAN_POINT('',(5.879073660467,1.774001273516));
#1861 = CARTESIAN_POINT('',(5.854011433097,1.759115238954));
#1862 = CARTESIAN_POINT('',(5.794377938036,1.7291017908));
#1863 = CARTESIAN_POINT('',(5.759890986787,1.716097267704));
#1864 = CARTESIAN_POINT('',(5.725604294797,1.707121317742));
#1865 = CARTESIAN_POINT('',(5.691589704898,1.701752835963));
#1866 = CARTESIAN_POINT('',(5.657928235363,1.699549489831));
#1867 = CARTESIAN_POINT('',(5.598956595712,1.700449552443));
#1868 = CARTESIAN_POINT('',(5.573440409726,1.702473235242));
#1869 = CARTESIAN_POINT('',(5.548163625559,1.705923122323));
#1870 = CARTESIAN_POINT('',(5.523124132783,1.710608924248));
#1871 = CARTESIAN_POINT('',(5.498319966868,1.716353424132));
#1872 = CARTESIAN_POINT('',(5.402648714789,1.742200180929));
#1873 = CARTESIAN_POINT('',(5.333461204989,1.768902304207));
#1874 = CARTESIAN_POINT('',(5.265853069996,1.79919865375));
#1875 = CARTESIAN_POINT('',(5.199503104218,1.830233933415));
#1876 = CARTESIAN_POINT('',(5.134073971624,1.859740144676));
#1877 = CARTESIAN_POINT('',(5.008973220706,1.910313680264));
#1878 = CARTESIAN_POINT('',(4.949203676737,1.931840490927));
#1879 = CARTESIAN_POINT('',(4.889792764476,1.949061658898));
#1880 = CARTESIAN_POINT('',(4.830613058706,1.960913947296));
#1881 = CARTESIAN_POINT('',(4.771528174263,1.966849822379));
#1882 = CARTESIAN_POINT('',(4.653249786506,1.966849822379));
#1883 = CARTESIAN_POINT('',(4.594164902064,1.960913947296));
#1884 = CARTESIAN_POINT('',(4.534985196293,1.949061658898));
#1885 = CARTESIAN_POINT('',(4.475574284032,1.931840490927));
#1886 = CARTESIAN_POINT('',(4.415804740063,1.910313680264));
#1887 = CARTESIAN_POINT('',(4.290703989146,1.859740144676));
#1888 = CARTESIAN_POINT('',(4.225274856551,1.830233933415));
#1889 = CARTESIAN_POINT('',(4.158924890774,1.79919865375));
#1890 = CARTESIAN_POINT('',(4.09131675578,1.768902304206));
#1891 = CARTESIAN_POINT('',(4.02212924598,1.742200180929));
#1892 = CARTESIAN_POINT('',(3.926457993901,1.716353424132));
#1893 = CARTESIAN_POINT('',(3.901653827986,1.710608924248));
#1894 = CARTESIAN_POINT('',(3.87661433521,1.705923122323));
#1895 = CARTESIAN_POINT('',(3.851337551043,1.702473235242));
#1896 = CARTESIAN_POINT('',(3.825821365058,1.700449552443));
#1897 = CARTESIAN_POINT('',(3.778468139751,1.699726817449));
#1898 = CARTESIAN_POINT('',(3.756699626585,1.700543175359));
#1899 = CARTESIAN_POINT('',(3.734775206478,1.702627370096));
#1900 = CARTESIAN_POINT('',(3.712710881538,1.706101038912));
#1901 = CARTESIAN_POINT('',(3.69052140576,1.711085579436));
#1902 = CARTESIAN_POINT('',(3.631421071431,1.72862019205));
#1903 = CARTESIAN_POINT('',(3.594261001459,1.743998246211));
#1904 = CARTESIAN_POINT('',(3.55697808214,1.764354245056));
#1905 = CARTESIAN_POINT('',(3.519781393477,1.790069714762));
#1906 = CARTESIAN_POINT('',(3.482861767504,1.821359544462));
#1907 = CARTESIAN_POINT('',(3.422656743574,1.882262919298));
#1908 = CARTESIAN_POINT('',(3.39914089258,1.908621388902));
#1909 = CARTESIAN_POINT('',(3.375911929289,1.937301999801));
#1910 = CARTESIAN_POINT('',(3.353026022267,1.968247918224));
#1911 = CARTESIAN_POINT('',(3.330538876793,2.00135727333));
#1912 = CARTESIAN_POINT('',(3.277042062133,2.086636775575));
#1913 = CARTESIAN_POINT('',(3.246541394351,2.140840839252));
#1914 = CARTESIAN_POINT('',(3.21704302351,2.198825528368));
#1915 = CARTESIAN_POINT('',(3.188593804848,2.260253668791));
#1916 = CARTESIAN_POINT('',(3.161245394433,2.324712396654));
#1917 = CARTESIAN_POINT('',(3.114741564472,2.443652858314));
#1918 = CARTESIAN_POINT('',(3.095104777396,2.497176450087));
#1919 = CARTESIAN_POINT('',(3.076131126694,2.552149649064));
#1920 = CARTESIAN_POINT('',(3.057813357467,2.608447074785));
#1921 = CARTESIAN_POINT('',(3.04014582601,2.66594770262));
#1922 = CARTESIAN_POINT('',(2.973674700719,2.894731924057));
#1923 = CARTESIAN_POINT('',(2.929644851104,3.074196262303));
#1924 = CARTESIAN_POINT('',(2.890732938509,3.260778408479));
#1925 = CARTESIAN_POINT('',(2.856810432712,3.45299505057));
#1926 = CARTESIAN_POINT('',(2.827834639274,3.649894487948));
#1927 = CARTESIAN_POINT('',(2.781699129382,4.036588026996));
#1928 = CARTESIAN_POINT('',(2.763802173637,4.225852402429));
#1929 = CARTESIAN_POINT('',(2.75027560471,4.417640050973));
#1930 = CARTESIAN_POINT('',(2.74121624324,4.611095046932));
#1931 = CARTESIAN_POINT('',(2.736679004102,4.805458379234));
#1932 = CARTESIAN_POINT('',(2.736679004102,5.193943403895));
#1933 = CARTESIAN_POINT('',(2.741188383074,5.387710940679));
#1934 = CARTESIAN_POINT('',(2.750192273414,5.580578393955));
#1935 = CARTESIAN_POINT('',(2.763636377434,5.771793046938));
#1936 = CARTESIAN_POINT('',(2.781424887451,5.960506662688));
#1937 = CARTESIAN_POINT('',(2.827529333417,6.348198197535));
#1938 = CARTESIAN_POINT('',(2.856681142151,6.546562621768));
#1939 = CARTESIAN_POINT('',(2.89085130248,6.740182486828));
#1940 = CARTESIAN_POINT('',(2.930083462442,6.928086337134));
#1941 = CARTESIAN_POINT('',(2.974509101685,7.108754513792));
#1942 = CARTESIAN_POINT('',(3.041487054723,7.338447764937));
#1943 = CARTESIAN_POINT('',(3.059181093037,7.395825772435));
#1944 = CARTESIAN_POINT('',(3.077524743927,7.451996996439));
#1945 = CARTESIAN_POINT('',(3.096523510614,7.506839920755));
#1946 = CARTESIAN_POINT('',(3.11618450231,7.560228860778));
#1947 = CARTESIAN_POINT('',(3.153176842766,7.65448141142));
#1948 = CARTESIAN_POINT('',(3.170289427905,7.695870261598));
#1949 = CARTESIAN_POINT('',(3.187846402481,7.736094453704));
#1950 = CARTESIAN_POINT('',(3.205840026588,7.775055857502));
#1951 = CARTESIAN_POINT('',(3.224263358734,7.812664684924));
#1952 = CARTESIAN_POINT('',(3.253569561073,7.86891511986));
#1953 = CARTESIAN_POINT('',(3.26415680989,7.88854433962));
#1954 = CARTESIAN_POINT('',(3.274869131526,7.907709923582));
#1955 = CARTESIAN_POINT('',(3.28570292202,7.926395174829));
#1956 = CARTESIAN_POINT('',(3.296653844218,7.944583925297));
#1957 = CARTESIAN_POINT('',(3.330495201564,7.998656182495));
#1958 = CARTESIAN_POINT('',(3.353761569853,8.032901802381));
#1959 = CARTESIAN_POINT('',(3.377454116031,8.064829541488));
#1960 = CARTESIAN_POINT('',(3.401510927352,8.094327223252));
#1961 = CARTESIAN_POINT('',(3.425869523804,8.121334333155));
#1962 = CARTESIAN_POINT('',(3.485739460799,8.180977434091));
#1963 = CARTESIAN_POINT('',(3.521428574438,8.210895117571));
#1964 = CARTESIAN_POINT('',(3.557367994991,8.235617815751));
#1965 = CARTESIAN_POINT('',(3.593385033252,8.255342870936));
#1966 = CARTESIAN_POINT('',(3.629291052095,8.270412741671));
#1967 = CARTESIAN_POINT('',(3.686475969174,8.287893457227));
#1968 = CARTESIAN_POINT('',(3.707977841295,8.29295695692));
#1969 = CARTESIAN_POINT('',(3.729365054592,8.296589231595));
#1970 = CARTESIAN_POINT('',(3.750623429995,8.298900098857));
#1971 = CARTESIAN_POINT('',(3.771737645977,8.3));
#1972 = CARTESIAN_POINT('',(3.792691238561,8.3));
#1973 = ( GEOMETRIC_REPRESENTATION_CONTEXT(2) 
PARAMETRIC_REPRESENTATION_CONTEXT() REPRESENTATION_CONTEXT('2D SPACE',''
  ) );
#1974 = ORIENTED_EDGE('',*,*,#1975,.T.);
#1975 = EDGE_CURVE('',#1581,#1976,#1978,.T.);
#1976 = VERTEX_POINT('',#1977);
#1977 = CARTESIAN_POINT('',(167.62488094968,64.,-0.7));
#1978 = SURFACE_CURVE('',#1979,(#2012,#2048),.PCURVE_S1.);
#1979 = B_SPLINE_CURVE_WITH_KNOTS('',6,(#1980,#1981,#1982,#1983,#1984,
    #1985,#1986,#1987,#1988,#1989,#1990,#1991,#1992,#1993,#1994,#1995,
    #1996,#1997,#1998,#1999,#2000,#2001,#2002,#2003,#2004,#2005,#2006,
    #2007,#2008,#2009,#2010,#2011),.UNSPECIFIED.,.F.,.F.,(7,5,5,5,5,5,7)
  ,(0.,7.751078998042E-02,0.2979365042,0.500000565117,0.701443277606,
    0.923441147101,1.),.UNSPECIFIED.);
#1980 = CARTESIAN_POINT('',(162.37511905031,64.,-0.7));
#1981 = CARTESIAN_POINT('',(162.42817112404,63.930372311166,-0.7));
#1982 = CARTESIAN_POINT('',(162.48293054512,63.863101358896,
    -0.701762887245));
#1983 = CARTESIAN_POINT('',(162.53925442511,63.798209237118,
    -0.705065031201));
#1984 = CARTESIAN_POINT('',(162.59700368688,63.735708406685,
    -0.7096983441));
#1985 = CARTESIAN_POINT('',(162.65604352809,63.675602630859,
    -0.715469195824));
#1986 = CARTESIAN_POINT('',(162.88744206995,63.453758395464,
    -0.741330839361));
#1987 = CARTESIAN_POINT('',(163.06813255702,63.308863219114,
    -0.768217713432));
#1988 = CARTESIAN_POINT('',(163.25609353598,63.182439662666,
    -0.798820632929));
#1989 = CARTESIAN_POINT('',(163.44979509507,63.073648166894,
    -0.830191519118));
#1990 = CARTESIAN_POINT('',(163.64826009432,62.981803309854,
    -0.859993887734));
#1991 = CARTESIAN_POINT('',(164.03658802699,62.837549805308,
    -0.910654354987));
#1992 = CARTESIAN_POINT('',(164.22585240242,62.782470399735,
    -0.932058360689));
#1993 = CARTESIAN_POINT('',(164.41764005097,62.741240043289,
    -0.949174056909));
#1994 = CARTESIAN_POINT('',(164.61109504693,62.713762259553,
    -0.960951463851));
#1995 = CARTESIAN_POINT('',(164.80545837923,62.7,-0.966849822379));
#1996 = CARTESIAN_POINT('',(165.19394340389,62.7,-0.966849822379));
#1997 = CARTESIAN_POINT('',(165.38771094068,62.713677752632,
    -0.960987680555));
#1998 = CARTESIAN_POINT('',(165.58057839395,62.7409872977,-0.94928239301
    ));
#1999 = CARTESIAN_POINT('',(165.77179304694,62.781965034296,
    -0.932268151817));
#2000 = CARTESIAN_POINT('',(165.96050666268,62.83670585124,
    -0.910982451917));
#2001 = CARTESIAN_POINT('',(166.34981885602,62.980834921233,
    -0.860299644366));
#2002 = CARTESIAN_POINT('',(166.54973529149,63.073214495408,
    -0.830287918128));
#2003 = CARTESIAN_POINT('',(166.74482679093,63.182779487845,
    -0.798672911621));
#2004 = CARTESIAN_POINT('',(166.93409631268,63.310230881428,
    -0.767840311411));
#2005 = CARTESIAN_POINT('',(167.11597711062,63.456427612044,
    -0.740804321032));
#2006 = CARTESIAN_POINT('',(167.34757893153,63.679296135762,
    -0.71511665966));
#2007 = CARTESIAN_POINT('',(167.40583101309,63.738779905019,
    -0.709472014472));
#2008 = CARTESIAN_POINT('',(167.4628195756,63.80060059319,
    -0.704944078689));
#2009 = CARTESIAN_POINT('',(167.5184142381,63.864754033409,
    -0.701719838138));
#2010 = CARTESIAN_POINT('',(167.57248065493,63.931227732279,-0.7));
#2011 = CARTESIAN_POINT('',(167.62488094968,64.,-0.7));
#2012 = PCURVE('',#375,#2013);
#2013 = DEFINITIONAL_REPRESENTATION('',(#2014),#2047);
#2014 = B_SPLINE_CURVE_WITH_KNOTS('',6,(#2015,#2016,#2017,#2018,#2019,
    #2020,#2021,#2022,#2023,#2024,#2025,#2026,#2027,#2028,#2029,#2030,
    #2031,#2032,#2033,#2034,#2035,#2036,#2037,#2038,#2039,#2040,#2041,
    #2042,#2043,#2044,#2045,#2046),.UNSPECIFIED.,.F.,.F.,(7,5,5,5,5,5,7)
  ,(0.,7.751078998042E-02,0.2979365042,0.500000565117,0.701443277606,
    0.923441147101,1.),.UNSPECIFIED.);
#2015 = CARTESIAN_POINT('',(3.792691238561,7.4));
#2016 = CARTESIAN_POINT('',(3.819217275425,7.4));
#2017 = CARTESIAN_POINT('',(3.845488816247,7.398237112755));
#2018 = CARTESIAN_POINT('',(3.871507891262,7.394934968799));
#2019 = CARTESIAN_POINT('',(3.897276324312,7.3903016559));
#2020 = CARTESIAN_POINT('',(3.92279574191,7.384530804176));
#2021 = CARTESIAN_POINT('',(4.01993581475,7.358669160639));
#2022 = CARTESIAN_POINT('',(4.089846817234,7.331782286568));
#2023 = CARTESIAN_POINT('',(4.158142322864,7.301179367071));
#2024 = CARTESIAN_POINT('',(4.225151335939,7.269808480882));
#2025 = CARTESIAN_POINT('',(4.291219848287,7.240006112266));
#2026 = CARTESIAN_POINT('',(4.416751831732,7.189345645013));
#2027 = CARTESIAN_POINT('',(4.476327142038,7.167941639311));
#2028 = CARTESIAN_POINT('',(4.535547440822,7.150825943091));
#2029 = CARTESIAN_POINT('',(4.594539008096,7.139048536149));
#2030 = CARTESIAN_POINT('',(4.653436974092,7.133150177621));
#2031 = CARTESIAN_POINT('',(4.771159708838,7.133150177621));
#2032 = CARTESIAN_POINT('',(4.829877130845,7.139012319445));
#2033 = CARTESIAN_POINT('',(4.888687262905,7.15071760699));
#2034 = CARTESIAN_POINT('',(4.947723818831,7.167731848183));
#2035 = CARTESIAN_POINT('',(5.007111741848,7.189017548083));
#2036 = CARTESIAN_POINT('',(5.132910264826,7.239700355634));
#2037 = CARTESIAN_POINT('',(5.199441769625,7.269712081872));
#2038 = CARTESIAN_POINT('',(5.2669262242,7.301327088379));
#2039 = CARTESIAN_POINT('',(5.335716982497,7.332159688589));
#2040 = CARTESIAN_POINT('',(5.406149708422,7.359195678968));
#2041 = CARTESIAN_POINT('',(5.50354922096,7.38488334034));
#2042 = CARTESIAN_POINT('',(5.528767317851,7.390527985528));
#2043 = CARTESIAN_POINT('',(5.554228595366,7.395055921311));
#2044 = CARTESIAN_POINT('',(5.579934474179,7.398280161862));
#2045 = CARTESIAN_POINT('',(5.605886574834,7.4));
#2046 = CARTESIAN_POINT('',(5.632086722208,7.4));
#2047 = ( GEOMETRIC_REPRESENTATION_CONTEXT(2) 
PARAMETRIC_REPRESENTATION_CONTEXT() REPRESENTATION_CONTEXT('2D SPACE',''
  ) );
#2048 = PCURVE('',#593,#2049);
#2049 = DEFINITIONAL_REPRESENTATION('',(#2050),#2083);
#2050 = B_SPLINE_CURVE_WITH_KNOTS('',6,(#2051,#2052,#2053,#2054,#2055,
    #2056,#2057,#2058,#2059,#2060,#2061,#2062,#2063,#2064,#2065,#2066,
    #2067,#2068,#2069,#2070,#2071,#2072,#2073,#2074,#2075,#2076,#2077,
    #2078,#2079,#2080,#2081,#2082),.UNSPECIFIED.,.F.,.F.,(7,5,5,5,5,5,7)
  ,(0.,7.751078998042E-02,0.2979365042,0.500000565117,0.701443277606,
    0.923441147101,1.),.UNSPECIFIED.);
#2051 = CARTESIAN_POINT('',(0.,2.375119050319));
#2052 = CARTESIAN_POINT('',(2.109929964672E-02,2.428171124046));
#2053 = CARTESIAN_POINT('',(4.148444372338E-02,2.482930545127));
#2054 = CARTESIAN_POINT('',(6.116561000013E-02,2.539254425112));
#2055 = CARTESIAN_POINT('',(8.015027909869E-02,2.597003686883));
#2056 = CARTESIAN_POINT('',(9.844411828464E-02,2.656043528098));
#2057 = CARTESIAN_POINT('',(0.166124896431,2.887442069957));
#2058 = CARTESIAN_POINT('',(0.210680850406,3.068132557021));
#2059 = CARTESIAN_POINT('',(0.250031820257,3.256093535981));
#2060 = CARTESIAN_POINT('',(0.284310870666,3.44979509507));
#2061 = CARTESIAN_POINT('',(0.3135630186,3.648260094324));
#2062 = CARTESIAN_POINT('',(0.359893524208,4.036588026996));
#2063 = CARTESIAN_POINT('',(0.377790479953,4.225852402427));
#2064 = CARTESIAN_POINT('',(0.39131704888,4.417640050975));
#2065 = CARTESIAN_POINT('',(0.40037641035,4.611095046931));
#2066 = CARTESIAN_POINT('',(0.404913649488,4.805458379234));
#2067 = CARTESIAN_POINT('',(0.404913649488,5.193943403894));
#2068 = CARTESIAN_POINT('',(0.400404270516,5.387710940681));
#2069 = CARTESIAN_POINT('',(0.391400380176,5.580578393952));
#2070 = CARTESIAN_POINT('',(0.377956276155,5.77179304694));
#2071 = CARTESIAN_POINT('',(0.360167766138,5.960506662688));
#2072 = CARTESIAN_POINT('',(0.313870590761,6.349818856022));
#2073 = CARTESIAN_POINT('',(0.284444814241,6.549735291491));
#2074 = CARTESIAN_POINT('',(0.249920638154,6.744826790932));
#2075 = CARTESIAN_POINT('',(0.210252062647,6.934096312681));
#2076 = CARTESIAN_POINT('',(0.165303051269,7.11597711062));
#2077 = CARTESIAN_POINT('',(9.73200179441E-02,7.347578931532));
#2078 = CARTESIAN_POINT('',(7.921733663544E-02,7.405831013092));
#2079 = CARTESIAN_POINT('',(6.044034212284E-02,7.462819575608));
#2080 = CARTESIAN_POINT('',(4.098363273165E-02,7.518414238101));
#2081 = CARTESIAN_POINT('',(2.084008112766E-02,7.572480654933));
#2082 = CARTESIAN_POINT('',(0.,7.624880949681));
#2083 = ( GEOMETRIC_REPRESENTATION_CONTEXT(2) 
PARAMETRIC_REPRESENTATION_CONTEXT() REPRESENTATION_CONTEXT('2D SPACE',''
  ) );
#2084 = ORIENTED_EDGE('',*,*,#2085,.T.);
#2085 = EDGE_CURVE('',#1976,#1423,#2086,.T.);
#2086 = SURFACE_CURVE('',#2087,(#2110,#2136),.PCURVE_S1.);
#2087 = B_SPLINE_CURVE_WITH_KNOTS('',5,(#2088,#2089,#2090,#2091,#2092,
    #2093,#2094,#2095,#2096,#2097,#2098,#2099,#2100,#2101,#2102,#2103,
    #2104,#2105,#2106,#2107,#2108,#2109),.UNSPECIFIED.,.F.,.F.,(6,4,4,4,
    4,6),(0.,0.186900203743,0.288903276926,0.501273946947,0.811589733664
    ,1.),.UNSPECIFIED.);
#2088 = CARTESIAN_POINT('',(167.62488094968,64.,-0.7));
#2089 = CARTESIAN_POINT('',(167.67482822846,64.065552830282,-0.7));
#2090 = CARTESIAN_POINT('',(167.72320417016,64.133288571783,
    -0.70162753449));
#2091 = CARTESIAN_POINT('',(167.76980144352,64.203095575225,
    -0.70510017176));
#2092 = CARTESIAN_POINT('',(167.81443806264,64.274846114902,
    -0.710633764468));
#2093 = CARTESIAN_POINT('',(167.88016282853,64.388537350582,
    -0.722704135116));
#2094 = CARTESIAN_POINT('',(167.90273099004,64.429202760394,
    -0.727642054941));
#2095 = CARTESIAN_POINT('',(167.92463042056,64.470358081742,
    -0.733289540224));
#2096 = CARTESIAN_POINT('',(167.94583121783,64.511960522078,
    -0.739676174916));
#2097 = CARTESIAN_POINT('',(168.00893155617,64.641400043602,
    -0.761717489557));
#2098 = CARTESIAN_POINT('',(168.04843562179,64.73061586198,
    -0.779932409515));
#2099 = CARTESIAN_POINT('',(168.08450432868,64.821041328197,
    -0.801691300921));
#2100 = CARTESIAN_POINT('',(168.11697997645,64.912083491204,
    -0.827108281728));
#2101 = CARTESIAN_POINT('',(168.18800532023,65.136224510505,
    -0.89862856989));
#2102 = CARTESIAN_POINT('',(168.22234001624,65.269010565773,
    -0.948756259138));
#2103 = CARTESIAN_POINT('',(168.24889561526,65.399843132372,
    -1.006476162902));
#2104 = CARTESIAN_POINT('',(168.26823738228,65.527040829732,
    -1.071177745191));
#2105 = CARTESIAN_POINT('',(168.28921424095,65.723190353703,
    -1.184341324023));
#2106 = CARTESIAN_POINT('',(168.2948283149,65.795471673564,
    -1.229242607865));
#2107 = CARTESIAN_POINT('',(168.29835014828,65.865784923276,
    -1.276134258703));
#2108 = CARTESIAN_POINT('',(168.3,65.9339991768,-1.324830428118));
#2109 = CARTESIAN_POINT('',(168.3,66.,-1.375119050319));
#2110 = PCURVE('',#375,#2111);
#2111 = DEFINITIONAL_REPRESENTATION('',(#2112),#2135);
#2112 = B_SPLINE_CURVE_WITH_KNOTS('',5,(#2113,#2114,#2115,#2116,#2117,
    #2118,#2119,#2120,#2121,#2122,#2123,#2124,#2125,#2126,#2127,#2128,
    #2129,#2130,#2131,#2132,#2133,#2134),.UNSPECIFIED.,.F.,.F.,(6,4,4,4,
    4,6),(0.,0.186900203743,0.288903276926,0.501273946947,0.811589733664
    ,1.),.UNSPECIFIED.);
#2113 = CARTESIAN_POINT('',(5.632086722208,7.4));
#2114 = CARTESIAN_POINT('',(5.657060361599,7.4));
#2115 = CARTESIAN_POINT('',(5.682271462388,7.39837246551));
#2116 = CARTESIAN_POINT('',(5.707687949186,7.39489982824));
#2117 = CARTESIAN_POINT('',(5.733281055191,7.389366235532));
#2118 = CARTESIAN_POINT('',(5.773075570922,7.377295864884));
#2119 = CARTESIAN_POINT('',(5.787166742056,7.372357945059));
#2120 = CARTESIAN_POINT('',(5.801290836133,7.366710459776));
#2121 = CARTESIAN_POINT('',(5.815438000113,7.360323825084));
#2122 = CARTESIAN_POINT('',(5.859074618833,7.338282510443));
#2123 = CARTESIAN_POINT('',(5.888621508761,7.320067590485));
#2124 = CARTESIAN_POINT('',(5.918095186494,7.298308699079));
#2125 = CARTESIAN_POINT('',(5.94736767,7.272891718272));
#2126 = CARTESIAN_POINT('',(6.018617689569,7.20137143011));
#2127 = CARTESIAN_POINT('',(6.06011884339,7.151243740862));
#2128 = CARTESIAN_POINT('',(6.100502381283,7.093523837098));
#2129 = CARTESIAN_POINT('',(6.139452029166,7.028822254809));
#2130 = CARTESIAN_POINT('',(6.199230211391,6.915658675977));
#2131 = CARTESIAN_POINT('',(6.221190419386,6.870757392135));
#2132 = CARTESIAN_POINT('',(6.242514014371,6.823865741297));
#2133 = CARTESIAN_POINT('',(6.263185057725,6.775169571882));
#2134 = CARTESIAN_POINT('',(6.28318530718,6.724880949681));
#2135 = ( GEOMETRIC_REPRESENTATION_CONTEXT(2) 
PARAMETRIC_REPRESENTATION_CONTEXT() REPRESENTATION_CONTEXT('2D SPACE',''
  ) );
#2136 = PCURVE('',#593,#2137);
#2137 = DEFINITIONAL_REPRESENTATION('',(#2138),#2161);
#2138 = B_SPLINE_CURVE_WITH_KNOTS('',5,(#2139,#2140,#2141,#2142,#2143,
    #2144,#2145,#2146,#2147,#2148,#2149,#2150,#2151,#2152,#2153,#2154,
    #2155,#2156,#2157,#2158,#2159,#2160),.UNSPECIFIED.,.F.,.F.,(6,4,4,4,
    4,6),(0.,0.186900203743,0.288903276926,0.501273946947,0.811589733664
    ,1.),.UNSPECIFIED.);
#2139 = CARTESIAN_POINT('',(6.28318530718,7.624880949681));
#2140 = CARTESIAN_POINT('',(6.263320813155,7.674828228463));
#2141 = CARTESIAN_POINT('',(6.242794774928,7.723204170165));
#2142 = CARTESIAN_POINT('',(6.221624921832,7.769801443524));
#2143 = CARTESIAN_POINT('',(6.199826751723,7.814438062642));
#2144 = CARTESIAN_POINT('',(6.165181241493,7.880162828534));
#2145 = CARTESIAN_POINT('',(6.152769286166,7.902730990046));
#2146 = CARTESIAN_POINT('',(6.140183178416,7.924630420565));
#2147 = CARTESIAN_POINT('',(6.127430395332,7.945831217832));
#2148 = CARTESIAN_POINT('',(6.087641686528,8.008931556175));
#2149 = CARTESIAN_POINT('',(6.060063635334,8.048435621791));
#2150 = CARTESIAN_POINT('',(6.031903613736,8.084504328681));
#2151 = CARTESIAN_POINT('',(6.003279354259,8.116979976454));
#2152 = CARTESIAN_POINT('',(5.931983885206,8.188005320232));
#2153 = CARTESIAN_POINT('',(5.889032136894,8.22234001624));
#2154 = CARTESIAN_POINT('',(5.845787794664,8.248895615262));
#2155 = CARTESIAN_POINT('',(5.802603193225,8.268237382286));
#2156 = CARTESIAN_POINT('',(5.73398129273,8.289214240953));
#2157 = CARTESIAN_POINT('',(5.708209532847,8.294828314903));
#2158 = CARTESIAN_POINT('',(5.682616279508,8.298350148286));
#2159 = CARTESIAN_POINT('',(5.657231033309,8.3));
#2160 = CARTESIAN_POINT('',(5.632086722208,8.3));
#2161 = ( GEOMETRIC_REPRESENTATION_CONTEXT(2) 
PARAMETRIC_REPRESENTATION_CONTEXT() REPRESENTATION_CONTEXT('2D SPACE',''
  ) );
#2162 = ADVANCED_FACE('',(#2163),#593,.F.);
#2163 = FACE_BOUND('',#2164,.F.);
#2164 = EDGE_LOOP('',(#2165,#2166,#2187,#2188,#2211,#2238,#2239,#2240,
    #2241,#2242));
#2165 = ORIENTED_EDGE('',*,*,#576,.F.);
#2166 = ORIENTED_EDGE('',*,*,#2167,.F.);
#2167 = EDGE_CURVE('',#1976,#577,#2168,.T.);
#2168 = SEAM_CURVE('',#2169,(#2173,#2180),.PCURVE_S1.);
#2169 = LINE('',#2170,#2171);
#2170 = CARTESIAN_POINT('',(160.,64.,-0.7));
#2171 = VECTOR('',#2172,1.);
#2172 = DIRECTION('',(1.,0.,0.));
#2173 = PCURVE('',#593,#2174);
#2174 = DEFINITIONAL_REPRESENTATION('',(#2175),#2179);
#2175 = LINE('',#2176,#2177);
#2176 = CARTESIAN_POINT('',(6.28318530718,-0.));
#2177 = VECTOR('',#2178,1.);
#2178 = DIRECTION('',(0.,1.));
#2179 = ( GEOMETRIC_REPRESENTATION_CONTEXT(2) 
PARAMETRIC_REPRESENTATION_CONTEXT() REPRESENTATION_CONTEXT('2D SPACE',''
  ) );
#2180 = PCURVE('',#593,#2181);
#2181 = DEFINITIONAL_REPRESENTATION('',(#2182),#2186);
#2182 = LINE('',#2183,#2184);
#2183 = CARTESIAN_POINT('',(0.,-0.));
#2184 = VECTOR('',#2185,1.);
#2185 = DIRECTION('',(0.,1.));
#2186 = ( GEOMETRIC_REPRESENTATION_CONTEXT(2) 
PARAMETRIC_REPRESENTATION_CONTEXT() REPRESENTATION_CONTEXT('2D SPACE',''
  ) );
#2187 = ORIENTED_EDGE('',*,*,#1975,.F.);
#2188 = ORIENTED_EDGE('',*,*,#2189,.F.);
#2189 = EDGE_CURVE('',#2190,#1581,#2192,.T.);
#2190 = VERTEX_POINT('',#2191);
#2191 = CARTESIAN_POINT('',(160.,64.,-0.7));
#2192 = SEAM_CURVE('',#2193,(#2197,#2204),.PCURVE_S1.);
#2193 = LINE('',#2194,#2195);
#2194 = CARTESIAN_POINT('',(160.,64.,-0.7));
#2195 = VECTOR('',#2196,1.);
#2196 = DIRECTION('',(1.,0.,0.));
#2197 = PCURVE('',#593,#2198);
#2198 = DEFINITIONAL_REPRESENTATION('',(#2199),#2203);
#2199 = LINE('',#2200,#2201);
#2200 = CARTESIAN_POINT('',(6.28318530718,-0.));
#2201 = VECTOR('',#2202,1.);
#2202 = DIRECTION('',(0.,1.));
#2203 = ( GEOMETRIC_REPRESENTATION_CONTEXT(2) 
PARAMETRIC_REPRESENTATION_CONTEXT() REPRESENTATION_CONTEXT('2D SPACE',''
  ) );
#2204 = PCURVE('',#593,#2205);
#2205 = DEFINITIONAL_REPRESENTATION('',(#2206),#2210);
#2206 = LINE('',#2207,#2208);
#2207 = CARTESIAN_POINT('',(0.,-0.));
#2208 = VECTOR('',#2209,1.);
#2209 = DIRECTION('',(0.,1.));
#2210 = ( GEOMETRIC_REPRESENTATION_CONTEXT(2) 
PARAMETRIC_REPRESENTATION_CONTEXT() REPRESENTATION_CONTEXT('2D SPACE',''
  ) );
#2211 = ORIENTED_EDGE('',*,*,#2212,.T.);
#2212 = EDGE_CURVE('',#2190,#2190,#2213,.T.);
#2213 = SURFACE_CURVE('',#2214,(#2219,#2226),.PCURVE_S1.);
#2214 = CIRCLE('',#2215,3.3);
#2215 = AXIS2_PLACEMENT_3D('',#2216,#2217,#2218);
#2216 = CARTESIAN_POINT('',(160.,64.,-4.));
#2217 = DIRECTION('',(1.,0.,0.));
#2218 = DIRECTION('',(-0.,0.,1.));
#2219 = PCURVE('',#593,#2220);
#2220 = DEFINITIONAL_REPRESENTATION('',(#2221),#2225);
#2221 = LINE('',#2222,#2223);
#2222 = CARTESIAN_POINT('',(0.,0.));
#2223 = VECTOR('',#2224,1.);
#2224 = DIRECTION('',(1.,0.));
#2225 = ( GEOMETRIC_REPRESENTATION_CONTEXT(2) 
PARAMETRIC_REPRESENTATION_CONTEXT() REPRESENTATION_CONTEXT('2D SPACE',''
  ) );
#2226 = PCURVE('',#2227,#2232);
#2227 = PLANE('',#2228);
#2228 = AXIS2_PLACEMENT_3D('',#2229,#2230,#2231);
#2229 = CARTESIAN_POINT('',(160.,64.,-4.));
#2230 = DIRECTION('',(1.,0.,0.));
#2231 = DIRECTION('',(-0.,0.,1.));
#2232 = DEFINITIONAL_REPRESENTATION('',(#2233),#2237);
#2233 = CIRCLE('',#2234,3.3);
#2234 = AXIS2_PLACEMENT_2D('',#2235,#2236);
#2235 = CARTESIAN_POINT('',(0.,0.));
#2236 = DIRECTION('',(1.,0.));
#2237 = ( GEOMETRIC_REPRESENTATION_CONTEXT(2) 
PARAMETRIC_REPRESENTATION_CONTEXT() REPRESENTATION_CONTEXT('2D SPACE',''
  ) );
#2238 = ORIENTED_EDGE('',*,*,#2189,.T.);
#2239 = ORIENTED_EDGE('',*,*,#1580,.T.);
#2240 = ORIENTED_EDGE('',*,*,#1447,.T.);
#2241 = ORIENTED_EDGE('',*,*,#2085,.F.);
#2242 = ORIENTED_EDGE('',*,*,#2167,.T.);
#2243 = ADVANCED_FACE('',(#2244),#624,.F.);
#2244 = FACE_BOUND('',#2245,.F.);
#2245 = EDGE_LOOP('',(#2246,#2247,#2268,#2269,#2270,#2271,#2294,#2321,
    #2322,#2323));
#2246 = ORIENTED_EDGE('',*,*,#607,.F.);
#2247 = ORIENTED_EDGE('',*,*,#2248,.F.);
#2248 = EDGE_CURVE('',#692,#608,#2249,.T.);
#2249 = SEAM_CURVE('',#2250,(#2254,#2261),.PCURVE_S1.);
#2250 = LINE('',#2251,#2252);
#2251 = CARTESIAN_POINT('',(160.,20.,-0.7));
#2252 = VECTOR('',#2253,1.);
#2253 = DIRECTION('',(1.,0.,0.));
#2254 = PCURVE('',#624,#2255);
#2255 = DEFINITIONAL_REPRESENTATION('',(#2256),#2260);
#2256 = LINE('',#2257,#2258);
#2257 = CARTESIAN_POINT('',(6.28318530718,-0.));
#2258 = VECTOR('',#2259,1.);
#2259 = DIRECTION('',(0.,1.));
#2260 = ( GEOMETRIC_REPRESENTATION_CONTEXT(2) 
PARAMETRIC_REPRESENTATION_CONTEXT() REPRESENTATION_CONTEXT('2D SPACE',''
  ) );
#2261 = PCURVE('',#624,#2262);
#2262 = DEFINITIONAL_REPRESENTATION('',(#2263),#2267);
#2263 = LINE('',#2264,#2265);
#2264 = CARTESIAN_POINT('',(0.,-0.));
#2265 = VECTOR('',#2266,1.);
#2266 = DIRECTION('',(0.,1.));
#2267 = ( GEOMETRIC_REPRESENTATION_CONTEXT(2) 
PARAMETRIC_REPRESENTATION_CONTEXT() REPRESENTATION_CONTEXT('2D SPACE',''
  ) );
#2268 = ORIENTED_EDGE('',*,*,#691,.F.);
#2269 = ORIENTED_EDGE('',*,*,#1284,.T.);
#2270 = ORIENTED_EDGE('',*,*,#881,.T.);
#2271 = ORIENTED_EDGE('',*,*,#2272,.F.);
#2272 = EDGE_CURVE('',#2273,#772,#2275,.T.);
#2273 = VERTEX_POINT('',#2274);
#2274 = CARTESIAN_POINT('',(160.,20.,-0.7));
#2275 = SEAM_CURVE('',#2276,(#2280,#2287),.PCURVE_S1.);
#2276 = LINE('',#2277,#2278);
#2277 = CARTESIAN_POINT('',(160.,20.,-0.7));
#2278 = VECTOR('',#2279,1.);
#2279 = DIRECTION('',(1.,0.,0.));
#2280 = PCURVE('',#624,#2281);
#2281 = DEFINITIONAL_REPRESENTATION('',(#2282),#2286);
#2282 = LINE('',#2283,#2284);
#2283 = CARTESIAN_POINT('',(6.28318530718,-0.));
#2284 = VECTOR('',#2285,1.);
#2285 = DIRECTION('',(0.,1.));
#2286 = ( GEOMETRIC_REPRESENTATION_CONTEXT(2) 
PARAMETRIC_REPRESENTATION_CONTEXT() REPRESENTATION_CONTEXT('2D SPACE',''
  ) );
#2287 = PCURVE('',#624,#2288);
#2288 = DEFINITIONAL_REPRESENTATION('',(#2289),#2293);
#2289 = LINE('',#2290,#2291);
#2290 = CARTESIAN_POINT('',(0.,-0.));
#2291 = VECTOR('',#2292,1.);
#2292 = DIRECTION('',(0.,1.));
#2293 = ( GEOMETRIC_REPRESENTATION_CONTEXT(2) 
PARAMETRIC_REPRESENTATION_CONTEXT() REPRESENTATION_CONTEXT('2D SPACE',''
  ) );
#2294 = ORIENTED_EDGE('',*,*,#2295,.T.);
#2295 = EDGE_CURVE('',#2273,#2273,#2296,.T.);
#2296 = SURFACE_CURVE('',#2297,(#2302,#2309),.PCURVE_S1.);
#2297 = CIRCLE('',#2298,3.3);
#2298 = AXIS2_PLACEMENT_3D('',#2299,#2300,#2301);
#2299 = CARTESIAN_POINT('',(160.,20.,-4.));
#2300 = DIRECTION('',(1.,0.,0.));
#2301 = DIRECTION('',(-0.,0.,1.));
#2302 = PCURVE('',#624,#2303);
#2303 = DEFINITIONAL_REPRESENTATION('',(#2304),#2308);
#2304 = LINE('',#2305,#2306);
#2305 = CARTESIAN_POINT('',(0.,0.));
#2306 = VECTOR('',#2307,1.);
#2307 = DIRECTION('',(1.,0.));
#2308 = ( GEOMETRIC_REPRESENTATION_CONTEXT(2) 
PARAMETRIC_REPRESENTATION_CONTEXT() REPRESENTATION_CONTEXT('2D SPACE',''
  ) );
#2309 = PCURVE('',#2310,#2315);
#2310 = PLANE('',#2311);
#2311 = AXIS2_PLACEMENT_3D('',#2312,#2313,#2314);
#2312 = CARTESIAN_POINT('',(160.,20.,-4.));
#2313 = DIRECTION('',(1.,0.,0.));
#2314 = DIRECTION('',(-0.,0.,1.));
#2315 = DEFINITIONAL_REPRESENTATION('',(#2316),#2320);
#2316 = CIRCLE('',#2317,3.3);
#2317 = AXIS2_PLACEMENT_2D('',#2318,#2319);
#2318 = CARTESIAN_POINT('',(0.,0.));
#2319 = DIRECTION('',(1.,0.));
#2320 = ( GEOMETRIC_REPRESENTATION_CONTEXT(2) 
PARAMETRIC_REPRESENTATION_CONTEXT() REPRESENTATION_CONTEXT('2D SPACE',''
  ) );
#2321 = ORIENTED_EDGE('',*,*,#2272,.T.);
#2322 = ORIENTED_EDGE('',*,*,#771,.F.);
#2323 = ORIENTED_EDGE('',*,*,#2248,.T.);
#2324 = ADVANCED_FACE('',(#2325),#2227,.T.);
#2325 = FACE_BOUND('',#2326,.F.);
#2326 = EDGE_LOOP('',(#2327));
#2327 = ORIENTED_EDGE('',*,*,#2212,.F.);
#2328 = ADVANCED_FACE('',(#2329),#2310,.T.);
#2329 = FACE_BOUND('',#2330,.F.);
#2330 = EDGE_LOOP('',(#2331));
#2331 = ORIENTED_EDGE('',*,*,#2295,.F.);
#2332 = ( GEOMETRIC_REPRESENTATION_CONTEXT(3) 
GLOBAL_UNCERTAINTY_ASSIGNED_CONTEXT((#2336)) 
GLOBAL_UNIT_ASSIGNED_CONTEXT((#2333,#2334,#2335)) REPRESENTATION_CONTEXT
('Context #1','3D Context with UNIT and UNCERTAINTY') );
#2333 = ( LENGTH_UNIT() NAMED_UNIT(*) SI_UNIT(.MILLI.,.METRE.) );
#2334 = ( NAMED_UNIT(*) PLANE_ANGLE_UNIT() SI_UNIT($,.RADIAN.) );
#2335 = ( NAMED_UNIT(*) SI_UNIT($,.STERADIAN.) SOLID_ANGLE_UNIT() );
#2336 = UNCERTAINTY_MEASURE_WITH_UNIT(LENGTH_MEASURE(1.E-07),#2333,
  'distance_accuracy_value','confusion accuracy');
#2337 = PRODUCT_RELATED_PRODUCT_CATEGORY('part',$,(#7));
ENDSEC;
END-ISO-10303-21;
