ISO-10303-21;
HEADER;
FILE_DESCRIPTION(('Open CASCADE Model'),'2;1');
FILE_NAME('Open CASCADE Shape Model','2026-09-26T16:05:09',('Author'),(
    'Open CASCADE'),'Open CASCADE STEP processor 7.9','Open CASCADE 7.9'
  ,'Unknown');
FILE_SCHEMA(('AUTOMOTIVE_DESIGN { 1 0 10303 214 1 1 1 1 }'));
ENDSEC;
DATA;
#1 = APPLICATION_PROTOCOL_DEFINITION('international standard',
  'automotive_design',2000,#2);
#2 = APPLICATION_CONTEXT(
  'core data for automotive mechanical design processes');
#3 = SHAPE_DEFINITION_REPRESENTATION(#4,#10);
#4 = PRODUCT_DEFINITION_SHAPE('','',#5);
#5 = PRODUCT_DEFINITION('design','',#6,#9);
#6 = PRODUCT_DEFINITION_FORMATION('','',#7);
#7 = PRODUCT('Open CASCADE STEP translator 7.9 5',
  'Open CASCADE STEP translator 7.9 5','',(#8));
#8 = PRODUCT_CONTEXT('',#2,'mechanical');
#9 = PRODUCT_DEFINITION_CONTEXT('part definition',#2,'design');
#10 = ADVANCED_BREP_SHAPE_REPRESENTATION('',(#11,#15),#1973);
#11 = AXIS2_PLACEMENT_3D('',#12,#13,#14);
#12 = CARTESIAN_POINT('',(0.,0.,0.));
#13 = DIRECTION('',(0.,0.,1.));
#14 = DIRECTION('',(1.,0.,-0.));
#15 = MANIFOLD_SOLID_BREP('',#16);
#16 = CLOSED_SHELL('',(#17,#207,#283,#494,#684,#711,#766,#1754,#1779,
    #1804,#1811,#1838,#1907,#1958,#1962,#1968));
#17 = ADVANCED_FACE('',(#18,#137,#172),#32,.T.);
#18 = FACE_BOUND('',#19,.T.);
#19 = EDGE_LOOP('',(#20,#55,#83,#111));
#20 = ORIENTED_EDGE('',*,*,#21,.T.);
#21 = EDGE_CURVE('',#22,#24,#26,.T.);
#22 = VERTEX_POINT('',#23);
#23 = CARTESIAN_POINT('',(22.,58.,10.));
#24 = VERTEX_POINT('',#25);
#25 = CARTESIAN_POINT('',(22.,76.,10.));
#26 = SURFACE_CURVE('',#27,(#31,#43),.PCURVE_S1.);
#27 = LINE('',#28,#29);
#28 = CARTESIAN_POINT('',(22.,58.,10.));
#29 = VECTOR('',#30,1.);
#30 = DIRECTION('',(-0.,1.,-0.));
#31 = PCURVE('',#32,#37);
#32 = PLANE('',#33);
#33 = AXIS2_PLACEMENT_3D('',#34,#35,#36);
#34 = CARTESIAN_POINT('',(22.,58.,10.));
#35 = DIRECTION('',(0.,0.,-1.));
#36 = DIRECTION('',(1.,0.,0.));
#37 = DEFINITIONAL_REPRESENTATION('',(#38),#42);
#38 = LINE('',#39,#40);
#39 = CARTESIAN_POINT('',(0.,0.));
#40 = VECTOR('',#41,1.);
#41 = DIRECTION('',(0.,-1.));
#42 = ( GEOMETRIC_REPRESENTATION_CONTEXT(2) 
PARAMETRIC_REPRESENTATION_CONTEXT() REPRESENTATION_CONTEXT('2D SPACE',''
  ) );
#43 = PCURVE('',#44,#49);
#44 = PLANE('',#45);
#45 = AXIS2_PLACEMENT_3D('',#46,#47,#48);
#46 = CARTESIAN_POINT('',(28.,58.,24.));
#47 = DIRECTION('',(-0.919145030018,0.,0.393919298579));
#48 = DIRECTION('',(-0.393919298579,0.,-0.919145030018));
#49 = DEFINITIONAL_REPRESENTATION('',(#50),#54);
#50 = LINE('',#51,#52);
#51 = CARTESIAN_POINT('',(15.231546211728,0.));
#52 = VECTOR('',#53,1.);
#53 = DIRECTION('',(0.,-1.));
#54 = ( GEOMETRIC_REPRESENTATION_CONTEXT(2) 
PARAMETRIC_REPRESENTATION_CONTEXT() REPRESENTATION_CONTEXT('2D SPACE',''
  ) );
#55 = ORIENTED_EDGE('',*,*,#56,.T.);
#56 = EDGE_CURVE('',#24,#57,#59,.T.);
#57 = VERTEX_POINT('',#58);
#58 = CARTESIAN_POINT('',(78.,76.,10.));
#59 = SURFACE_CURVE('',#60,(#64,#71),.PCURVE_S1.);
#60 = LINE('',#61,#62);
#61 = CARTESIAN_POINT('',(22.,76.,10.));
#62 = VECTOR('',#63,1.);
#63 = DIRECTION('',(1.,0.,0.));
#64 = PCURVE('',#32,#65);
#65 = DEFINITIONAL_REPRESENTATION('',(#66),#70);
#66 = LINE('',#67,#68);
#67 = CARTESIAN_POINT('',(0.,-18.));
#68 = VECTOR('',#69,1.);
#69 = DIRECTION('',(1.,0.));
#70 = ( GEOMETRIC_REPRESENTATION_CONTEXT(2) 
PARAMETRIC_REPRESENTATION_CONTEXT() REPRESENTATION_CONTEXT('2D SPACE',''
  ) );
#71 = PCURVE('',#72,#77);
#72 = PLANE('',#73);
#73 = AXIS2_PLACEMENT_3D('',#74,#75,#76);
#74 = CARTESIAN_POINT('',(50.,76.,37.812083509632));
#75 = DIRECTION('',(-0.,-1.,-0.));
#76 = DIRECTION('',(0.,0.,-1.));
#77 = DEFINITIONAL_REPRESENTATION('',(#78),#82);
#78 = LINE('',#79,#80);
#79 = CARTESIAN_POINT('',(27.812083509632,-28.));
#80 = VECTOR('',#81,1.);
#81 = DIRECTION('',(0.,1.));
#82 = ( GEOMETRIC_REPRESENTATION_CONTEXT(2) 
PARAMETRIC_REPRESENTATION_CONTEXT() REPRESENTATION_CONTEXT('2D SPACE',''
  ) );
#83 = ORIENTED_EDGE('',*,*,#84,.F.);
#84 = EDGE_CURVE('',#85,#57,#87,.T.);
#85 = VERTEX_POINT('',#86);
#86 = CARTESIAN_POINT('',(78.,58.,10.));
#87 = SURFACE_CURVE('',#88,(#92,#99),.PCURVE_S1.);
#88 = LINE('',#89,#90);
#89 = CARTESIAN_POINT('',(78.,58.,10.));
#90 = VECTOR('',#91,1.);
#91 = DIRECTION('',(-0.,1.,-0.));
#92 = PCURVE('',#32,#93);
#93 = DEFINITIONAL_REPRESENTATION('',(#94),#98);
#94 = LINE('',#95,#96);
#95 = CARTESIAN_POINT('',(56.,0.));
#96 = VECTOR('',#97,1.);
#97 = DIRECTION('',(0.,-1.));
#98 = ( GEOMETRIC_REPRESENTATION_CONTEXT(2) 
PARAMETRIC_REPRESENTATION_CONTEXT() REPRESENTATION_CONTEXT('2D SPACE',''
  ) );
#99 = PCURVE('',#100,#105);
#100 = PLANE('',#101);
#101 = AXIS2_PLACEMENT_3D('',#102,#103,#104);
#102 = CARTESIAN_POINT('',(78.,58.,10.));
#103 = DIRECTION('',(0.919145030018,0.,0.393919298579));
#104 = DIRECTION('',(-0.393919298579,0.,0.919145030018));
#105 = DEFINITIONAL_REPRESENTATION('',(#106),#110);
#106 = LINE('',#107,#108);
#107 = CARTESIAN_POINT('',(0.,0.));
#108 = VECTOR('',#109,1.);
#109 = DIRECTION('',(0.,-1.));
#110 = ( GEOMETRIC_REPRESENTATION_CONTEXT(2) 
PARAMETRIC_REPRESENTATION_CONTEXT() REPRESENTATION_CONTEXT('2D SPACE',''
  ) );
#111 = ORIENTED_EDGE('',*,*,#112,.F.);
#112 = EDGE_CURVE('',#22,#85,#113,.T.);
#113 = SURFACE_CURVE('',#114,(#118,#125),.PCURVE_S1.);
#114 = LINE('',#115,#116);
#115 = CARTESIAN_POINT('',(22.,58.,10.));
#116 = VECTOR('',#117,1.);
#117 = DIRECTION('',(1.,0.,0.));
#118 = PCURVE('',#32,#119);
#119 = DEFINITIONAL_REPRESENTATION('',(#120),#124);
#120 = LINE('',#121,#122);
#121 = CARTESIAN_POINT('',(0.,0.));
#122 = VECTOR('',#123,1.);
#123 = DIRECTION('',(1.,0.));
#124 = ( GEOMETRIC_REPRESENTATION_CONTEXT(2) 
PARAMETRIC_REPRESENTATION_CONTEXT() REPRESENTATION_CONTEXT('2D SPACE',''
  ) );
#125 = PCURVE('',#126,#131);
#126 = PLANE('',#127);
#127 = AXIS2_PLACEMENT_3D('',#128,#129,#130);
#128 = CARTESIAN_POINT('',(50.,58.,37.812083509632));
#129 = DIRECTION('',(-0.,-1.,-0.));
#130 = DIRECTION('',(0.,0.,-1.));
#131 = DEFINITIONAL_REPRESENTATION('',(#132),#136);
#132 = LINE('',#133,#134);
#133 = CARTESIAN_POINT('',(27.812083509632,-28.));
#134 = VECTOR('',#135,1.);
#135 = DIRECTION('',(0.,1.));
#136 = ( GEOMETRIC_REPRESENTATION_CONTEXT(2) 
PARAMETRIC_REPRESENTATION_CONTEXT() REPRESENTATION_CONTEXT('2D SPACE',''
  ) );
#137 = FACE_BOUND('',#138,.T.);
#138 = EDGE_LOOP('',(#139));
#139 = ORIENTED_EDGE('',*,*,#140,.T.);
#140 = EDGE_CURVE('',#141,#141,#143,.T.);
#141 = VERTEX_POINT('',#142);
#142 = CARTESIAN_POINT('',(35.3,67.,10.));
#143 = SURFACE_CURVE('',#144,(#149,#160),.PCURVE_S1.);
#144 = CIRCLE('',#145,3.3);
#145 = AXIS2_PLACEMENT_3D('',#146,#147,#148);
#146 = CARTESIAN_POINT('',(32.,67.,10.));
#147 = DIRECTION('',(0.,0.,1.));
#148 = DIRECTION('',(1.,0.,-0.));
#149 = PCURVE('',#32,#150);
#150 = DEFINITIONAL_REPRESENTATION('',(#151),#159);
#151 = ( BOUNDED_CURVE() B_SPLINE_CURVE(2,(#152,#153,#154,#155,#156,#157
,#158),.UNSPECIFIED.,.T.,.F.) B_SPLINE_CURVE_WITH_KNOTS((1,2,2,2,2,1),(
    -2.094395102393,0.,2.094395102393,4.188790204786,6.28318530718,
8.377580409573),.UNSPECIFIED.) CURVE() GEOMETRIC_REPRESENTATION_ITEM() 
RATIONAL_B_SPLINE_CURVE((1.,0.5,1.,0.5,1.,0.5,1.)) REPRESENTATION_ITEM(
  '') );
#152 = CARTESIAN_POINT('',(13.3,-9.));
#153 = CARTESIAN_POINT('',(13.3,-14.71576766497));
#154 = CARTESIAN_POINT('',(8.35,-11.85788383248));
#155 = CARTESIAN_POINT('',(3.4,-9.));
#156 = CARTESIAN_POINT('',(8.35,-6.142116167511));
#157 = CARTESIAN_POINT('',(13.3,-3.284232335023));
#158 = CARTESIAN_POINT('',(13.3,-9.));
#159 = ( GEOMETRIC_REPRESENTATION_CONTEXT(2) 
PARAMETRIC_REPRESENTATION_CONTEXT() REPRESENTATION_CONTEXT('2D SPACE',''
  ) );
#160 = PCURVE('',#161,#166);
#161 = CYLINDRICAL_SURFACE('',#162,3.3);
#162 = AXIS2_PLACEMENT_3D('',#163,#164,#165);
#163 = CARTESIAN_POINT('',(32.,67.,9.9));
#164 = DIRECTION('',(0.,0.,1.));
#165 = DIRECTION('',(1.,0.,-0.));
#166 = DEFINITIONAL_REPRESENTATION('',(#167),#171);
#167 = LINE('',#168,#169);
#168 = CARTESIAN_POINT('',(0.,1.E-01));
#169 = VECTOR('',#170,1.);
#170 = DIRECTION('',(1.,0.));
#171 = ( GEOMETRIC_REPRESENTATION_CONTEXT(2) 
PARAMETRIC_REPRESENTATION_CONTEXT() REPRESENTATION_CONTEXT('2D SPACE',''
  ) );
#172 = FACE_BOUND('',#173,.T.);
#173 = EDGE_LOOP('',(#174));
#174 = ORIENTED_EDGE('',*,*,#175,.T.);
#175 = EDGE_CURVE('',#176,#176,#178,.T.);
#176 = VERTEX_POINT('',#177);
#177 = CARTESIAN_POINT('',(71.3,67.,10.));
#178 = SURFACE_CURVE('',#179,(#184,#195),.PCURVE_S1.);
#179 = CIRCLE('',#180,3.3);
#180 = AXIS2_PLACEMENT_3D('',#181,#182,#183);
#181 = CARTESIAN_POINT('',(68.,67.,10.));
#182 = DIRECTION('',(0.,0.,1.));
#183 = DIRECTION('',(1.,0.,-0.));
#184 = PCURVE('',#32,#185);
#185 = DEFINITIONAL_REPRESENTATION('',(#186),#194);
#186 = ( BOUNDED_CURVE() B_SPLINE_CURVE(2,(#187,#188,#189,#190,#191,#192
,#193),.UNSPECIFIED.,.T.,.F.) B_SPLINE_CURVE_WITH_KNOTS((1,2,2,2,2,1),(
    -2.094395102393,0.,2.094395102393,4.188790204786,6.28318530718,
8.377580409573),.UNSPECIFIED.) CURVE() GEOMETRIC_REPRESENTATION_ITEM() 
RATIONAL_B_SPLINE_CURVE((1.,0.5,1.,0.5,1.,0.5,1.)) REPRESENTATION_ITEM(
  '') );
#187 = CARTESIAN_POINT('',(49.3,-9.));
#188 = CARTESIAN_POINT('',(49.3,-14.71576766497));
#189 = CARTESIAN_POINT('',(44.35,-11.85788383248));
#190 = CARTESIAN_POINT('',(39.4,-9.));
#191 = CARTESIAN_POINT('',(44.35,-6.142116167511));
#192 = CARTESIAN_POINT('',(49.3,-3.284232335023));
#193 = CARTESIAN_POINT('',(49.3,-9.));
#194 = ( GEOMETRIC_REPRESENTATION_CONTEXT(2) 
PARAMETRIC_REPRESENTATION_CONTEXT() REPRESENTATION_CONTEXT('2D SPACE',''
  ) );
#195 = PCURVE('',#196,#201);
#196 = CYLINDRICAL_SURFACE('',#197,3.3);
#197 = AXIS2_PLACEMENT_3D('',#198,#199,#200);
#198 = CARTESIAN_POINT('',(68.,67.,9.9));
#199 = DIRECTION('',(0.,0.,1.));
#200 = DIRECTION('',(1.,0.,-0.));
#201 = DEFINITIONAL_REPRESENTATION('',(#202),#206);
#202 = LINE('',#203,#204);
#203 = CARTESIAN_POINT('',(0.,1.E-01));
#204 = VECTOR('',#205,1.);
#205 = DIRECTION('',(1.,0.));
#206 = ( GEOMETRIC_REPRESENTATION_CONTEXT(2) 
PARAMETRIC_REPRESENTATION_CONTEXT() REPRESENTATION_CONTEXT('2D SPACE',''
  ) );
#207 = ADVANCED_FACE('',(#208),#44,.T.);
#208 = FACE_BOUND('',#209,.T.);
#209 = EDGE_LOOP('',(#210,#240,#261,#262));
#210 = ORIENTED_EDGE('',*,*,#211,.T.);
#211 = EDGE_CURVE('',#212,#214,#216,.T.);
#212 = VERTEX_POINT('',#213);
#213 = CARTESIAN_POINT('',(28.,58.,24.));
#214 = VERTEX_POINT('',#215);
#215 = CARTESIAN_POINT('',(28.,76.,24.));
#216 = SURFACE_CURVE('',#217,(#221,#228),.PCURVE_S1.);
#217 = LINE('',#218,#219);
#218 = CARTESIAN_POINT('',(28.,58.,24.));
#219 = VECTOR('',#220,1.);
#220 = DIRECTION('',(-0.,1.,-0.));
#221 = PCURVE('',#44,#222);
#222 = DEFINITIONAL_REPRESENTATION('',(#223),#227);
#223 = LINE('',#224,#225);
#224 = CARTESIAN_POINT('',(0.,0.));
#225 = VECTOR('',#226,1.);
#226 = DIRECTION('',(0.,-1.));
#227 = ( GEOMETRIC_REPRESENTATION_CONTEXT(2) 
PARAMETRIC_REPRESENTATION_CONTEXT() REPRESENTATION_CONTEXT('2D SPACE',''
  ) );
#228 = PCURVE('',#229,#234);
#229 = PLANE('',#230);
#230 = AXIS2_PLACEMENT_3D('',#231,#232,#233);
#231 = CARTESIAN_POINT('',(36.,58.,54.));
#232 = DIRECTION('',(-0.966234939601,0.,0.25766265056));
#233 = DIRECTION('',(-0.25766265056,0.,-0.966234939601));
#234 = DEFINITIONAL_REPRESENTATION('',(#235),#239);
#235 = LINE('',#236,#237);
#236 = CARTESIAN_POINT('',(31.04834939252,0.));
#237 = VECTOR('',#238,1.);
#238 = DIRECTION('',(0.,-1.));
#239 = ( GEOMETRIC_REPRESENTATION_CONTEXT(2) 
PARAMETRIC_REPRESENTATION_CONTEXT() REPRESENTATION_CONTEXT('2D SPACE',''
  ) );
#240 = ORIENTED_EDGE('',*,*,#241,.T.);
#241 = EDGE_CURVE('',#214,#24,#242,.T.);
#242 = SURFACE_CURVE('',#243,(#247,#254),.PCURVE_S1.);
#243 = LINE('',#244,#245);
#244 = CARTESIAN_POINT('',(28.,76.,24.));
#245 = VECTOR('',#246,1.);
#246 = DIRECTION('',(-0.393919298579,0.,-0.919145030018));
#247 = PCURVE('',#44,#248);
#248 = DEFINITIONAL_REPRESENTATION('',(#249),#253);
#249 = LINE('',#250,#251);
#250 = CARTESIAN_POINT('',(0.,-18.));
#251 = VECTOR('',#252,1.);
#252 = DIRECTION('',(1.,0.));
#253 = ( GEOMETRIC_REPRESENTATION_CONTEXT(2) 
PARAMETRIC_REPRESENTATION_CONTEXT() REPRESENTATION_CONTEXT('2D SPACE',''
  ) );
#254 = PCURVE('',#72,#255);
#255 = DEFINITIONAL_REPRESENTATION('',(#256),#260);
#256 = LINE('',#257,#258);
#257 = CARTESIAN_POINT('',(13.812083509632,-22.));
#258 = VECTOR('',#259,1.);
#259 = DIRECTION('',(0.919145030018,-0.393919298579));
#260 = ( GEOMETRIC_REPRESENTATION_CONTEXT(2) 
PARAMETRIC_REPRESENTATION_CONTEXT() REPRESENTATION_CONTEXT('2D SPACE',''
  ) );
#261 = ORIENTED_EDGE('',*,*,#21,.F.);
#262 = ORIENTED_EDGE('',*,*,#263,.F.);
#263 = EDGE_CURVE('',#212,#22,#264,.T.);
#264 = SURFACE_CURVE('',#265,(#269,#276),.PCURVE_S1.);
#265 = LINE('',#266,#267);
#266 = CARTESIAN_POINT('',(28.,58.,24.));
#267 = VECTOR('',#268,1.);
#268 = DIRECTION('',(-0.393919298579,0.,-0.919145030018));
#269 = PCURVE('',#44,#270);
#270 = DEFINITIONAL_REPRESENTATION('',(#271),#275);
#271 = LINE('',#272,#273);
#272 = CARTESIAN_POINT('',(0.,0.));
#273 = VECTOR('',#274,1.);
#274 = DIRECTION('',(1.,0.));
#275 = ( GEOMETRIC_REPRESENTATION_CONTEXT(2) 
PARAMETRIC_REPRESENTATION_CONTEXT() REPRESENTATION_CONTEXT('2D SPACE',''
  ) );
#276 = PCURVE('',#126,#277);
#277 = DEFINITIONAL_REPRESENTATION('',(#278),#282);
#278 = LINE('',#279,#280);
#279 = CARTESIAN_POINT('',(13.812083509632,-22.));
#280 = VECTOR('',#281,1.);
#281 = DIRECTION('',(0.919145030018,-0.393919298579));
#282 = ( GEOMETRIC_REPRESENTATION_CONTEXT(2) 
PARAMETRIC_REPRESENTATION_CONTEXT() REPRESENTATION_CONTEXT('2D SPACE',''
  ) );
#283 = ADVANCED_FACE('',(#284,#389,#424,#459),#126,.T.);
#284 = FACE_BOUND('',#285,.T.);
#285 = EDGE_LOOP('',(#286,#287,#288,#311,#339,#368));
#286 = ORIENTED_EDGE('',*,*,#263,.T.);
#287 = ORIENTED_EDGE('',*,*,#112,.T.);
#288 = ORIENTED_EDGE('',*,*,#289,.T.);
#289 = EDGE_CURVE('',#85,#290,#292,.T.);
#290 = VERTEX_POINT('',#291);
#291 = CARTESIAN_POINT('',(72.,58.,24.));
#292 = SURFACE_CURVE('',#293,(#297,#304),.PCURVE_S1.);
#293 = LINE('',#294,#295);
#294 = CARTESIAN_POINT('',(78.,58.,10.));
#295 = VECTOR('',#296,1.);
#296 = DIRECTION('',(-0.393919298579,0.,0.919145030018));
#297 = PCURVE('',#126,#298);
#298 = DEFINITIONAL_REPRESENTATION('',(#299),#303);
#299 = LINE('',#300,#301);
#300 = CARTESIAN_POINT('',(27.812083509632,28.));
#301 = VECTOR('',#302,1.);
#302 = DIRECTION('',(-0.919145030018,-0.393919298579));
#303 = ( GEOMETRIC_REPRESENTATION_CONTEXT(2) 
PARAMETRIC_REPRESENTATION_CONTEXT() REPRESENTATION_CONTEXT('2D SPACE',''
  ) );
#304 = PCURVE('',#100,#305);
#305 = DEFINITIONAL_REPRESENTATION('',(#306),#310);
#306 = LINE('',#307,#308);
#307 = CARTESIAN_POINT('',(0.,0.));
#308 = VECTOR('',#309,1.);
#309 = DIRECTION('',(1.,0.));
#310 = ( GEOMETRIC_REPRESENTATION_CONTEXT(2) 
PARAMETRIC_REPRESENTATION_CONTEXT() REPRESENTATION_CONTEXT('2D SPACE',''
  ) );
#311 = ORIENTED_EDGE('',*,*,#312,.T.);
#312 = EDGE_CURVE('',#290,#313,#315,.T.);
#313 = VERTEX_POINT('',#314);
#314 = CARTESIAN_POINT('',(64.249045435687,58.,53.066079616172));
#315 = SURFACE_CURVE('',#316,(#320,#327),.PCURVE_S1.);
#316 = LINE('',#317,#318);
#317 = CARTESIAN_POINT('',(72.,58.,24.));
#318 = VECTOR('',#319,1.);
#319 = DIRECTION('',(-0.25766265056,0.,0.966234939601));
#320 = PCURVE('',#126,#321);
#321 = DEFINITIONAL_REPRESENTATION('',(#322),#326);
#322 = LINE('',#323,#324);
#323 = CARTESIAN_POINT('',(13.812083509632,22.));
#324 = VECTOR('',#325,1.);
#325 = DIRECTION('',(-0.966234939601,-0.25766265056));
#326 = ( GEOMETRIC_REPRESENTATION_CONTEXT(2) 
PARAMETRIC_REPRESENTATION_CONTEXT() REPRESENTATION_CONTEXT('2D SPACE',''
  ) );
#327 = PCURVE('',#328,#333);
#328 = PLANE('',#329);
#329 = AXIS2_PLACEMENT_3D('',#330,#331,#332);
#330 = CARTESIAN_POINT('',(72.,58.,24.));
#331 = DIRECTION('',(0.966234939601,0.,0.25766265056));
#332 = DIRECTION('',(-0.25766265056,0.,0.966234939601));
#333 = DEFINITIONAL_REPRESENTATION('',(#334),#338);
#334 = LINE('',#335,#336);
#335 = CARTESIAN_POINT('',(0.,0.));
#336 = VECTOR('',#337,1.);
#337 = DIRECTION('',(1.,0.));
#338 = ( GEOMETRIC_REPRESENTATION_CONTEXT(2) 
PARAMETRIC_REPRESENTATION_CONTEXT() REPRESENTATION_CONTEXT('2D SPACE',''
  ) );
#339 = ORIENTED_EDGE('',*,*,#340,.T.);
#340 = EDGE_CURVE('',#313,#341,#343,.T.);
#341 = VERTEX_POINT('',#342);
#342 = CARTESIAN_POINT('',(35.750954564313,58.,53.066079616172));
#343 = SURFACE_CURVE('',#344,(#349,#356),.PCURVE_S1.);
#344 = CIRCLE('',#345,27.);
#345 = AXIS2_PLACEMENT_3D('',#346,#347,#348);
#346 = CARTESIAN_POINT('',(50.,58.,76.));
#347 = DIRECTION('',(0.,-1.,0.));
#348 = DIRECTION('',(0.527742423544,0.,-0.84940445866));
#349 = PCURVE('',#126,#350);
#350 = DEFINITIONAL_REPRESENTATION('',(#351),#355);
#351 = CIRCLE('',#352,27.);
#352 = AXIS2_PLACEMENT_2D('',#353,#354);
#353 = CARTESIAN_POINT('',(-38.18791649036,-1.42108547152E-14));
#354 = DIRECTION('',(0.84940445866,0.527742423544));
#355 = ( GEOMETRIC_REPRESENTATION_CONTEXT(2) 
PARAMETRIC_REPRESENTATION_CONTEXT() REPRESENTATION_CONTEXT('2D SPACE',''
  ) );
#356 = PCURVE('',#357,#362);
#357 = CYLINDRICAL_SURFACE('',#358,27.);
#358 = AXIS2_PLACEMENT_3D('',#359,#360,#361);
#359 = CARTESIAN_POINT('',(50.,58.,76.));
#360 = DIRECTION('',(0.,1.,0.));
#361 = DIRECTION('',(0.,-0.,1.));
#362 = DEFINITIONAL_REPRESENTATION('',(#363),#367);
#363 = LINE('',#364,#365);
#364 = CARTESIAN_POINT('',(8.868837431165,0.));
#365 = VECTOR('',#366,1.);
#366 = DIRECTION('',(-1.,-0.));
#367 = ( GEOMETRIC_REPRESENTATION_CONTEXT(2) 
PARAMETRIC_REPRESENTATION_CONTEXT() REPRESENTATION_CONTEXT('2D SPACE',''
  ) );
#368 = ORIENTED_EDGE('',*,*,#369,.T.);
#369 = EDGE_CURVE('',#341,#212,#370,.T.);
#370 = SURFACE_CURVE('',#371,(#375,#382),.PCURVE_S1.);
#371 = LINE('',#372,#373);
#372 = CARTESIAN_POINT('',(36.,58.,54.));
#373 = VECTOR('',#374,1.);
#374 = DIRECTION('',(-0.25766265056,0.,-0.966234939601));
#375 = PCURVE('',#126,#376);
#376 = DEFINITIONAL_REPRESENTATION('',(#377),#381);
#377 = LINE('',#378,#379);
#378 = CARTESIAN_POINT('',(-16.18791649036,-14.));
#379 = VECTOR('',#380,1.);
#380 = DIRECTION('',(0.966234939601,-0.25766265056));
#381 = ( GEOMETRIC_REPRESENTATION_CONTEXT(2) 
PARAMETRIC_REPRESENTATION_CONTEXT() REPRESENTATION_CONTEXT('2D SPACE',''
  ) );
#382 = PCURVE('',#229,#383);
#383 = DEFINITIONAL_REPRESENTATION('',(#384),#388);
#384 = LINE('',#385,#386);
#385 = CARTESIAN_POINT('',(0.,0.));
#386 = VECTOR('',#387,1.);
#387 = DIRECTION('',(1.,0.));
#388 = ( GEOMETRIC_REPRESENTATION_CONTEXT(2) 
PARAMETRIC_REPRESENTATION_CONTEXT() REPRESENTATION_CONTEXT('2D SPACE',''
  ) );
#389 = FACE_BOUND('',#390,.T.);
#390 = EDGE_LOOP('',(#391));
#391 = ORIENTED_EDGE('',*,*,#392,.T.);
#392 = EDGE_CURVE('',#393,#393,#395,.T.);
#393 = VERTEX_POINT('',#394);
#394 = CARTESIAN_POINT('',(50.,58.,80.3));
#395 = SURFACE_CURVE('',#396,(#401,#412),.PCURVE_S1.);
#396 = CIRCLE('',#397,4.3);
#397 = AXIS2_PLACEMENT_3D('',#398,#399,#400);
#398 = CARTESIAN_POINT('',(50.,58.,76.));
#399 = DIRECTION('',(0.,1.,0.));
#400 = DIRECTION('',(0.,-0.,1.));
#401 = PCURVE('',#126,#402);
#402 = DEFINITIONAL_REPRESENTATION('',(#403),#411);
#403 = ( BOUNDED_CURVE() B_SPLINE_CURVE(2,(#404,#405,#406,#407,#408,#409
,#410),.UNSPECIFIED.,.T.,.F.) B_SPLINE_CURVE_WITH_KNOTS((1,2,2,2,2,1),(
    -2.094395102393,0.,2.094395102393,4.188790204786,6.28318530718,
8.377580409573),.UNSPECIFIED.) CURVE() GEOMETRIC_REPRESENTATION_ITEM() 
RATIONAL_B_SPLINE_CURVE((1.,0.5,1.,0.5,1.,0.5,1.)) REPRESENTATION_ITEM(
  '') );
#404 = CARTESIAN_POINT('',(-42.48791649036,-1.42108547152E-14));
#405 = CARTESIAN_POINT('',(-42.48791649036,7.447818472546));
#406 = CARTESIAN_POINT('',(-36.03791649036,3.723909236273));
#407 = CARTESIAN_POINT('',(-29.58791649036,-1.315765846794E-14));
#408 = CARTESIAN_POINT('',(-36.03791649036,-3.723909236273));
#409 = CARTESIAN_POINT('',(-42.48791649036,-7.447818472546));
#410 = CARTESIAN_POINT('',(-42.48791649036,-1.42108547152E-14));
#411 = ( GEOMETRIC_REPRESENTATION_CONTEXT(2) 
PARAMETRIC_REPRESENTATION_CONTEXT() REPRESENTATION_CONTEXT('2D SPACE',''
  ) );
#412 = PCURVE('',#413,#418);
#413 = CYLINDRICAL_SURFACE('',#414,4.3);
#414 = AXIS2_PLACEMENT_3D('',#415,#416,#417);
#415 = CARTESIAN_POINT('',(50.,57.9,76.));
#416 = DIRECTION('',(0.,1.,0.));
#417 = DIRECTION('',(0.,-0.,1.));
#418 = DEFINITIONAL_REPRESENTATION('',(#419),#423);
#419 = LINE('',#420,#421);
#420 = CARTESIAN_POINT('',(0.,0.1));
#421 = VECTOR('',#422,1.);
#422 = DIRECTION('',(1.,0.));
#423 = ( GEOMETRIC_REPRESENTATION_CONTEXT(2) 
PARAMETRIC_REPRESENTATION_CONTEXT() REPRESENTATION_CONTEXT('2D SPACE',''
  ) );
#424 = FACE_BOUND('',#425,.T.);
#425 = EDGE_LOOP('',(#426));
#426 = ORIENTED_EDGE('',*,*,#427,.T.);
#427 = EDGE_CURVE('',#428,#428,#430,.T.);
#428 = VERTEX_POINT('',#429);
#429 = CARTESIAN_POINT('',(66.,58.,28.25));
#430 = SURFACE_CURVE('',#431,(#436,#447),.PCURVE_S1.);
#431 = CIRCLE('',#432,2.25);
#432 = AXIS2_PLACEMENT_3D('',#433,#434,#435);
#433 = CARTESIAN_POINT('',(66.,58.,26.));
#434 = DIRECTION('',(0.,1.,0.));
#435 = DIRECTION('',(0.,-0.,1.));
#436 = PCURVE('',#126,#437);
#437 = DEFINITIONAL_REPRESENTATION('',(#438),#446);
#438 = ( BOUNDED_CURVE() B_SPLINE_CURVE(2,(#439,#440,#441,#442,#443,#444
,#445),.UNSPECIFIED.,.T.,.F.) B_SPLINE_CURVE_WITH_KNOTS((1,2,2,2,2,1),(
    -2.094395102393,0.,2.094395102393,4.188790204786,6.28318530718,
8.377580409573),.UNSPECIFIED.) CURVE() GEOMETRIC_REPRESENTATION_ITEM() 
RATIONAL_B_SPLINE_CURVE((1.,0.5,1.,0.5,1.,0.5,1.)) REPRESENTATION_ITEM(
  '') );
#439 = CARTESIAN_POINT('',(9.562083509632,16.));
#440 = CARTESIAN_POINT('',(9.562083509632,19.89711431703));
#441 = CARTESIAN_POINT('',(12.937083509632,17.948557158515));
#442 = CARTESIAN_POINT('',(16.312083509632,16.));
#443 = CARTESIAN_POINT('',(12.937083509632,14.051442841485));
#444 = CARTESIAN_POINT('',(9.562083509632,12.10288568297));
#445 = CARTESIAN_POINT('',(9.562083509632,16.));
#446 = ( GEOMETRIC_REPRESENTATION_CONTEXT(2) 
PARAMETRIC_REPRESENTATION_CONTEXT() REPRESENTATION_CONTEXT('2D SPACE',''
  ) );
#447 = PCURVE('',#448,#453);
#448 = CYLINDRICAL_SURFACE('',#449,2.25);
#449 = AXIS2_PLACEMENT_3D('',#450,#451,#452);
#450 = CARTESIAN_POINT('',(66.,57.9,26.));
#451 = DIRECTION('',(0.,1.,0.));
#452 = DIRECTION('',(0.,-0.,1.));
#453 = DEFINITIONAL_REPRESENTATION('',(#454),#458);
#454 = LINE('',#455,#456);
#455 = CARTESIAN_POINT('',(0.,0.1));
#456 = VECTOR('',#457,1.);
#457 = DIRECTION('',(1.,0.));
#458 = ( GEOMETRIC_REPRESENTATION_CONTEXT(2) 
PARAMETRIC_REPRESENTATION_CONTEXT() REPRESENTATION_CONTEXT('2D SPACE',''
  ) );
#459 = FACE_BOUND('',#460,.T.);
#460 = EDGE_LOOP('',(#461));
#461 = ORIENTED_EDGE('',*,*,#462,.T.);
#462 = EDGE_CURVE('',#463,#463,#465,.T.);
#463 = VERTEX_POINT('',#464);
#464 = CARTESIAN_POINT('',(66.,58.,20.25));
#465 = SURFACE_CURVE('',#466,(#471,#482),.PCURVE_S1.);
#466 = CIRCLE('',#467,2.25);
#467 = AXIS2_PLACEMENT_3D('',#468,#469,#470);
#468 = CARTESIAN_POINT('',(66.,58.,18.));
#469 = DIRECTION('',(0.,1.,0.));
#470 = DIRECTION('',(0.,-0.,1.));
#471 = PCURVE('',#126,#472);
#472 = DEFINITIONAL_REPRESENTATION('',(#473),#481);
#473 = ( BOUNDED_CURVE() B_SPLINE_CURVE(2,(#474,#475,#476,#477,#478,#479
,#480),.UNSPECIFIED.,.T.,.F.) B_SPLINE_CURVE_WITH_KNOTS((1,2,2,2,2,1),(
    -2.094395102393,0.,2.094395102393,4.188790204786,6.28318530718,
8.377580409573),.UNSPECIFIED.) CURVE() GEOMETRIC_REPRESENTATION_ITEM() 
RATIONAL_B_SPLINE_CURVE((1.,0.5,1.,0.5,1.,0.5,1.)) REPRESENTATION_ITEM(
  '') );
#474 = CARTESIAN_POINT('',(17.562083509632,16.));
#475 = CARTESIAN_POINT('',(17.562083509632,19.89711431703));
#476 = CARTESIAN_POINT('',(20.937083509632,17.948557158515));
#477 = CARTESIAN_POINT('',(24.312083509632,16.));
#478 = CARTESIAN_POINT('',(20.937083509632,14.051442841485));
#479 = CARTESIAN_POINT('',(17.562083509632,12.10288568297));
#480 = CARTESIAN_POINT('',(17.562083509632,16.));
#481 = ( GEOMETRIC_REPRESENTATION_CONTEXT(2) 
PARAMETRIC_REPRESENTATION_CONTEXT() REPRESENTATION_CONTEXT('2D SPACE',''
  ) );
#482 = PCURVE('',#483,#488);
#483 = CYLINDRICAL_SURFACE('',#484,2.25);
#484 = AXIS2_PLACEMENT_3D('',#485,#486,#487);
#485 = CARTESIAN_POINT('',(66.,57.9,18.));
#486 = DIRECTION('',(0.,1.,0.));
#487 = DIRECTION('',(0.,-0.,1.));
#488 = DEFINITIONAL_REPRESENTATION('',(#489),#493);
#489 = LINE('',#490,#491);
#490 = CARTESIAN_POINT('',(0.,0.1));
#491 = VECTOR('',#492,1.);
#492 = DIRECTION('',(1.,0.));
#493 = ( GEOMETRIC_REPRESENTATION_CONTEXT(2) 
PARAMETRIC_REPRESENTATION_CONTEXT() REPRESENTATION_CONTEXT('2D SPACE',''
  ) );
#494 = ADVANCED_FACE('',(#495,#594,#624,#654),#72,.F.);
#495 = FACE_BOUND('',#496,.F.);
#496 = EDGE_LOOP('',(#497,#498,#499,#522,#545,#573));
#497 = ORIENTED_EDGE('',*,*,#241,.T.);
#498 = ORIENTED_EDGE('',*,*,#56,.T.);
#499 = ORIENTED_EDGE('',*,*,#500,.T.);
#500 = EDGE_CURVE('',#57,#501,#503,.T.);
#501 = VERTEX_POINT('',#502);
#502 = CARTESIAN_POINT('',(72.,76.,24.));
#503 = SURFACE_CURVE('',#504,(#508,#515),.PCURVE_S1.);
#504 = LINE('',#505,#506);
#505 = CARTESIAN_POINT('',(78.,76.,10.));
#506 = VECTOR('',#507,1.);
#507 = DIRECTION('',(-0.393919298579,0.,0.919145030018));
#508 = PCURVE('',#72,#509);
#509 = DEFINITIONAL_REPRESENTATION('',(#510),#514);
#510 = LINE('',#511,#512);
#511 = CARTESIAN_POINT('',(27.812083509632,28.));
#512 = VECTOR('',#513,1.);
#513 = DIRECTION('',(-0.919145030018,-0.393919298579));
#514 = ( GEOMETRIC_REPRESENTATION_CONTEXT(2) 
PARAMETRIC_REPRESENTATION_CONTEXT() REPRESENTATION_CONTEXT('2D SPACE',''
  ) );
#515 = PCURVE('',#100,#516);
#516 = DEFINITIONAL_REPRESENTATION('',(#517),#521);
#517 = LINE('',#518,#519);
#518 = CARTESIAN_POINT('',(0.,-18.));
#519 = VECTOR('',#520,1.);
#520 = DIRECTION('',(1.,0.));
#521 = ( GEOMETRIC_REPRESENTATION_CONTEXT(2) 
PARAMETRIC_REPRESENTATION_CONTEXT() REPRESENTATION_CONTEXT('2D SPACE',''
  ) );
#522 = ORIENTED_EDGE('',*,*,#523,.T.);
#523 = EDGE_CURVE('',#501,#524,#526,.T.);
#524 = VERTEX_POINT('',#525);
#525 = CARTESIAN_POINT('',(64.249045435687,76.,53.066079616172));
#526 = SURFACE_CURVE('',#527,(#531,#538),.PCURVE_S1.);
#527 = LINE('',#528,#529);
#528 = CARTESIAN_POINT('',(72.,76.,24.));
#529 = VECTOR('',#530,1.);
#530 = DIRECTION('',(-0.25766265056,0.,0.966234939601));
#531 = PCURVE('',#72,#532);
#532 = DEFINITIONAL_REPRESENTATION('',(#533),#537);
#533 = LINE('',#534,#535);
#534 = CARTESIAN_POINT('',(13.812083509632,22.));
#535 = VECTOR('',#536,1.);
#536 = DIRECTION('',(-0.966234939601,-0.25766265056));
#537 = ( GEOMETRIC_REPRESENTATION_CONTEXT(2) 
PARAMETRIC_REPRESENTATION_CONTEXT() REPRESENTATION_CONTEXT('2D SPACE',''
  ) );
#538 = PCURVE('',#328,#539);
#539 = DEFINITIONAL_REPRESENTATION('',(#540),#544);
#540 = LINE('',#541,#542);
#541 = CARTESIAN_POINT('',(0.,-18.));
#542 = VECTOR('',#543,1.);
#543 = DIRECTION('',(1.,0.));
#544 = ( GEOMETRIC_REPRESENTATION_CONTEXT(2) 
PARAMETRIC_REPRESENTATION_CONTEXT() REPRESENTATION_CONTEXT('2D SPACE',''
  ) );
#545 = ORIENTED_EDGE('',*,*,#546,.F.);
#546 = EDGE_CURVE('',#547,#524,#549,.T.);
#547 = VERTEX_POINT('',#548);
#548 = CARTESIAN_POINT('',(35.750954564313,76.,53.066079616172));
#549 = SURFACE_CURVE('',#550,(#555,#566),.PCURVE_S1.);
#550 = CIRCLE('',#551,27.);
#551 = AXIS2_PLACEMENT_3D('',#552,#553,#554);
#552 = CARTESIAN_POINT('',(50.,76.,76.));
#553 = DIRECTION('',(0.,1.,0.));
#554 = DIRECTION('',(-0.527742423544,0.,-0.84940445866));
#555 = PCURVE('',#72,#556);
#556 = DEFINITIONAL_REPRESENTATION('',(#557),#565);
#557 = ( BOUNDED_CURVE() B_SPLINE_CURVE(2,(#558,#559,#560,#561,#562,#563
,#564),.UNSPECIFIED.,.T.,.F.) B_SPLINE_CURVE_WITH_KNOTS((1,2,2,2,2,1),(
    -2.094395102393,0.,2.094395102393,4.188790204786,6.28318530718,
8.377580409573),.UNSPECIFIED.) CURVE() GEOMETRIC_REPRESENTATION_ITEM() 
RATIONAL_B_SPLINE_CURVE((1.,0.5,1.,0.5,1.,0.5,1.)) REPRESENTATION_ITEM(
  '') );
#558 = CARTESIAN_POINT('',(-15.25399610654,-14.24904543568));
#559 = CARTESIAN_POINT('',(-39.9340667605,-53.97176075721));
#560 = CARTESIAN_POINT('',(-61.99491200926,-12.73683494292));
#561 = CARTESIAN_POINT('',(-84.05575725802,28.498090871373));
#562 = CARTESIAN_POINT('',(-37.31484135529,26.985880378608));
#563 = CARTESIAN_POINT('',(9.426074547426,25.473669885842));
#564 = CARTESIAN_POINT('',(-15.25399610654,-14.24904543568));
#565 = ( GEOMETRIC_REPRESENTATION_CONTEXT(2) 
PARAMETRIC_REPRESENTATION_CONTEXT() REPRESENTATION_CONTEXT('2D SPACE',''
  ) );
#566 = PCURVE('',#357,#567);
#567 = DEFINITIONAL_REPRESENTATION('',(#568),#572);
#568 = LINE('',#569,#570);
#569 = CARTESIAN_POINT('',(3.697533183194,18.));
#570 = VECTOR('',#571,1.);
#571 = DIRECTION('',(1.,0.));
#572 = ( GEOMETRIC_REPRESENTATION_CONTEXT(2) 
PARAMETRIC_REPRESENTATION_CONTEXT() REPRESENTATION_CONTEXT('2D SPACE',''
  ) );
#573 = ORIENTED_EDGE('',*,*,#574,.T.);
#574 = EDGE_CURVE('',#547,#214,#575,.T.);
#575 = SURFACE_CURVE('',#576,(#580,#587),.PCURVE_S1.);
#576 = LINE('',#577,#578);
#577 = CARTESIAN_POINT('',(36.,76.,54.));
#578 = VECTOR('',#579,1.);
#579 = DIRECTION('',(-0.25766265056,0.,-0.966234939601));
#580 = PCURVE('',#72,#581);
#581 = DEFINITIONAL_REPRESENTATION('',(#582),#586);
#582 = LINE('',#583,#584);
#583 = CARTESIAN_POINT('',(-16.18791649036,-14.));
#584 = VECTOR('',#585,1.);
#585 = DIRECTION('',(0.966234939601,-0.25766265056));
#586 = ( GEOMETRIC_REPRESENTATION_CONTEXT(2) 
PARAMETRIC_REPRESENTATION_CONTEXT() REPRESENTATION_CONTEXT('2D SPACE',''
  ) );
#587 = PCURVE('',#229,#588);
#588 = DEFINITIONAL_REPRESENTATION('',(#589),#593);
#589 = LINE('',#590,#591);
#590 = CARTESIAN_POINT('',(0.,-18.));
#591 = VECTOR('',#592,1.);
#592 = DIRECTION('',(1.,0.));
#593 = ( GEOMETRIC_REPRESENTATION_CONTEXT(2) 
PARAMETRIC_REPRESENTATION_CONTEXT() REPRESENTATION_CONTEXT('2D SPACE',''
  ) );
#594 = FACE_BOUND('',#595,.F.);
#595 = EDGE_LOOP('',(#596));
#596 = ORIENTED_EDGE('',*,*,#597,.T.);
#597 = EDGE_CURVE('',#598,#598,#600,.T.);
#598 = VERTEX_POINT('',#599);
#599 = CARTESIAN_POINT('',(50.,76.,80.3));
#600 = SURFACE_CURVE('',#601,(#606,#617),.PCURVE_S1.);
#601 = CIRCLE('',#602,4.3);
#602 = AXIS2_PLACEMENT_3D('',#603,#604,#605);
#603 = CARTESIAN_POINT('',(50.,76.,76.));
#604 = DIRECTION('',(0.,1.,0.));
#605 = DIRECTION('',(0.,-0.,1.));
#606 = PCURVE('',#72,#607);
#607 = DEFINITIONAL_REPRESENTATION('',(#608),#616);
#608 = ( BOUNDED_CURVE() B_SPLINE_CURVE(2,(#609,#610,#611,#612,#613,#614
,#615),.UNSPECIFIED.,.T.,.F.) B_SPLINE_CURVE_WITH_KNOTS((1,2,2,2,2,1),(
    -2.094395102393,0.,2.094395102393,4.188790204786,6.28318530718,
8.377580409573),.UNSPECIFIED.) CURVE() GEOMETRIC_REPRESENTATION_ITEM() 
RATIONAL_B_SPLINE_CURVE((1.,0.5,1.,0.5,1.,0.5,1.)) REPRESENTATION_ITEM(
  '') );
#609 = CARTESIAN_POINT('',(-42.48791649036,-1.42108547152E-14));
#610 = CARTESIAN_POINT('',(-42.48791649036,7.447818472546));
#611 = CARTESIAN_POINT('',(-36.03791649036,3.723909236273));
#612 = CARTESIAN_POINT('',(-29.58791649036,-1.315765846794E-14));
#613 = CARTESIAN_POINT('',(-36.03791649036,-3.723909236273));
#614 = CARTESIAN_POINT('',(-42.48791649036,-7.447818472546));
#615 = CARTESIAN_POINT('',(-42.48791649036,-1.42108547152E-14));
#616 = ( GEOMETRIC_REPRESENTATION_CONTEXT(2) 
PARAMETRIC_REPRESENTATION_CONTEXT() REPRESENTATION_CONTEXT('2D SPACE',''
  ) );
#617 = PCURVE('',#413,#618);
#618 = DEFINITIONAL_REPRESENTATION('',(#619),#623);
#619 = LINE('',#620,#621);
#620 = CARTESIAN_POINT('',(0.,18.1));
#621 = VECTOR('',#622,1.);
#622 = DIRECTION('',(1.,0.));
#623 = ( GEOMETRIC_REPRESENTATION_CONTEXT(2) 
PARAMETRIC_REPRESENTATION_CONTEXT() REPRESENTATION_CONTEXT('2D SPACE',''
  ) );
#624 = FACE_BOUND('',#625,.F.);
#625 = EDGE_LOOP('',(#626));
#626 = ORIENTED_EDGE('',*,*,#627,.T.);
#627 = EDGE_CURVE('',#628,#628,#630,.T.);
#628 = VERTEX_POINT('',#629);
#629 = CARTESIAN_POINT('',(66.,76.,28.25));
#630 = SURFACE_CURVE('',#631,(#636,#647),.PCURVE_S1.);
#631 = CIRCLE('',#632,2.25);
#632 = AXIS2_PLACEMENT_3D('',#633,#634,#635);
#633 = CARTESIAN_POINT('',(66.,76.,26.));
#634 = DIRECTION('',(0.,1.,0.));
#635 = DIRECTION('',(0.,-0.,1.));
#636 = PCURVE('',#72,#637);
#637 = DEFINITIONAL_REPRESENTATION('',(#638),#646);
#638 = ( BOUNDED_CURVE() B_SPLINE_CURVE(2,(#639,#640,#641,#642,#643,#644
,#645),.UNSPECIFIED.,.T.,.F.) B_SPLINE_CURVE_WITH_KNOTS((1,2,2,2,2,1),(
    -2.094395102393,0.,2.094395102393,4.188790204786,6.28318530718,
8.377580409573),.UNSPECIFIED.) CURVE() GEOMETRIC_REPRESENTATION_ITEM() 
RATIONAL_B_SPLINE_CURVE((1.,0.5,1.,0.5,1.,0.5,1.)) REPRESENTATION_ITEM(
  '') );
#639 = CARTESIAN_POINT('',(9.562083509632,16.));
#640 = CARTESIAN_POINT('',(9.562083509632,19.89711431703));
#641 = CARTESIAN_POINT('',(12.937083509632,17.948557158515));
#642 = CARTESIAN_POINT('',(16.312083509632,16.));
#643 = CARTESIAN_POINT('',(12.937083509632,14.051442841485));
#644 = CARTESIAN_POINT('',(9.562083509632,12.10288568297));
#645 = CARTESIAN_POINT('',(9.562083509632,16.));
#646 = ( GEOMETRIC_REPRESENTATION_CONTEXT(2) 
PARAMETRIC_REPRESENTATION_CONTEXT() REPRESENTATION_CONTEXT('2D SPACE',''
  ) );
#647 = PCURVE('',#448,#648);
#648 = DEFINITIONAL_REPRESENTATION('',(#649),#653);
#649 = LINE('',#650,#651);
#650 = CARTESIAN_POINT('',(0.,18.1));
#651 = VECTOR('',#652,1.);
#652 = DIRECTION('',(1.,0.));
#653 = ( GEOMETRIC_REPRESENTATION_CONTEXT(2) 
PARAMETRIC_REPRESENTATION_CONTEXT() REPRESENTATION_CONTEXT('2D SPACE',''
  ) );
#654 = FACE_BOUND('',#655,.F.);
#655 = EDGE_LOOP('',(#656));
#656 = ORIENTED_EDGE('',*,*,#657,.T.);
#657 = EDGE_CURVE('',#658,#658,#660,.T.);
#658 = VERTEX_POINT('',#659);
#659 = CARTESIAN_POINT('',(66.,76.,20.25));
#660 = SURFACE_CURVE('',#661,(#666,#677),.PCURVE_S1.);
#661 = CIRCLE('',#662,2.25);
#662 = AXIS2_PLACEMENT_3D('',#663,#664,#665);
#663 = CARTESIAN_POINT('',(66.,76.,18.));
#664 = DIRECTION('',(0.,1.,0.));
#665 = DIRECTION('',(0.,-0.,1.));
#666 = PCURVE('',#72,#667);
#667 = DEFINITIONAL_REPRESENTATION('',(#668),#676);
#668 = ( BOUNDED_CURVE() B_SPLINE_CURVE(2,(#669,#670,#671,#672,#673,#674
,#675),.UNSPECIFIED.,.T.,.F.) B_SPLINE_CURVE_WITH_KNOTS((1,2,2,2,2,1),(
    -2.094395102393,0.,2.094395102393,4.188790204786,6.28318530718,
8.377580409573),.UNSPECIFIED.) CURVE() GEOMETRIC_REPRESENTATION_ITEM() 
RATIONAL_B_SPLINE_CURVE((1.,0.5,1.,0.5,1.,0.5,1.)) REPRESENTATION_ITEM(
  '') );
#669 = CARTESIAN_POINT('',(17.562083509632,16.));
#670 = CARTESIAN_POINT('',(17.562083509632,19.89711431703));
#671 = CARTESIAN_POINT('',(20.937083509632,17.948557158515));
#672 = CARTESIAN_POINT('',(24.312083509632,16.));
#673 = CARTESIAN_POINT('',(20.937083509632,14.051442841485));
#674 = CARTESIAN_POINT('',(17.562083509632,12.10288568297));
#675 = CARTESIAN_POINT('',(17.562083509632,16.));
#676 = ( GEOMETRIC_REPRESENTATION_CONTEXT(2) 
PARAMETRIC_REPRESENTATION_CONTEXT() REPRESENTATION_CONTEXT('2D SPACE',''
  ) );
#677 = PCURVE('',#483,#678);
#678 = DEFINITIONAL_REPRESENTATION('',(#679),#683);
#679 = LINE('',#680,#681);
#680 = CARTESIAN_POINT('',(0.,18.1));
#681 = VECTOR('',#682,1.);
#682 = DIRECTION('',(1.,0.));
#683 = ( GEOMETRIC_REPRESENTATION_CONTEXT(2) 
PARAMETRIC_REPRESENTATION_CONTEXT() REPRESENTATION_CONTEXT('2D SPACE',''
  ) );
#684 = ADVANCED_FACE('',(#685),#100,.T.);
#685 = FACE_BOUND('',#686,.T.);
#686 = EDGE_LOOP('',(#687,#688,#689,#710));
#687 = ORIENTED_EDGE('',*,*,#84,.T.);
#688 = ORIENTED_EDGE('',*,*,#500,.T.);
#689 = ORIENTED_EDGE('',*,*,#690,.F.);
#690 = EDGE_CURVE('',#290,#501,#691,.T.);
#691 = SURFACE_CURVE('',#692,(#696,#703),.PCURVE_S1.);
#692 = LINE('',#693,#694);
#693 = CARTESIAN_POINT('',(72.,58.,24.));
#694 = VECTOR('',#695,1.);
#695 = DIRECTION('',(-0.,1.,-0.));
#696 = PCURVE('',#100,#697);
#697 = DEFINITIONAL_REPRESENTATION('',(#698),#702);
#698 = LINE('',#699,#700);
#699 = CARTESIAN_POINT('',(15.231546211728,0.));
#700 = VECTOR('',#701,1.);
#701 = DIRECTION('',(0.,-1.));
#702 = ( GEOMETRIC_REPRESENTATION_CONTEXT(2) 
PARAMETRIC_REPRESENTATION_CONTEXT() REPRESENTATION_CONTEXT('2D SPACE',''
  ) );
#703 = PCURVE('',#328,#704);
#704 = DEFINITIONAL_REPRESENTATION('',(#705),#709);
#705 = LINE('',#706,#707);
#706 = CARTESIAN_POINT('',(0.,0.));
#707 = VECTOR('',#708,1.);
#708 = DIRECTION('',(0.,-1.));
#709 = ( GEOMETRIC_REPRESENTATION_CONTEXT(2) 
PARAMETRIC_REPRESENTATION_CONTEXT() REPRESENTATION_CONTEXT('2D SPACE',''
  ) );
#710 = ORIENTED_EDGE('',*,*,#289,.F.);
#711 = ADVANCED_FACE('',(#712),#161,.F.);
#712 = FACE_BOUND('',#713,.F.);
#713 = EDGE_LOOP('',(#714,#737,#764,#765));
#714 = ORIENTED_EDGE('',*,*,#715,.T.);
#715 = EDGE_CURVE('',#141,#716,#718,.T.);
#716 = VERTEX_POINT('',#717);
#717 = CARTESIAN_POINT('',(35.3,67.,23.9));
#718 = SEAM_CURVE('',#719,(#723,#730),.PCURVE_S1.);
#719 = LINE('',#720,#721);
#720 = CARTESIAN_POINT('',(35.3,67.,9.9));
#721 = VECTOR('',#722,1.);
#722 = DIRECTION('',(0.,0.,1.));
#723 = PCURVE('',#161,#724);
#724 = DEFINITIONAL_REPRESENTATION('',(#725),#729);
#725 = LINE('',#726,#727);
#726 = CARTESIAN_POINT('',(6.28318530718,-0.));
#727 = VECTOR('',#728,1.);
#728 = DIRECTION('',(0.,1.));
#729 = ( GEOMETRIC_REPRESENTATION_CONTEXT(2) 
PARAMETRIC_REPRESENTATION_CONTEXT() REPRESENTATION_CONTEXT('2D SPACE',''
  ) );
#730 = PCURVE('',#161,#731);
#731 = DEFINITIONAL_REPRESENTATION('',(#732),#736);
#732 = LINE('',#733,#734);
#733 = CARTESIAN_POINT('',(0.,-0.));
#734 = VECTOR('',#735,1.);
#735 = DIRECTION('',(0.,1.));
#736 = ( GEOMETRIC_REPRESENTATION_CONTEXT(2) 
PARAMETRIC_REPRESENTATION_CONTEXT() REPRESENTATION_CONTEXT('2D SPACE',''
  ) );
#737 = ORIENTED_EDGE('',*,*,#738,.F.);
#738 = EDGE_CURVE('',#716,#716,#739,.T.);
#739 = SURFACE_CURVE('',#740,(#745,#752),.PCURVE_S1.);
#740 = CIRCLE('',#741,3.3);
#741 = AXIS2_PLACEMENT_3D('',#742,#743,#744);
#742 = CARTESIAN_POINT('',(32.,67.,23.9));
#743 = DIRECTION('',(0.,0.,1.));
#744 = DIRECTION('',(1.,0.,-0.));
#745 = PCURVE('',#161,#746);
#746 = DEFINITIONAL_REPRESENTATION('',(#747),#751);
#747 = LINE('',#748,#749);
#748 = CARTESIAN_POINT('',(0.,14.));
#749 = VECTOR('',#750,1.);
#750 = DIRECTION('',(1.,0.));
#751 = ( GEOMETRIC_REPRESENTATION_CONTEXT(2) 
PARAMETRIC_REPRESENTATION_CONTEXT() REPRESENTATION_CONTEXT('2D SPACE',''
  ) );
#752 = PCURVE('',#753,#758);
#753 = PLANE('',#754);
#754 = AXIS2_PLACEMENT_3D('',#755,#756,#757);
#755 = CARTESIAN_POINT('',(32.,67.,23.9));
#756 = DIRECTION('',(0.,0.,1.));
#757 = DIRECTION('',(1.,0.,-0.));
#758 = DEFINITIONAL_REPRESENTATION('',(#759),#763);
#759 = CIRCLE('',#760,3.3);
#760 = AXIS2_PLACEMENT_2D('',#761,#762);
#761 = CARTESIAN_POINT('',(0.,0.));
#762 = DIRECTION('',(1.,0.));
#763 = ( GEOMETRIC_REPRESENTATION_CONTEXT(2) 
PARAMETRIC_REPRESENTATION_CONTEXT() REPRESENTATION_CONTEXT('2D SPACE',''
  ) );
#764 = ORIENTED_EDGE('',*,*,#715,.F.);
#765 = ORIENTED_EDGE('',*,*,#140,.T.);
#766 = ADVANCED_FACE('',(#767,#974),#196,.F.);
#767 = FACE_BOUND('',#768,.F.);
#768 = EDGE_LOOP('',(#769,#792,#793,#794,#823,#873,#902,#952));
#769 = ORIENTED_EDGE('',*,*,#770,.F.);
#770 = EDGE_CURVE('',#176,#771,#773,.T.);
#771 = VERTEX_POINT('',#772);
#772 = CARTESIAN_POINT('',(71.3,67.,23.9));
#773 = SEAM_CURVE('',#774,(#778,#785),.PCURVE_S1.);
#774 = LINE('',#775,#776);
#775 = CARTESIAN_POINT('',(71.3,67.,9.9));
#776 = VECTOR('',#777,1.);
#777 = DIRECTION('',(0.,0.,1.));
#778 = PCURVE('',#196,#779);
#779 = DEFINITIONAL_REPRESENTATION('',(#780),#784);
#780 = LINE('',#781,#782);
#781 = CARTESIAN_POINT('',(0.,-0.));
#782 = VECTOR('',#783,1.);
#783 = DIRECTION('',(0.,1.));
#784 = ( GEOMETRIC_REPRESENTATION_CONTEXT(2) 
PARAMETRIC_REPRESENTATION_CONTEXT() REPRESENTATION_CONTEXT('2D SPACE',''
  ) );
#785 = PCURVE('',#196,#786);
#786 = DEFINITIONAL_REPRESENTATION('',(#787),#791);
#787 = LINE('',#788,#789);
#788 = CARTESIAN_POINT('',(6.28318530718,-0.));
#789 = VECTOR('',#790,1.);
#790 = DIRECTION('',(0.,1.));
#791 = ( GEOMETRIC_REPRESENTATION_CONTEXT(2) 
PARAMETRIC_REPRESENTATION_CONTEXT() REPRESENTATION_CONTEXT('2D SPACE',''
  ) );
#792 = ORIENTED_EDGE('',*,*,#175,.T.);
#793 = ORIENTED_EDGE('',*,*,#770,.T.);
#794 = ORIENTED_EDGE('',*,*,#795,.F.);
#795 = EDGE_CURVE('',#796,#771,#798,.T.);
#796 = VERTEX_POINT('',#797);
#797 = CARTESIAN_POINT('',(66.80777472107,63.922891148451,23.9));
#798 = SURFACE_CURVE('',#799,(#804,#811),.PCURVE_S1.);
#799 = CIRCLE('',#800,3.3);
#800 = AXIS2_PLACEMENT_3D('',#801,#802,#803);
#801 = CARTESIAN_POINT('',(68.,67.,23.9));
#802 = DIRECTION('',(0.,0.,1.));
#803 = DIRECTION('',(1.,0.,-0.));
#804 = PCURVE('',#196,#805);
#805 = DEFINITIONAL_REPRESENTATION('',(#806),#810);
#806 = LINE('',#807,#808);
#807 = CARTESIAN_POINT('',(0.,14.));
#808 = VECTOR('',#809,1.);
#809 = DIRECTION('',(1.,0.));
#810 = ( GEOMETRIC_REPRESENTATION_CONTEXT(2) 
PARAMETRIC_REPRESENTATION_CONTEXT() REPRESENTATION_CONTEXT('2D SPACE',''
  ) );
#811 = PCURVE('',#812,#817);
#812 = PLANE('',#813);
#813 = AXIS2_PLACEMENT_3D('',#814,#815,#816);
#814 = CARTESIAN_POINT('',(68.,67.,23.9));
#815 = DIRECTION('',(0.,0.,1.));
#816 = DIRECTION('',(1.,0.,-0.));
#817 = DEFINITIONAL_REPRESENTATION('',(#818),#822);
#818 = CIRCLE('',#819,3.3);
#819 = AXIS2_PLACEMENT_2D('',#820,#821);
#820 = CARTESIAN_POINT('',(0.,0.));
#821 = DIRECTION('',(1.,0.));
#822 = ( GEOMETRIC_REPRESENTATION_CONTEXT(2) 
PARAMETRIC_REPRESENTATION_CONTEXT() REPRESENTATION_CONTEXT('2D SPACE',''
  ) );
#823 = ORIENTED_EDGE('',*,*,#824,.T.);
#824 = EDGE_CURVE('',#796,#825,#827,.T.);
#825 = VERTEX_POINT('',#826);
#826 = CARTESIAN_POINT('',(65.19222527893,65.266102334127,23.9));
#827 = SURFACE_CURVE('',#828,(#841,#857),.PCURVE_S1.);
#828 = B_SPLINE_CURVE_WITH_KNOTS('',6,(#829,#830,#831,#832,#833,#834,
    #835,#836,#837,#838,#839,#840),.UNSPECIFIED.,.F.,.F.,(7,5,7),(0.,
    0.460254454196,1.),.UNSPECIFIED.);
#829 = CARTESIAN_POINT('',(66.807776280909,63.922890544092,23.9000006));
#830 = CARTESIAN_POINT('',(66.653641994173,63.982609756296,
    23.840712001679));
#831 = CARTESIAN_POINT('',(66.498314552604,64.053446395104,
    23.796549089767));
#832 = CARTESIAN_POINT('',(66.344948868666,64.135421687069,
    23.767195411314));
#833 = CARTESIAN_POINT('',(66.196655524514,64.227599184161,
    23.751369438538));
#834 = CARTESIAN_POINT('',(66.056251130305,64.327960650508,
    23.746942423102));
#835 = CARTESIAN_POINT('',(65.773678237384,64.556245690215,
    23.756216344859));
#836 = CARTESIAN_POINT('',(65.633400974337,64.687545076818,
    23.773245850919));
#837 = CARTESIAN_POINT('',(65.505501025663,64.825286510349,
    23.79868359295));
#838 = CARTESIAN_POINT('',(65.389649253144,64.968157095164,
    23.829752126214));
#839 = CARTESIAN_POINT('',(65.285375462512,65.115259950408,
    23.864169271257));
#840 = CARTESIAN_POINT('',(65.192223719091,65.266104860044,23.9000006));
#841 = PCURVE('',#196,#842);
#842 = DEFINITIONAL_REPRESENTATION('',(#843),#856);
#843 = B_SPLINE_CURVE_WITH_KNOTS('',6,(#844,#845,#846,#847,#848,#849,
    #850,#851,#852,#853,#854,#855),.UNSPECIFIED.,.F.,.F.,(7,5,7),(0.,
    0.460254454196,1.),.UNSPECIFIED.);
#844 = CARTESIAN_POINT('',(4.34274882576,14.0000006));
#845 = CARTESIAN_POINT('',(4.292658216718,13.940712001679));
#846 = CARTESIAN_POINT('',(4.241013335389,13.896549089767));
#847 = CARTESIAN_POINT('',(4.188477166531,13.867195411314));
#848 = CARTESIAN_POINT('',(4.135734402371,13.851369438538));
#849 = CARTESIAN_POINT('',(4.083526443539,13.846942423102));
#850 = CARTESIAN_POINT('',(3.973446124265,13.856216344859));
#851 = CARTESIAN_POINT('',(3.915376688267,13.873245850919));
#852 = CARTESIAN_POINT('',(3.858620137253,13.89868359295));
#853 = CARTESIAN_POINT('',(3.803058488911,13.929752126214));
#854 = CARTESIAN_POINT('',(3.748528552262,13.964169271257));
#855 = CARTESIAN_POINT('',(3.694804574799,14.0000006));
#856 = ( GEOMETRIC_REPRESENTATION_CONTEXT(2) 
PARAMETRIC_REPRESENTATION_CONTEXT() REPRESENTATION_CONTEXT('2D SPACE',''
  ) );
#857 = PCURVE('',#448,#858);
#858 = DEFINITIONAL_REPRESENTATION('',(#859),#872);
#859 = B_SPLINE_CURVE_WITH_KNOTS('',6,(#860,#861,#862,#863,#864,#865,
    #866,#867,#868,#869,#870,#871),.UNSPECIFIED.,.F.,.F.,(7,5,7),(0.,
    0.460254454196,1.),.UNSPECIFIED.);
#860 = CARTESIAN_POINT('',(2.774383890251,6.022890544092));
#861 = CARTESIAN_POINT('',(2.84778119062,6.082609756296));
#862 = CARTESIAN_POINT('',(2.919260053783,6.153446395104));
#863 = CARTESIAN_POINT('',(2.988273377348,6.235421687069));
#864 = CARTESIAN_POINT('',(3.054262968514,6.327599184161));
#865 = CARTESIAN_POINT('',(3.116566914552,6.427960650508));
#866 = CARTESIAN_POINT('',(3.242222485681,6.656245690215));
#867 = CARTESIAN_POINT('',(3.304783053564,6.787545076818));
#868 = CARTESIAN_POINT('',(3.362527267667,6.925286510349));
#869 = CARTESIAN_POINT('',(3.415697190727,7.068157095164));
#870 = CARTESIAN_POINT('',(3.464443431197,7.215259950408));
#871 = CARTESIAN_POINT('',(3.508801416928,7.366104860044));
#872 = ( GEOMETRIC_REPRESENTATION_CONTEXT(2) 
PARAMETRIC_REPRESENTATION_CONTEXT() REPRESENTATION_CONTEXT('2D SPACE',''
  ) );
#873 = ORIENTED_EDGE('',*,*,#874,.F.);
#874 = EDGE_CURVE('',#875,#825,#877,.T.);
#875 = VERTEX_POINT('',#876);
#876 = CARTESIAN_POINT('',(65.19222527893,68.733897665873,23.9));
#877 = SURFACE_CURVE('',#878,(#883,#890),.PCURVE_S1.);
#878 = CIRCLE('',#879,3.3);
#879 = AXIS2_PLACEMENT_3D('',#880,#881,#882);
#880 = CARTESIAN_POINT('',(68.,67.,23.9));
#881 = DIRECTION('',(0.,0.,1.));
#882 = DIRECTION('',(1.,0.,-0.));
#883 = PCURVE('',#196,#884);
#884 = DEFINITIONAL_REPRESENTATION('',(#885),#889);
#885 = LINE('',#886,#887);
#886 = CARTESIAN_POINT('',(0.,14.));
#887 = VECTOR('',#888,1.);
#888 = DIRECTION('',(1.,0.));
#889 = ( GEOMETRIC_REPRESENTATION_CONTEXT(2) 
PARAMETRIC_REPRESENTATION_CONTEXT() REPRESENTATION_CONTEXT('2D SPACE',''
  ) );
#890 = PCURVE('',#891,#896);
#891 = PLANE('',#892);
#892 = AXIS2_PLACEMENT_3D('',#893,#894,#895);
#893 = CARTESIAN_POINT('',(68.,67.,23.9));
#894 = DIRECTION('',(0.,0.,1.));
#895 = DIRECTION('',(1.,0.,-0.));
#896 = DEFINITIONAL_REPRESENTATION('',(#897),#901);
#897 = CIRCLE('',#898,3.3);
#898 = AXIS2_PLACEMENT_2D('',#899,#900);
#899 = CARTESIAN_POINT('',(0.,0.));
#900 = DIRECTION('',(1.,0.));
#901 = ( GEOMETRIC_REPRESENTATION_CONTEXT(2) 
PARAMETRIC_REPRESENTATION_CONTEXT() REPRESENTATION_CONTEXT('2D SPACE',''
  ) );
#902 = ORIENTED_EDGE('',*,*,#903,.F.);
#903 = EDGE_CURVE('',#904,#875,#906,.T.);
#904 = VERTEX_POINT('',#905);
#905 = CARTESIAN_POINT('',(66.80777472107,70.077108851549,23.9));
#906 = SURFACE_CURVE('',#907,(#920,#936),.PCURVE_S1.);
#907 = B_SPLINE_CURVE_WITH_KNOTS('',6,(#908,#909,#910,#911,#912,#913,
    #914,#915,#916,#917,#918,#919),.UNSPECIFIED.,.F.,.F.,(7,5,7),(0.,
    0.460254454195,1.),.UNSPECIFIED.);
#908 = CARTESIAN_POINT('',(66.807776280909,70.077109455908,23.9000006));
#909 = CARTESIAN_POINT('',(66.653641994173,70.017390243704,
    23.840712001679));
#910 = CARTESIAN_POINT('',(66.498314552604,69.946553604896,
    23.796549089767));
#911 = CARTESIAN_POINT('',(66.344948868666,69.864578312931,
    23.767195411314));
#912 = CARTESIAN_POINT('',(66.196655524515,69.772400815839,
    23.751369438538));
#913 = CARTESIAN_POINT('',(66.056251130305,69.672039349492,
    23.746942423102));
#914 = CARTESIAN_POINT('',(65.773678237384,69.443754309785,
    23.756216344859));
#915 = CARTESIAN_POINT('',(65.633400974337,69.312454923182,
    23.773245850919));
#916 = CARTESIAN_POINT('',(65.505501025662,69.17471348965,23.79868359295
    ));
#917 = CARTESIAN_POINT('',(65.389649253144,69.031842904836,
    23.829752126214));
#918 = CARTESIAN_POINT('',(65.285375462512,68.884740049592,
    23.864169271257));
#919 = CARTESIAN_POINT('',(65.192223719091,68.733895139956,23.9000006));
#920 = PCURVE('',#196,#921);
#921 = DEFINITIONAL_REPRESENTATION('',(#922),#935);
#922 = B_SPLINE_CURVE_WITH_KNOTS('',6,(#923,#924,#925,#926,#927,#928,
    #929,#930,#931,#932,#933,#934),.UNSPECIFIED.,.F.,.F.,(7,5,7),(0.,
    0.460254454195,1.),.UNSPECIFIED.);
#923 = CARTESIAN_POINT('',(1.94043648142,14.0000006));
#924 = CARTESIAN_POINT('',(1.990527090462,13.940712001679));
#925 = CARTESIAN_POINT('',(2.04217197179,13.896549089767));
#926 = CARTESIAN_POINT('',(2.094708140648,13.867195411314));
#927 = CARTESIAN_POINT('',(2.147450904808,13.851369438538));
#928 = CARTESIAN_POINT('',(2.199658863641,13.846942423102));
#929 = CARTESIAN_POINT('',(2.309739182914,13.856216344859));
#930 = CARTESIAN_POINT('',(2.367808618912,13.873245850919));
#931 = CARTESIAN_POINT('',(2.424565169927,13.89868359295));
#932 = CARTESIAN_POINT('',(2.480126818269,13.929752126214));
#933 = CARTESIAN_POINT('',(2.534656754918,13.964169271257));
#934 = CARTESIAN_POINT('',(2.58838073238,14.0000006));
#935 = ( GEOMETRIC_REPRESENTATION_CONTEXT(2) 
PARAMETRIC_REPRESENTATION_CONTEXT() REPRESENTATION_CONTEXT('2D SPACE',''
  ) );
#936 = PCURVE('',#448,#937);
#937 = DEFINITIONAL_REPRESENTATION('',(#938),#951);
#938 = B_SPLINE_CURVE_WITH_KNOTS('',6,(#939,#940,#941,#942,#943,#944,
    #945,#946,#947,#948,#949,#950),.UNSPECIFIED.,.F.,.F.,(7,5,7),(0.,
    0.460254454195,1.),.UNSPECIFIED.);
#939 = CARTESIAN_POINT('',(2.774383890251,12.177109455908));
#940 = CARTESIAN_POINT('',(2.84778119062,12.117390243704));
#941 = CARTESIAN_POINT('',(2.919260053783,12.046553604896));
#942 = CARTESIAN_POINT('',(2.988273377348,11.964578312931));
#943 = CARTESIAN_POINT('',(3.054262968514,11.872400815839));
#944 = CARTESIAN_POINT('',(3.116566914552,11.772039349492));
#945 = CARTESIAN_POINT('',(3.242222485681,11.543754309785));
#946 = CARTESIAN_POINT('',(3.304783053564,11.412454923182));
#947 = CARTESIAN_POINT('',(3.362527267667,11.27471348965));
#948 = CARTESIAN_POINT('',(3.415697190727,11.131842904836));
#949 = CARTESIAN_POINT('',(3.464443431197,10.984740049592));
#950 = CARTESIAN_POINT('',(3.508801416928,10.833895139956));
#951 = ( GEOMETRIC_REPRESENTATION_CONTEXT(2) 
PARAMETRIC_REPRESENTATION_CONTEXT() REPRESENTATION_CONTEXT('2D SPACE',''
  ) );
#952 = ORIENTED_EDGE('',*,*,#953,.F.);
#953 = EDGE_CURVE('',#771,#904,#954,.T.);
#954 = SURFACE_CURVE('',#955,(#960,#967),.PCURVE_S1.);
#955 = CIRCLE('',#956,3.3);
#956 = AXIS2_PLACEMENT_3D('',#957,#958,#959);
#957 = CARTESIAN_POINT('',(68.,67.,23.9));
#958 = DIRECTION('',(0.,0.,1.));
#959 = DIRECTION('',(1.,0.,-0.));
#960 = PCURVE('',#196,#961);
#961 = DEFINITIONAL_REPRESENTATION('',(#962),#966);
#962 = LINE('',#963,#964);
#963 = CARTESIAN_POINT('',(0.,14.));
#964 = VECTOR('',#965,1.);
#965 = DIRECTION('',(1.,0.));
#966 = ( GEOMETRIC_REPRESENTATION_CONTEXT(2) 
PARAMETRIC_REPRESENTATION_CONTEXT() REPRESENTATION_CONTEXT('2D SPACE',''
  ) );
#967 = PCURVE('',#812,#968);
#968 = DEFINITIONAL_REPRESENTATION('',(#969),#973);
#969 = CIRCLE('',#970,3.3);
#970 = AXIS2_PLACEMENT_2D('',#971,#972);
#971 = CARTESIAN_POINT('',(0.,0.));
#972 = DIRECTION('',(1.,0.));
#973 = ( GEOMETRIC_REPRESENTATION_CONTEXT(2) 
PARAMETRIC_REPRESENTATION_CONTEXT() REPRESENTATION_CONTEXT('2D SPACE',''
  ) );
#974 = FACE_BOUND('',#975,.F.);
#975 = EDGE_LOOP('',(#976,#1592));
#976 = ORIENTED_EDGE('',*,*,#977,.T.);
#977 = EDGE_CURVE('',#978,#980,#982,.T.);
#978 = VERTEX_POINT('',#979);
#979 = CARTESIAN_POINT('',(66.,64.375119050319,20.25));
#980 = VERTEX_POINT('',#981);
#981 = CARTESIAN_POINT('',(66.,69.624880949681,20.25));
#982 = SURFACE_CURVE('',#983,(#1184,#1388),.PCURVE_S1.);
#983 = B_SPLINE_CURVE_WITH_KNOTS('',7,(#984,#985,#986,#987,#988,#989,
    #990,#991,#992,#993,#994,#995,#996,#997,#998,#999,#1000,#1001,#1002,
    #1003,#1004,#1005,#1006,#1007,#1008,#1009,#1010,#1011,#1012,#1013,
    #1014,#1015,#1016,#1017,#1018,#1019,#1020,#1021,#1022,#1023,#1024,
    #1025,#1026,#1027,#1028,#1029,#1030,#1031,#1032,#1033,#1034,#1035,
    #1036,#1037,#1038,#1039,#1040,#1041,#1042,#1043,#1044,#1045,#1046,
    #1047,#1048,#1049,#1050,#1051,#1052,#1053,#1054,#1055,#1056,#1057,
    #1058,#1059,#1060,#1061,#1062,#1063,#1064,#1065,#1066,#1067,#1068,
    #1069,#1070,#1071,#1072,#1073,#1074,#1075,#1076,#1077,#1078,#1079,
    #1080,#1081,#1082,#1083,#1084,#1085,#1086,#1087,#1088,#1089,#1090,
    #1091,#1092,#1093,#1094,#1095,#1096,#1097,#1098,#1099,#1100,#1101,
    #1102,#1103,#1104,#1105,#1106,#1107,#1108,#1109,#1110,#1111,#1112,
    #1113,#1114,#1115,#1116,#1117,#1118,#1119,#1120,#1121,#1122,#1123,
    #1124,#1125,#1126,#1127,#1128,#1129,#1130,#1131,#1132,#1133,#1134,
    #1135,#1136,#1137,#1138,#1139,#1140,#1141,#1142,#1143,#1144,#1145,
    #1146,#1147,#1148,#1149,#1150,#1151,#1152,#1153,#1154,#1155,#1156,
    #1157,#1158,#1159,#1160,#1161,#1162,#1163,#1164,#1165,#1166,#1167,
    #1168,#1169,#1170,#1171,#1172,#1173,#1174,#1175,#1176,#1177,#1178,
    #1179,#1180,#1181,#1182,#1183),.UNSPECIFIED.,.F.,.F.,(8,6,6,6,6,6,6,
    6,6,6,6,6,6,6,6,6,6,6,6,6,6,6,6,6,6,6,6,6,6,6,6,6,6,8),(0.,
    4.020082903536E-02,6.717834703052E-02,8.362039491541E-02,
    0.103613581918,0.119362313339,0.132549900751,0.174083420672,
    0.228884512357,0.244498391085,0.264944998744,0.281044109874,
    0.307717667838,0.337193960638,0.374185460394,0.426089257249,
    0.462608831821,0.499693860795,0.536778889769,0.573298464341,
    0.645566892559,0.672308300233,0.71833825536,0.734473190335,
    0.754965300997,0.770613931401,0.825536993408,0.867162954129,
    0.880379893042,0.89616367628,0.916201357403,0.941300960948,
    0.959704856293,1.),.UNSPECIFIED.);
#984 = CARTESIAN_POINT('',(66.,64.375119050319,20.25));
#985 = CARTESIAN_POINT('',(66.101518346321,64.297768230783,20.25));
#986 = CARTESIAN_POINT('',(66.208320623603,64.223631276287,
    20.244656456008));
#987 = CARTESIAN_POINT('',(66.319407061167,64.153930775823,
    20.232966414272));
#988 = CARTESIAN_POINT('',(66.433677639364,64.089533280015,
    20.214090124555));
#989 = CARTESIAN_POINT('',(66.549959618972,64.030992824765,
    20.187388088014));
#990 = CARTESIAN_POINT('',(66.667032277091,63.978587322793,
    20.152450877756));
#991 = CARTESIAN_POINT('',(66.861906580946,63.901317942166,
    20.080044898671));
#992 = CARTESIAN_POINT('',(66.939589701322,63.873210895596,
    20.047326259669));
#993 = CARTESIAN_POINT('',(67.01626485276,63.848014002602,20.01100539676
    ));
#994 = CARTESIAN_POINT('',(67.091500007437,63.825653129225,
    19.971197493362));
#995 = CARTESIAN_POINT('',(67.164875961025,63.806002141518,
    19.928098140135));
#996 = CARTESIAN_POINT('',(67.235997826122,63.788892358776,
    19.88198814053));
#997 = CARTESIAN_POINT('',(67.346260675157,63.765119887491,
    19.803526652558));
#998 = CARTESIAN_POINT('',(67.387073019124,63.756980640972,
    19.772813860512));
#999 = CARTESIAN_POINT('',(67.426904850965,63.749651322798,
    19.74114944484));
#1000 = CARTESIAN_POINT('',(67.465720019843,63.743079099027,
    19.708586352563));
#1001 = CARTESIAN_POINT('',(67.503485203381,63.737211554559,
    19.675181051406));
#1002 = CARTESIAN_POINT('',(67.54017018033,63.731997001523,
    19.640993608145));
#1003 = CARTESIAN_POINT('',(67.61901011482,63.721776431863,
    19.563642992699));
#1004 = CARTESIAN_POINT('',(67.660639901941,63.717058044922,
    19.520131346838));
#1005 = CARTESIAN_POINT('',(67.700624210284,63.713134464491,
    19.475632233354));
#1006 = CARTESIAN_POINT('',(67.738953209311,63.709916419686,
    19.430223782403));
#1007 = CARTESIAN_POINT('',(67.775620492274,63.707320531071,
    19.383982850297));
#1008 = CARTESIAN_POINT('',(67.810623076208,63.705269310664,
    19.336985019511));
#1009 = CARTESIAN_POINT('',(67.870222164556,63.702448046442,
    19.251746497429));
#1010 = CARTESIAN_POINT('',(67.895454994592,63.70149817894,
    19.213757870856));
#1011 = CARTESIAN_POINT('',(67.919663708961,63.700806615945,
    19.175369013874));
#1012 = CARTESIAN_POINT('',(67.942852773408,63.700340744905,
    19.136608260505));
#1013 = CARTESIAN_POINT('',(67.965027302506,63.700070284193,
    19.09750198388));
#1014 = CARTESIAN_POINT('',(67.98619305966,63.699967283116,
    19.058074596232));
#1015 = CARTESIAN_POINT('',(68.023240773632,63.700038644523,
    18.985082966569));
#1016 = CARTESIAN_POINT('',(68.039422012048,63.700170579621,
    18.951608194795));
#1017 = CARTESIAN_POINT('',(68.054903753871,63.700386877968,
    18.917937497874));
#1018 = CARTESIAN_POINT('',(68.069689486048,63.700673516785,
    18.88408354777));
#1019 = CARTESIAN_POINT('',(68.08378260095,63.701017499741,
    18.850058424122));
#1020 = CARTESIAN_POINT('',(68.097186396369,63.701406856959,
    18.815873614242));
#1021 = CARTESIAN_POINT('',(68.149957647404,63.703165340206,
    18.673408384361));
#1022 = CARTESIAN_POINT('',(68.18320652994,63.704841006674,
    18.563798097842));
#1023 = CARTESIAN_POINT('',(68.209747706928,63.706515931565,
    18.453052762344));
#1024 = CARTESIAN_POINT('',(68.229657382156,63.707940060663,
    18.341479534588));
#1025 = CARTESIAN_POINT('',(68.242988487453,63.708950282363,
    18.229360093233));
#1026 = CARTESIAN_POINT('',(68.249768190725,63.709465711647,
    18.116961612869));
#1027 = CARTESIAN_POINT('',(68.250295198883,63.709505750831,
    17.856224093061));
#1028 = CARTESIAN_POINT('',(68.239187506517,63.708661978666,
    17.707912656275));
#1029 = CARTESIAN_POINT('',(68.216681050907,63.706947438716,
    17.560207518602));
#1030 = CARTESIAN_POINT('',(68.18269392812,63.704603046916,17.4137163634
    ));
#1031 = CARTESIAN_POINT('',(68.137065759896,63.702111890058,
    17.269105503429));
#1032 = CARTESIAN_POINT('',(68.079573033542,63.700224875319,
    17.127145580247));
#1033 = CARTESIAN_POINT('',(67.990110019009,63.699955193851,
    16.949328637602));
#1034 = CARTESIAN_POINT('',(67.969287959599,63.700031590892,
    16.910190030177));
#1035 = CARTESIAN_POINT('',(67.94747521491,63.700268927749,
    16.871363835782));
#1036 = CARTESIAN_POINT('',(67.924666136861,63.700694194012,
    16.832873655165));
#1037 = CARTESIAN_POINT('',(67.900855664287,63.70133662549,
    16.794744957806));
#1038 = CARTESIAN_POINT('',(67.876039322938,63.702227704215,
    16.757005081908));
#1039 = CARTESIAN_POINT('',(67.816393564693,63.704937814292,
    16.670809717047));
#1040 = CARTESIAN_POINT('',(67.780834261436,63.706959172401,
    16.622640927694));
#1041 = CARTESIAN_POINT('',(67.74353426478,63.709541096591,
    16.575255623063));
#1042 = CARTESIAN_POINT('',(67.70449620714,63.712765920788,
    16.528734036579));
#1043 = CARTESIAN_POINT('',(67.663726404279,63.716722449016,
    16.483157878376));
#1044 = CARTESIAN_POINT('',(67.621234855302,63.7215059554,16.4386103353)
  );
#1045 = CARTESIAN_POINT('',(67.54223365173,63.731715840073,
    16.360977094675));
#1046 = CARTESIAN_POINT('',(67.506370941886,63.73678958416,
    16.32746610191));
#1047 = CARTESIAN_POINT('',(67.469471903267,63.742486945487,
    16.294702507267));
#1048 = CARTESIAN_POINT('',(67.431564396688,63.748856438605,
    16.262742431517));
#1049 = CARTESIAN_POINT('',(67.392679114893,63.755947291802,
    16.231638769825));
#1050 = CARTESIAN_POINT('',(67.352849343808,63.763809175346,
    16.201441260028));
#1051 = CARTESIAN_POINT('',(67.244613584737,63.786877814168,
    16.123742916563));
#1052 = CARTESIAN_POINT('',(67.174544253287,63.803533296536,
    16.07784931014));
#1053 = CARTESIAN_POINT('',(67.10224394775,63.822655099421,16.0348745684
    ));
#1054 = CARTESIAN_POINT('',(67.028088094613,63.844409522517,
    15.995092756578));
#1055 = CARTESIAN_POINT('',(66.952475613968,63.868923584632,
    15.958697605304));
#1056 = CARTESIAN_POINT('',(66.875818204943,63.896276165692,
    15.925806947526));
#1057 = CARTESIAN_POINT('',(66.713119929345,63.95987677316,
    15.86404447287));
#1058 = CARTESIAN_POINT('',(66.627203404434,63.99665442251,
    15.836058015012));
#1059 = CARTESIAN_POINT('',(66.541340833407,64.036817700511,
    15.812520919642));
#1060 = CARTESIAN_POINT('',(66.456100741813,64.080271625975,
    15.793346219183));
#1061 = CARTESIAN_POINT('',(66.372046524712,64.126821779488,
    15.778354606522));
#1062 = CARTESIAN_POINT('',(66.289723567629,64.176165450089,
    15.76728220084));
#1063 = CARTESIAN_POINT('',(66.109152870972,64.292785844269,
    15.750383801969));
#1064 = CARTESIAN_POINT('',(66.012187565992,64.361433338806,
    15.746614891238));
#1065 = CARTESIAN_POINT('',(65.919034401765,64.433472611167,
    15.747744108906));
#1066 = CARTESIAN_POINT('',(65.829906263873,64.508528174002,
    15.753083906708));
#1067 = CARTESIAN_POINT('',(65.744961459539,64.586208230482,
    15.76198465072));
#1068 = CARTESIAN_POINT('',(65.664313331616,64.666106264933,
    15.773829525101));
#1069 = CARTESIAN_POINT('',(65.481001959263,64.8624212144,
    15.807970337436));
#1070 = CARTESIAN_POINT('',(65.382242163111,64.980926948191,
    15.832615435443));
#1071 = CARTESIAN_POINT('',(65.291544634449,65.102716898222,
    15.860508596461));
#1072 = CARTESIAN_POINT('',(65.208645348264,65.227344627319,
    15.890430865976));
#1073 = CARTESIAN_POINT('',(65.133276175243,65.354511091866,
    15.921327719593));
#1074 = CARTESIAN_POINT('',(65.065206909457,65.484053785327,
    15.952250441538));
#1075 = CARTESIAN_POINT('',(64.961408995037,65.708716899247,
    16.003474497267));
#1076 = CARTESIAN_POINT('',(64.922069247338,65.802671223305,
    16.024209787746));
#1077 = CARTESIAN_POINT('',(64.886245330796,65.897691520246,
    16.044198649538));
#1078 = CARTESIAN_POINT('',(64.853924271755,65.993693766241,
    16.063130424143));
#1079 = CARTESIAN_POINT('',(64.825098046774,66.090610219041,
    16.080714029715));
#1080 = CARTESIAN_POINT('',(64.799767698947,66.188389073122,
    16.096682430426));
#1081 = CARTESIAN_POINT('',(64.755789353616,66.387125917348,
    16.125130327174));
#1082 = CARTESIAN_POINT('',(64.737243695458,66.488142472281,
    16.137556866944));
#1083 = CARTESIAN_POINT('',(64.72236943183,66.589827244494,
    16.147799902596));
#1084 = CARTESIAN_POINT('',(64.711194801198,66.692000689886,
    16.155638510335));
#1085 = CARTESIAN_POINT('',(64.7037346434,66.79451021466,16.160919508998
    ));
#1086 = CARTESIAN_POINT('',(64.7,66.897219901122,16.163563232779));
#1087 = CARTESIAN_POINT('',(64.7,67.102780098878,16.163563232779));
#1088 = CARTESIAN_POINT('',(64.7037346434,67.20548978534,16.160919508998
    ));
#1089 = CARTESIAN_POINT('',(64.711194801198,67.307999310114,
    16.155638510335));
#1090 = CARTESIAN_POINT('',(64.72236943183,67.410172755506,
    16.147799902596));
#1091 = CARTESIAN_POINT('',(64.737243695458,67.511857527719,
    16.137556866944));
#1092 = CARTESIAN_POINT('',(64.755789353616,67.612874082652,
    16.125130327174));
#1093 = CARTESIAN_POINT('',(64.799767698947,67.811610926878,
    16.096682430426));
#1094 = CARTESIAN_POINT('',(64.825098046774,67.909389780959,
    16.080714029715));
#1095 = CARTESIAN_POINT('',(64.853924271755,68.006306233759,
    16.063130424143));
#1096 = CARTESIAN_POINT('',(64.886245330796,68.102308479754,
    16.044198649538));
#1097 = CARTESIAN_POINT('',(64.922069247338,68.197328776695,
    16.024209787746));
#1098 = CARTESIAN_POINT('',(64.961408995037,68.291283100753,
    16.003474497267));
#1099 = CARTESIAN_POINT('',(65.089112424813,68.567687981835,
    15.940453119235));
#1100 = CARTESIAN_POINT('',(65.187848808493,68.746909654965,
    15.896901198693));
#1101 = CARTESIAN_POINT('',(65.30091778111,68.921539679232,
    15.854056137589));
#1102 = CARTESIAN_POINT('',(65.429007772453,69.090960287312,
    15.814559250262));
#1103 = CARTESIAN_POINT('',(65.572855055755,69.254007418763,
    15.78155981886));
#1104 = CARTESIAN_POINT('',(65.733025830799,69.408911499278,
    15.758923550453));
#1105 = CARTESIAN_POINT('',(65.974820998454,69.606870451697,
    15.74919174312));
#1106 = CARTESIAN_POINT('',(66.042377531958,69.658924484076,
    15.748689370722));
#1107 = CARTESIAN_POINT('',(66.112018613352,69.709312986049,
    15.750584430702));
#1108 = CARTESIAN_POINT('',(66.183559814432,69.757816581816,
    15.755138692842));
#1109 = CARTESIAN_POINT('',(66.256799456504,69.804248808747,
    15.762603215496));
#1110 = CARTESIAN_POINT('',(66.331519871245,69.848455259316,
    15.773217220928));
#1111 = CARTESIAN_POINT('',(66.538253655413,69.962361928549,
    15.811287511233));
#1112 = CARTESIAN_POINT('',(66.672417255787,70.027285447329,
    15.845314726203));
#1113 = CARTESIAN_POINT('',(66.807652622942,70.083905336678,
    15.89016058083));
#1114 = CARTESIAN_POINT('',(66.941554557376,70.131794809839,
    15.946092765758));
#1115 = CARTESIAN_POINT('',(67.071722370893,70.171169603167,
    16.012695313293));
#1116 = CARTESIAN_POINT('',(67.195891051733,70.202737794149,
    16.088766859331));
#1117 = CARTESIAN_POINT('',(67.352849343805,70.236190824653,
    16.201441260026));
#1118 = CARTESIAN_POINT('',(67.392679114893,70.244052708198,
    16.231638769825));
#1119 = CARTESIAN_POINT('',(67.43156439669,70.251143561396,
    16.262742431518));
#1120 = CARTESIAN_POINT('',(67.469471903269,70.257513054514,
    16.294702507269));
#1121 = CARTESIAN_POINT('',(67.506370941886,70.26321041584,
    16.32746610191));
#1122 = CARTESIAN_POINT('',(67.542233651727,70.268284159927,
    16.360977094673));
#1123 = CARTESIAN_POINT('',(67.621234866263,70.278494046016,
    16.438610346071));
#1124 = CARTESIAN_POINT('',(67.663726406831,70.283277551623,
    16.48315787921));
#1125 = CARTESIAN_POINT('',(67.704496200178,70.287234078735,
    16.528734027463));
#1126 = CARTESIAN_POINT('',(67.743534256627,70.290458902509,
    16.575255614254));
#1127 = CARTESIAN_POINT('',(67.780834261011,70.293040827184,
    16.622640929295));
#1128 = CARTESIAN_POINT('',(67.816393572676,70.29506218607,
    16.670809728584));
#1129 = CARTESIAN_POINT('',(67.876039322938,70.297772295785,
    16.757005081908));
#1130 = CARTESIAN_POINT('',(67.900855664287,70.29866337451,
    16.794744957806));
#1131 = CARTESIAN_POINT('',(67.924666136861,70.299305805988,
    16.832873655165));
#1132 = CARTESIAN_POINT('',(67.94747521491,70.29973107225,
    16.871363835782));
#1133 = CARTESIAN_POINT('',(67.969287959599,70.299968409108,
    16.910190030177));
#1134 = CARTESIAN_POINT('',(67.990110019009,70.300044806149,
    16.949328637602));
#1135 = CARTESIAN_POINT('',(68.079573033542,70.299775124681,
    17.127145580247));
#1136 = CARTESIAN_POINT('',(68.137065759896,70.297888109942,
    17.269105503429));
#1137 = CARTESIAN_POINT('',(68.18269392812,70.295396953084,17.4137163634
    ));
#1138 = CARTESIAN_POINT('',(68.216681050907,70.293052561284,
    17.560207518601));
#1139 = CARTESIAN_POINT('',(68.239187506517,70.291338021334,
    17.707912656276));
#1140 = CARTESIAN_POINT('',(68.250295198883,70.290494249169,
    17.856224093061));
#1141 = CARTESIAN_POINT('',(68.249768190725,70.290534288353,
    18.116961612869));
#1142 = CARTESIAN_POINT('',(68.242988487453,70.291049717637,
    18.229360093233));
#1143 = CARTESIAN_POINT('',(68.229657382156,70.292059939337,
    18.341479534588));
#1144 = CARTESIAN_POINT('',(68.209747706928,70.293484068435,
    18.453052762344));
#1145 = CARTESIAN_POINT('',(68.18320652994,70.295158993326,
    18.563798097842));
#1146 = CARTESIAN_POINT('',(68.149957647404,70.296834659794,
    18.673408384361));
#1147 = CARTESIAN_POINT('',(68.097186396369,70.298593143041,
    18.815873614242));
#1148 = CARTESIAN_POINT('',(68.08378260095,70.298982500259,
    18.850058424122));
#1149 = CARTESIAN_POINT('',(68.069689486048,70.299326483215,
    18.88408354777));
#1150 = CARTESIAN_POINT('',(68.054903753871,70.299613122032,
    18.917937497874));
#1151 = CARTESIAN_POINT('',(68.039422012048,70.299829420379,
    18.951608194795));
#1152 = CARTESIAN_POINT('',(68.023240773632,70.299961355477,
    18.985082966569));
#1153 = CARTESIAN_POINT('',(67.98619305966,70.300032716884,
    19.058074596232));
#1154 = CARTESIAN_POINT('',(67.965027302506,70.299929715807,
    19.09750198388));
#1155 = CARTESIAN_POINT('',(67.942852773408,70.299659255095,
    19.136608260505));
#1156 = CARTESIAN_POINT('',(67.919663708961,70.299193384055,
    19.175369013874));
#1157 = CARTESIAN_POINT('',(67.895454994592,70.29850182106,
    19.213757870856));
#1158 = CARTESIAN_POINT('',(67.870222164556,70.297551953558,
    19.251746497429));
#1159 = CARTESIAN_POINT('',(67.81062308377,70.294730689694,
    19.336985008696));
#1160 = CARTESIAN_POINT('',(67.775620491902,70.292679468546,
    19.383982848806));
#1161 = CARTESIAN_POINT('',(67.73895320163,70.290083579462,
    19.430223790673));
#1162 = CARTESIAN_POINT('',(67.700624203703,70.286865535049,
    19.475632241903));
#1163 = CARTESIAN_POINT('',(67.660639904322,70.282941955674,
    19.520131346041));
#1164 = CARTESIAN_POINT('',(67.619010125136,70.278223569475,
    19.563642982578));
#1165 = CARTESIAN_POINT('',(67.521557222002,70.26559007109,
    19.659254959974));
#1166 = CARTESIAN_POINT('',(67.464752956557,70.257161728403,
    19.71079955559));
#1167 = CARTESIAN_POINT('',(67.405453562274,70.247150802247,
    19.760461023478));
#1168 = CARTESIAN_POINT('',(67.343799153154,70.235375470484,
    19.808008033354));
#1169 = CARTESIAN_POINT('',(67.279948360834,70.221654911328,
    19.853237410451));
#1170 = CARTESIAN_POINT('',(67.214074993597,70.205812743785,
    19.895973091003));
#1171 = CARTESIAN_POINT('',(67.096717168478,70.174385257939,
    19.965461905708));
#1172 = CARTESIAN_POINT('',(67.046111943464,70.159866797424,
    19.993419727418));
#1173 = CARTESIAN_POINT('',(66.994684799777,70.144077242147,
    20.01984674677));
#1174 = CARTESIAN_POINT('',(66.942577682973,70.126979325646,
    20.04467196652));
#1175 = CARTESIAN_POINT('',(66.889936819411,70.108547824335,
    20.06784437368));
#1176 = CARTESIAN_POINT('',(66.836910830929,70.088771022444,
    20.089332124935));
#1177 = CARTESIAN_POINT('',(66.667032277091,70.021412677207,
    20.152450877756));
#1178 = CARTESIAN_POINT('',(66.549959618972,69.969007175235,
    20.187388088014));
#1179 = CARTESIAN_POINT('',(66.433677639364,69.910466719985,
    20.214090124555));
#1180 = CARTESIAN_POINT('',(66.319407061167,69.846069224177,
    20.232966414272));
#1181 = CARTESIAN_POINT('',(66.208320623603,69.776368723713,
    20.244656456008));
#1182 = CARTESIAN_POINT('',(66.101518346321,69.702231769217,20.25));
#1183 = CARTESIAN_POINT('',(66.,69.624880949681,20.25));
#1184 = PCURVE('',#196,#1185);
#1185 = DEFINITIONAL_REPRESENTATION('',(#1186),#1387);
#1186 = B_SPLINE_CURVE_WITH_KNOTS('',7,(#1187,#1188,#1189,#1190,#1191,
    #1192,#1193,#1194,#1195,#1196,#1197,#1198,#1199,#1200,#1201,#1202,
    #1203,#1204,#1205,#1206,#1207,#1208,#1209,#1210,#1211,#1212,#1213,
    #1214,#1215,#1216,#1217,#1218,#1219,#1220,#1221,#1222,#1223,#1224,
    #1225,#1226,#1227,#1228,#1229,#1230,#1231,#1232,#1233,#1234,#1235,
    #1236,#1237,#1238,#1239,#1240,#1241,#1242,#1243,#1244,#1245,#1246,
    #1247,#1248,#1249,#1250,#1251,#1252,#1253,#1254,#1255,#1256,#1257,
    #1258,#1259,#1260,#1261,#1262,#1263,#1264,#1265,#1266,#1267,#1268,
    #1269,#1270,#1271,#1272,#1273,#1274,#1275,#1276,#1277,#1278,#1279,
    #1280,#1281,#1282,#1283,#1284,#1285,#1286,#1287,#1288,#1289,#1290,
    #1291,#1292,#1293,#1294,#1295,#1296,#1297,#1298,#1299,#1300,#1301,
    #1302,#1303,#1304,#1305,#1306,#1307,#1308,#1309,#1310,#1311,#1312,
    #1313,#1314,#1315,#1316,#1317,#1318,#1319,#1320,#1321,#1322,#1323,
    #1324,#1325,#1326,#1327,#1328,#1329,#1330,#1331,#1332,#1333,#1334,
    #1335,#1336,#1337,#1338,#1339,#1340,#1341,#1342,#1343,#1344,#1345,
    #1346,#1347,#1348,#1349,#1350,#1351,#1352,#1353,#1354,#1355,#1356,
    #1357,#1358,#1359,#1360,#1361,#1362,#1363,#1364,#1365,#1366,#1367,
    #1368,#1369,#1370,#1371,#1372,#1373,#1374,#1375,#1376,#1377,#1378,
    #1379,#1380,#1381,#1382,#1383,#1384,#1385,#1386),.UNSPECIFIED.,.F.,
  .F.,(8,6,6,6,6,6,6,6,6,6,6,6,6,6,6,6,6,6,6,6,6,6,6,6,6,6,6,6,6,6,6,6,6
    ,8),(0.,4.020082903536E-02,6.717834703052E-02,8.362039491541E-02,
    0.103613581918,0.119362313339,0.132549900751,0.174083420672,
    0.228884512357,0.244498391085,0.264944998744,0.281044109874,
    0.307717667838,0.337193960638,0.374185460394,0.426089257249,
    0.462608831821,0.499693860795,0.536778889769,0.573298464341,
    0.645566892559,0.672308300233,0.71833825536,0.734473190335,
    0.754965300997,0.770613931401,0.825536993408,0.867162954129,
    0.880379893042,0.89616367628,0.916201357403,0.941300960948,
    0.959704856293,1.),.UNSPECIFIED.);
#1187 = CARTESIAN_POINT('',(4.061290395414,10.35));
#1188 = CARTESIAN_POINT('',(4.099965805181,10.35));
#1189 = CARTESIAN_POINT('',(4.139324602227,10.344656456008));
#1190 = CARTESIAN_POINT('',(4.178995690366,10.332966414272));
#1191 = CARTESIAN_POINT('',(4.218664489516,10.314090124555));
#1192 = CARTESIAN_POINT('',(4.25804881133,10.287388088014));
#1193 = CARTESIAN_POINT('',(4.296880931404,10.252450877756));
#1194 = CARTESIAN_POINT('',(4.360406485351,10.180044898671));
#1195 = CARTESIAN_POINT('',(4.385428674288,10.147326259669));
#1196 = CARTESIAN_POINT('',(4.409869293317,10.11100539676));
#1197 = CARTESIAN_POINT('',(4.433636897026,10.071197493362));
#1198 = CARTESIAN_POINT('',(4.456643091412,10.028098140135));
#1199 = CARTESIAN_POINT('',(4.478803899183,9.98198814053));
#1200 = CARTESIAN_POINT('',(4.512984624327,9.903526652558));
#1201 = CARTESIAN_POINT('',(4.525594029935,9.872813860512));
#1202 = CARTESIAN_POINT('',(4.537864802003,9.84114944484));
#1203 = CARTESIAN_POINT('',(4.549792321824,9.808586352563));
#1204 = CARTESIAN_POINT('',(4.561372034637,9.775181051406));
#1205 = CARTESIAN_POINT('',(4.572599592416,9.740993608145));
#1206 = CARTESIAN_POINT('',(4.596690397285,9.663642992699));
#1207 = CARTESIAN_POINT('',(4.609384742986,9.620131346838));
#1208 = CARTESIAN_POINT('',(4.621557226168,9.575632233354));
#1209 = CARTESIAN_POINT('',(4.633210883155,9.530223782403));
#1210 = CARTESIAN_POINT('',(4.644348594199,9.483982850297));
#1211 = CARTESIAN_POINT('',(4.654973083477,9.436985019511));
#1212 = CARTESIAN_POINT('',(4.673053636992,9.351746497429));
#1213 = CARTESIAN_POINT('',(4.68070503435,9.313757870856));
#1214 = CARTESIAN_POINT('',(4.688043525763,9.275369013874));
#1215 = CARTESIAN_POINT('',(4.695071481736,9.236608260505));
#1216 = CARTESIAN_POINT('',(4.701791228682,9.19750198388));
#1217 = CARTESIAN_POINT('',(4.708205048926,9.158074596232));
#1218 = CARTESIAN_POINT('',(4.719431649744,9.085082966569));
#1219 = CARTESIAN_POINT('',(4.724335131103,9.051608194795));
#1220 = CARTESIAN_POINT('',(4.72902690087,9.017937497874));
#1221 = CARTESIAN_POINT('',(4.733508149984,8.98408354777));
#1222 = CARTESIAN_POINT('',(4.73777998423,8.950058424122));
#1223 = CARTESIAN_POINT('',(4.741843424236,8.915873614242));
#1224 = CARTESIAN_POINT('',(4.757843588374,8.773408384361));
#1225 = CARTESIAN_POINT('',(4.76793047796,8.663798097842));
#1226 = CARTESIAN_POINT('',(4.775988345049,8.553052762344));
#1227 = CARTESIAN_POINT('',(4.782036948353,8.441479534588));
#1228 = CARTESIAN_POINT('',(4.786088521664,8.329360093233));
#1229 = CARTESIAN_POINT('',(4.788148761036,8.216961612869));
#1230 = CARTESIAN_POINT('',(4.788308920717,7.956224093061));
#1231 = CARTESIAN_POINT('',(4.784933221684,7.807912656275));
#1232 = CARTESIAN_POINT('',(4.778093434011,7.660207518602));
#1233 = CARTESIAN_POINT('',(4.767769957367,7.5137163634));
#1234 = CARTESIAN_POINT('',(4.753925846238,7.369105503429));
#1235 = CARTESIAN_POINT('',(4.736502121277,7.227145580247));
#1236 = CARTESIAN_POINT('',(4.709391993701,7.049328637602));
#1237 = CARTESIAN_POINT('',(4.703082352103,7.010190030177));
#1238 = CARTESIAN_POINT('',(4.696472330554,6.971363835782));
#1239 = CARTESIAN_POINT('',(4.689559716717,6.932873655165));
#1240 = CARTESIAN_POINT('',(4.682342248279,6.894744957806));
#1241 = CARTESIAN_POINT('',(4.67481761296,6.857005081908));
#1242 = CARTESIAN_POINT('',(4.656724493017,6.770809717047));
#1243 = CARTESIAN_POINT('',(4.645932117402,6.722640927694));
#1244 = CARTESIAN_POINT('',(4.63460350944,6.675255623063));
#1245 = CARTESIAN_POINT('',(4.622735679279,6.628734036579));
#1246 = CARTESIAN_POINT('',(4.610325459444,6.583157878376));
#1247 = CARTESIAN_POINT('',(4.597369504831,6.5386103353));
#1248 = CARTESIAN_POINT('',(4.573230650481,6.460977094675));
#1249 = CARTESIAN_POINT('',(4.562255733585,6.42746610191));
#1250 = CARTESIAN_POINT('',(4.550943184234,6.394702507267));
#1251 = CARTESIAN_POINT('',(4.539296957604,6.362742431517));
#1252 = CARTESIAN_POINT('',(4.527321194095,6.331638769825));
#1253 = CARTESIAN_POINT('',(4.515020091582,6.301441260028));
#1254 = CARTESIAN_POINT('',(4.481484696251,6.223742916563));
#1255 = CARTESIAN_POINT('',(4.459665836992,6.17784931014));
#1256 = CARTESIAN_POINT('',(4.437015292681,6.1348745684));
#1257 = CARTESIAN_POINT('',(4.413612643766,6.095092756578));
#1258 = CARTESIAN_POINT('',(4.38954162035,6.058697605304));
#1259 = CARTESIAN_POINT('',(4.364888764195,6.025806947526));
#1260 = CARTESIAN_POINT('',(4.311953120408,5.96404447287));
#1261 = CARTESIAN_POINT('',(4.283646981318,5.936058015012));
#1262 = CARTESIAN_POINT('',(4.254947818674,5.912520919642));
#1263 = CARTESIAN_POINT('',(4.225985077898,5.893346219183));
#1264 = CARTESIAN_POINT('',(4.196895980835,5.878354606522));
#1265 = CARTESIAN_POINT('',(4.167828001972,5.86728220084));
#1266 = CARTESIAN_POINT('',(4.102689812474,5.850383801969));
#1267 = CARTESIAN_POINT('',(4.066720815947,5.846614891238));
#1268 = CARTESIAN_POINT('',(4.0310867433,5.847744108906));
#1269 = CARTESIAN_POINT('',(3.995831303966,5.853083906708));
#1270 = CARTESIAN_POINT('',(3.960995115464,5.86198465072));
#1271 = CARTESIAN_POINT('',(3.926619798567,5.873829525101));
#1272 = CARTESIAN_POINT('',(3.845227744042,5.907970337436));
#1273 = CARTESIAN_POINT('',(3.798555667134,5.932615435443));
#1274 = CARTESIAN_POINT('',(3.752648252817,5.960508596461));
#1275 = CARTESIAN_POINT('',(3.707402808891,5.990430865976));
#1276 = CARTESIAN_POINT('',(3.662702236226,6.021327719593));
#1277 = CARTESIAN_POINT('',(3.618415144172,6.052250441538));
#1278 = CARTESIAN_POINT('',(3.543420487617,6.103474497267));
#1279 = CARTESIAN_POINT('',(3.512574783242,6.124209787746));
#1280 = CARTESIAN_POINT('',(3.481834084058,6.144198649538));
#1281 = CARTESIAN_POINT('',(3.451173233613,6.163130424143));
#1282 = CARTESIAN_POINT('',(3.420564193122,6.180714029715));
#1283 = CARTESIAN_POINT('',(3.389975619483,6.196682430426));
#1284 = CARTESIAN_POINT('',(3.328295419858,6.225130327174));
#1285 = CARTESIAN_POINT('',(3.297193149404,6.237556866944));
#1286 = CARTESIAN_POINT('',(3.266084492224,6.247799902596));
#1287 = CARTESIAN_POINT('',(3.234975145525,6.255638510335));
#1288 = CARTESIAN_POINT('',(3.203862277162,6.260919508998));
#1289 = CARTESIAN_POINT('',(3.172738138098,6.263563232779));
#1290 = CARTESIAN_POINT('',(3.110447169081,6.263563232779));
#1291 = CARTESIAN_POINT('',(3.079323030017,6.260919508998));
#1292 = CARTESIAN_POINT('',(3.048210161655,6.255638510335));
#1293 = CARTESIAN_POINT('',(3.017100814956,6.247799902596));
#1294 = CARTESIAN_POINT('',(2.985992157776,6.237556866944));
#1295 = CARTESIAN_POINT('',(2.954889887322,6.225130327174));
#1296 = CARTESIAN_POINT('',(2.893209687697,6.196682430426));
#1297 = CARTESIAN_POINT('',(2.862621114058,6.180714029715));
#1298 = CARTESIAN_POINT('',(2.832012073566,6.163130424143));
#1299 = CARTESIAN_POINT('',(2.801351223122,6.144198649538));
#1300 = CARTESIAN_POINT('',(2.770610523937,6.124209787746));
#1301 = CARTESIAN_POINT('',(2.739764819563,6.103474497267));
#1302 = CARTESIAN_POINT('',(2.647498275379,6.040453119235));
#1303 = CARTESIAN_POINT('',(2.585647316602,5.996901198693));
#1304 = CARTESIAN_POINT('',(2.522862062896,5.954056137589));
#1305 = CARTESIAN_POINT('',(2.458816837751,5.914559250262));
#1306 = CARTESIAN_POINT('',(2.393249942139,5.88155981886));
#1307 = CARTESIAN_POINT('',(2.325958389777,5.858923550453));
#1308 = CARTESIAN_POINT('',(2.231263165577,5.84919174312));
#1309 = CARTESIAN_POINT('',(2.205430543404,5.848689370722));
#1310 = CARTESIAN_POINT('',(2.179401535048,5.850584430702));
#1311 = CARTESIAN_POINT('',(2.153231724586,5.855138692842));
#1312 = CARTESIAN_POINT('',(2.126973491018,5.862603215496));
#1313 = CARTESIAN_POINT('',(2.100677373983,5.873217220928));
#1314 = CARTESIAN_POINT('',(2.029150932391,5.911287511233));
#1315 = CARTESIAN_POINT('',(1.984048304344,5.945314726203));
#1316 = CARTESIAN_POINT('',(1.939724823878,5.99016058083));
#1317 = CARTESIAN_POINT('',(1.896732607789,6.046092765758));
#1318 = CARTESIAN_POINT('',(1.855591078202,6.112695313293));
#1319 = CARTESIAN_POINT('',(1.816796632981,6.188766859331));
#1320 = CARTESIAN_POINT('',(1.768165215598,6.301441260026));
#1321 = CARTESIAN_POINT('',(1.755864113085,6.331638769825));
#1322 = CARTESIAN_POINT('',(1.743888349575,6.362742431518));
#1323 = CARTESIAN_POINT('',(1.732242122945,6.394702507269));
#1324 = CARTESIAN_POINT('',(1.720929573595,6.42746610191));
#1325 = CARTESIAN_POINT('',(1.709954656699,6.460977094673));
#1326 = CARTESIAN_POINT('',(1.685815798999,6.538610346071));
#1327 = CARTESIAN_POINT('',(1.672859846948,6.58315787921));
#1328 = CARTESIAN_POINT('',(1.660449630016,6.628734027463));
#1329 = CARTESIAN_POINT('',(1.648581800226,6.675255614254));
#1330 = CARTESIAN_POINT('',(1.637253189916,6.722640929295));
#1331 = CARTESIAN_POINT('',(1.626460811741,6.770809728584));
#1332 = CARTESIAN_POINT('',(1.60836769422,6.857005081908));
#1333 = CARTESIAN_POINT('',(1.600843058901,6.894744957806));
#1334 = CARTESIAN_POINT('',(1.593625590463,6.932873655165));
#1335 = CARTESIAN_POINT('',(1.586712976625,6.971363835782));
#1336 = CARTESIAN_POINT('',(1.580102955077,7.010190030177));
#1337 = CARTESIAN_POINT('',(1.573793313479,7.049328637602));
#1338 = CARTESIAN_POINT('',(1.546683185902,7.227145580247));
#1339 = CARTESIAN_POINT('',(1.529259460941,7.369105503429));
#1340 = CARTESIAN_POINT('',(1.515415349813,7.5137163634));
#1341 = CARTESIAN_POINT('',(1.505091873169,7.660207518601));
#1342 = CARTESIAN_POINT('',(1.498252085495,7.807912656275));
#1343 = CARTESIAN_POINT('',(1.494876386463,7.956224093061));
#1344 = CARTESIAN_POINT('',(1.495036546144,8.216961612869));
#1345 = CARTESIAN_POINT('',(1.497096785516,8.329360093233));
#1346 = CARTESIAN_POINT('',(1.501148358826,8.441479534588));
#1347 = CARTESIAN_POINT('',(1.507196962131,8.553052762344));
#1348 = CARTESIAN_POINT('',(1.51525482922,8.663798097842));
#1349 = CARTESIAN_POINT('',(1.525341718806,8.773408384361));
#1350 = CARTESIAN_POINT('',(1.541341882944,8.915873614242));
#1351 = CARTESIAN_POINT('',(1.54540532295,8.950058424122));
#1352 = CARTESIAN_POINT('',(1.549677157196,8.98408354777));
#1353 = CARTESIAN_POINT('',(1.55415840631,9.017937497874));
#1354 = CARTESIAN_POINT('',(1.558850176077,9.051608194795));
#1355 = CARTESIAN_POINT('',(1.563753657436,9.085082966569));
#1356 = CARTESIAN_POINT('',(1.574980258254,9.158074596232));
#1357 = CARTESIAN_POINT('',(1.581394078497,9.19750198388));
#1358 = CARTESIAN_POINT('',(1.588113825444,9.236608260505));
#1359 = CARTESIAN_POINT('',(1.595141781417,9.275369013874));
#1360 = CARTESIAN_POINT('',(1.60248027283,9.313757870856));
#1361 = CARTESIAN_POINT('',(1.610131670187,9.351746497429));
#1362 = CARTESIAN_POINT('',(1.628212221408,9.436985008696));
#1363 = CARTESIAN_POINT('',(1.638836713103,9.483982848806));
#1364 = CARTESIAN_POINT('',(1.649974426368,9.530223790673));
#1365 = CARTESIAN_POINT('',(1.661628083012,9.575632241903));
#1366 = CARTESIAN_POINT('',(1.673800563458,9.620131346041));
#1367 = CARTESIAN_POINT('',(1.686494906743,9.663642982578));
#1368 = CARTESIAN_POINT('',(1.716273202329,9.759254959974));
#1369 = CARTESIAN_POINT('',(1.733672139254,9.81079955559));
#1370 = CARTESIAN_POINT('',(1.751889924053,9.860461023478));
#1371 = CARTESIAN_POINT('',(1.770902414673,9.908008033354));
#1372 = CARTESIAN_POINT('',(1.790683786668,9.953237410451));
#1373 = CARTESIAN_POINT('',(1.811207795603,9.995973091003));
#1374 = CARTESIAN_POINT('',(1.848023852386,10.065461905708));
#1375 = CARTESIAN_POINT('',(1.863974896816,10.093419727418));
#1376 = CARTESIAN_POINT('',(1.880272307394,10.11984674677));
#1377 = CARTESIAN_POINT('',(1.896885020825,10.14467196652));
#1378 = CARTESIAN_POINT('',(1.91378092221,10.16784437368));
#1379 = CARTESIAN_POINT('',(1.930926991365,10.189332124935));
#1380 = CARTESIAN_POINT('',(1.986304375775,10.252450877756));
#1381 = CARTESIAN_POINT('',(2.025136495849,10.287388088014));
#1382 = CARTESIAN_POINT('',(2.064520817664,10.314090124555));
#1383 = CARTESIAN_POINT('',(2.104189616813,10.332966414272));
#1384 = CARTESIAN_POINT('',(2.143860704952,10.344656456008));
#1385 = CARTESIAN_POINT('',(2.183219501998,10.35));
#1386 = CARTESIAN_POINT('',(2.221894911766,10.35));
#1387 = ( GEOMETRIC_REPRESENTATION_CONTEXT(2) 
PARAMETRIC_REPRESENTATION_CONTEXT() REPRESENTATION_CONTEXT('2D SPACE',''
  ) );
#1388 = PCURVE('',#483,#1389);
#1389 = DEFINITIONAL_REPRESENTATION('',(#1390),#1591);
#1390 = B_SPLINE_CURVE_WITH_KNOTS('',7,(#1391,#1392,#1393,#1394,#1395,
    #1396,#1397,#1398,#1399,#1400,#1401,#1402,#1403,#1404,#1405,#1406,
    #1407,#1408,#1409,#1410,#1411,#1412,#1413,#1414,#1415,#1416,#1417,
    #1418,#1419,#1420,#1421,#1422,#1423,#1424,#1425,#1426,#1427,#1428,
    #1429,#1430,#1431,#1432,#1433,#1434,#1435,#1436,#1437,#1438,#1439,
    #1440,#1441,#1442,#1443,#1444,#1445,#1446,#1447,#1448,#1449,#1450,
    #1451,#1452,#1453,#1454,#1455,#1456,#1457,#1458,#1459,#1460,#1461,
    #1462,#1463,#1464,#1465,#1466,#1467,#1468,#1469,#1470,#1471,#1472,
    #1473,#1474,#1475,#1476,#1477,#1478,#1479,#1480,#1481,#1482,#1483,
    #1484,#1485,#1486,#1487,#1488,#1489,#1490,#1491,#1492,#1493,#1494,
    #1495,#1496,#1497,#1498,#1499,#1500,#1501,#1502,#1503,#1504,#1505,
    #1506,#1507,#1508,#1509,#1510,#1511,#1512,#1513,#1514,#1515,#1516,
    #1517,#1518,#1519,#1520,#1521,#1522,#1523,#1524,#1525,#1526,#1527,
    #1528,#1529,#1530,#1531,#1532,#1533,#1534,#1535,#1536,#1537,#1538,
    #1539,#1540,#1541,#1542,#1543,#1544,#1545,#1546,#1547,#1548,#1549,
    #1550,#1551,#1552,#1553,#1554,#1555,#1556,#1557,#1558,#1559,#1560,
    #1561,#1562,#1563,#1564,#1565,#1566,#1567,#1568,#1569,#1570,#1571,
    #1572,#1573,#1574,#1575,#1576,#1577,#1578,#1579,#1580,#1581,#1582,
    #1583,#1584,#1585,#1586,#1587,#1588,#1589,#1590),.UNSPECIFIED.,.F.,
  .F.,(8,6,6,6,6,6,6,6,6,6,6,6,6,6,6,6,6,6,6,6,6,6,6,6,6,6,6,6,6,6,6,6,6
    ,8),(0.,4.020082903536E-02,6.717834703052E-02,8.362039491541E-02,
    0.103613581918,0.119362313339,0.132549900751,0.174083420672,
    0.228884512357,0.244498391085,0.264944998744,0.281044109874,
    0.307717667838,0.337193960638,0.374185460394,0.426089257249,
    0.462608831821,0.499693860795,0.536778889769,0.573298464341,
    0.645566892559,0.672308300233,0.71833825536,0.734473190335,
    0.754965300997,0.770613931401,0.825536993408,0.867162954129,
    0.880379893042,0.89616367628,0.916201357403,0.941300960948,
    0.959704856293,1.),.UNSPECIFIED.);
#1391 = CARTESIAN_POINT('',(0.,6.475119050319));
#1392 = CARTESIAN_POINT('',(4.51192650315E-02,6.397768230783));
#1393 = CARTESIAN_POINT('',(9.258695983238E-02,6.323631276287));
#1394 = CARTESIAN_POINT('',(0.142108655538,6.253930775823));
#1395 = CARTESIAN_POINT('',(0.193416126867,6.189533280015));
#1396 = CARTESIAN_POINT('',(0.246270441397,6.130992824765));
#1397 = CARTESIAN_POINT('',(0.300453000651,6.078587322793));
#1398 = CARTESIAN_POINT('',(0.392848949588,6.001317942166));
#1399 = CARTESIAN_POINT('',(0.430277843528,5.973210895596));
#1400 = CARTESIAN_POINT('',(0.467927459352,5.948014002602));
#1401 = CARTESIAN_POINT('',(0.505690603509,5.925653129225));
#1402 = CARTESIAN_POINT('',(0.543452919785,5.906002141518));
#1403 = CARTESIAN_POINT('',(0.581089164736,5.888892358776));
#1404 = CARTESIAN_POINT('',(0.641235654177,5.865119887491));
#1405 = CARTESIAN_POINT('',(0.663928750579,5.856980640972));
#1406 = CARTESIAN_POINT('',(0.68653129011,5.849651322798));
#1407 = CARTESIAN_POINT('',(0.709035211888,5.843079099027));
#1408 = CARTESIAN_POINT('',(0.731431743058,5.837211554559));
#1409 = CARTESIAN_POINT('',(0.753711265496,5.831997001523));
#1410 = CARTESIAN_POINT('',(0.802799451156,5.821776431863));
#1411 = CARTESIAN_POINT('',(0.829549988809,5.817058044922));
#1412 = CARTESIAN_POINT('',(0.856117742133,5.813134464491));
#1413 = CARTESIAN_POINT('',(0.882505233789,5.809916419686));
#1414 = CARTESIAN_POINT('',(0.908714562419,5.807320531071));
#1415 = CARTESIAN_POINT('',(0.934747402647,5.805269310664));
#1416 = CARTESIAN_POINT('',(0.980973165287,5.802448046442));
#1417 = CARTESIAN_POINT('',(1.001236382571,5.80149817894));
#1418 = CARTESIAN_POINT('',(1.021398315935,5.800806615945));
#1419 = CARTESIAN_POINT('',(1.041462959716,5.800340744905));
#1420 = CARTESIAN_POINT('',(1.06143464359,5.800070284193));
#1421 = CARTESIAN_POINT('',(1.081318032571,5.799967283116));
#1422 = CARTESIAN_POINT('',(1.117698222843,5.800038644523));
#1423 = CARTESIAN_POINT('',(1.134219810219,5.800170579621));
#1424 = CARTESIAN_POINT('',(1.150685763603,5.800386877968));
#1425 = CARTESIAN_POINT('',(1.167098978787,5.800673516785));
#1426 = CARTESIAN_POINT('',(1.183462372896,5.801017499741));
#1427 = CARTESIAN_POINT('',(1.199778884387,5.801406856959));
#1428 = CARTESIAN_POINT('',(1.267301020361,5.803165340206));
#1429 = CARTESIAN_POINT('',(1.318116394306,5.804841006674));
#1430 = CARTESIAN_POINT('',(1.368588967396,5.806515931565));
#1431 = CARTESIAN_POINT('',(1.41880596727,5.807940060663));
#1432 = CARTESIAN_POINT('',(1.468852451818,5.808950282363));
#1433 = CARTESIAN_POINT('',(1.518813284311,5.809465711647));
#1434 = CARTESIAN_POINT('',(1.634696863159,5.809505750831));
#1435 = CARTESIAN_POINT('',(1.700603020387,5.808661978666));
#1436 = CARTESIAN_POINT('',(1.766697045072,5.806947438716));
#1437 = CARTESIAN_POINT('',(1.833176632662,5.804603046916));
#1438 = CARTESIAN_POINT('',(1.900238130973,5.802111890058));
#1439 = CARTESIAN_POINT('',(1.968084343905,5.800224875319));
#1440 = CARTESIAN_POINT('',(2.056552789627,5.799955193851));
#1441 = CARTESIAN_POINT('',(2.07625112721,5.800031590892));
#1442 = CARTESIAN_POINT('',(2.09603560941,5.80026892775));
#1443 = CARTESIAN_POINT('',(2.115910805319,5.800694194012));
#1444 = CARTESIAN_POINT('',(2.135880973539,5.80133662549));
#1445 = CARTESIAN_POINT('',(2.155950062186,5.802227704215));
#1446 = CARTESIAN_POINT('',(2.202536781854,5.804937814292));
#1447 = CARTESIAN_POINT('',(2.229134273485,5.806959172401));
#1448 = CARTESIAN_POINT('',(2.255915725886,5.809541096591));
#1449 = CARTESIAN_POINT('',(2.282883131376,5.812765920788));
#1450 = CARTESIAN_POINT('',(2.310038932491,5.816722449016));
#1451 = CARTESIAN_POINT('',(2.337386021981,5.8215059554));
#1452 = CARTESIAN_POINT('',(2.386613355984,5.831715840073));
#1453 = CARTESIAN_POINT('',(2.408421028781,5.83678958416));
#1454 = CARTESIAN_POINT('',(2.430341057127,5.842486945487));
#1455 = CARTESIAN_POINT('',(2.452364619437,5.848856438605));
#1456 = CARTESIAN_POINT('',(2.474483658885,5.855947291802));
#1457 = CARTESIAN_POINT('',(2.496690765681,5.863809175346));
#1458 = CARTESIAN_POINT('',(2.555907066605,5.886877814168));
#1459 = CARTESIAN_POINT('',(2.59310012867,5.903533296536));
#1460 = CARTESIAN_POINT('',(2.630424741909,5.922655099421));
#1461 = CARTESIAN_POINT('',(2.667761349924,5.944409522517));
#1462 = CARTESIAN_POINT('',(2.705000846528,5.968923584632));
#1463 = CARTESIAN_POINT('',(2.742041078728,5.996276165692));
#1464 = CARTESIAN_POINT('',(2.819386329608,6.05987677316));
#1465 = CARTESIAN_POINT('',(2.85949993912,6.09665442251));
#1466 = CARTESIAN_POINT('',(2.898999245311,6.136817700511));
#1467 = CARTESIAN_POINT('',(2.937758273535,6.180271625975));
#1468 = CARTESIAN_POINT('',(2.975648236947,6.226821779488));
#1469 = CARTESIAN_POINT('',(3.012535766014,6.276165450089));
#1470 = CARTESIAN_POINT('',(3.093140066822,6.392785844269));
#1471 = CARTESIAN_POINT('',(3.136204388323,6.461433338806));
#1472 = CARTESIAN_POINT('',(3.177526235251,6.533472611167));
#1473 = CARTESIAN_POINT('',(3.217134720182,6.608528174002));
#1474 = CARTESIAN_POINT('',(3.255040935144,6.686208230482));
#1475 = CARTESIAN_POINT('',(3.291242530946,6.766106264933));
#1476 = CARTESIAN_POINT('',(3.374115218431,6.9624212144));
#1477 = CARTESIAN_POINT('',(3.419272101722,7.080926948191));
#1478 = CARTESIAN_POINT('',(3.461355040553,7.202716898222));
#1479 = CARTESIAN_POINT('',(3.50045609805,7.327344627319));
#1480 = CARTESIAN_POINT('',(3.536616282959,7.454511091866));
#1481 = CARTESIAN_POINT('',(3.569827790705,7.584053785327));
#1482 = CARTESIAN_POINT('',(3.621271944145,7.808716899247));
#1483 = CARTESIAN_POINT('',(3.641029300662,7.902671223305));
#1484 = CARTESIAN_POINT('',(3.65925428307,7.997691520246));
#1485 = CARTESIAN_POINT('',(3.675896709231,8.093693766241));
#1486 = CARTESIAN_POINT('',(3.690901048637,8.190610219041));
#1487 = CARTESIAN_POINT('',(3.704208381076,8.288389073122));
#1488 = CARTESIAN_POINT('',(3.727487164666,8.487125917348));
#1489 = CARTESIAN_POINT('',(3.737407625258,8.588142472281));
#1490 = CARTESIAN_POINT('',(3.745433621168,8.689827244494));
#1491 = CARTESIAN_POINT('',(3.751500086115,8.792000689886));
#1492 = CARTESIAN_POINT('',(3.75556242359,8.89451021466));
#1493 = CARTESIAN_POINT('',(3.757596048196,8.997219901122));
#1494 = CARTESIAN_POINT('',(3.757596048196,9.202780098878));
#1495 = CARTESIAN_POINT('',(3.75556242359,9.30548978534));
#1496 = CARTESIAN_POINT('',(3.751500086115,9.407999310114));
#1497 = CARTESIAN_POINT('',(3.745433621168,9.510172755506));
#1498 = CARTESIAN_POINT('',(3.737407625258,9.611857527719));
#1499 = CARTESIAN_POINT('',(3.727487164666,9.712874082652));
#1500 = CARTESIAN_POINT('',(3.704208381076,9.911610926878));
#1501 = CARTESIAN_POINT('',(3.690901048637,10.009389780959));
#1502 = CARTESIAN_POINT('',(3.675896709231,10.106306233759));
#1503 = CARTESIAN_POINT('',(3.65925428307,10.202308479754));
#1504 = CARTESIAN_POINT('',(3.641029300662,10.297328776695));
#1505 = CARTESIAN_POINT('',(3.621271944145,10.391283100753));
#1506 = CARTESIAN_POINT('',(3.557979778085,10.667687981835));
#1507 = CARTESIAN_POINT('',(3.510062194362,10.846909654965));
#1508 = CARTESIAN_POINT('',(3.4564482935,11.021539679233));
#1509 = CARTESIAN_POINT('',(3.397115478469,11.190960287311));
#1510 = CARTESIAN_POINT('',(3.331856436559,11.354007418763));
#1511 = CARTESIAN_POINT('',(3.260322194832,11.508911499278));
#1512 = CARTESIAN_POINT('',(3.152770669494,11.706870451697));
#1513 = CARTESIAN_POINT('',(3.122760852125,11.758924484076));
#1514 = CARTESIAN_POINT('',(3.091828145917,11.809312986049));
#1515 = CARTESIAN_POINT('',(3.060007128113,11.857816581816));
#1516 = CARTESIAN_POINT('',(3.027327522468,11.904248808747));
#1517 = CARTESIAN_POINT('',(2.993813278159,11.948455259316));
#1518 = CARTESIAN_POINT('',(2.900386653334,12.062361928549));
#1519 = CARTESIAN_POINT('',(2.839005629594,12.127285447329));
#1520 = CARTESIAN_POINT('',(2.775947805669,12.183905336678));
#1521 = CARTESIAN_POINT('',(2.711789620032,12.231794809839));
#1522 = CARTESIAN_POINT('',(2.647110548601,12.271169603166));
#1523 = CARTESIAN_POINT('',(2.582563397201,12.302737794149));
#1524 = CARTESIAN_POINT('',(2.496690765683,12.336190824653));
#1525 = CARTESIAN_POINT('',(2.474483658885,12.344052708198));
#1526 = CARTESIAN_POINT('',(2.452364619435,12.351143561396));
#1527 = CARTESIAN_POINT('',(2.430341057126,12.357513054514));
#1528 = CARTESIAN_POINT('',(2.408421028781,12.36321041584));
#1529 = CARTESIAN_POINT('',(2.386613355985,12.368284159927));
#1530 = CARTESIAN_POINT('',(2.337386015151,12.378494046016));
#1531 = CARTESIAN_POINT('',(2.31003893147,12.383277551623));
#1532 = CARTESIAN_POINT('',(2.282883136486,12.387234078735));
#1533 = CARTESIAN_POINT('',(2.255915731234,12.390458902509));
#1534 = CARTESIAN_POINT('',(2.229134273058,12.393040827184));
#1535 = CARTESIAN_POINT('',(2.202536775618,12.39506218607));
#1536 = CARTESIAN_POINT('',(2.155950062186,12.397772295785));
#1537 = CARTESIAN_POINT('',(2.135880973539,12.39866337451));
#1538 = CARTESIAN_POINT('',(2.115910805319,12.399305805988));
#1539 = CARTESIAN_POINT('',(2.09603560941,12.39973107225));
#1540 = CARTESIAN_POINT('',(2.07625112721,12.399968409108));
#1541 = CARTESIAN_POINT('',(2.056552789627,12.400044806149));
#1542 = CARTESIAN_POINT('',(1.968084343905,12.399775124681));
#1543 = CARTESIAN_POINT('',(1.900238130973,12.397888109942));
#1544 = CARTESIAN_POINT('',(1.833176632662,12.395396953084));
#1545 = CARTESIAN_POINT('',(1.766697045072,12.393052561284));
#1546 = CARTESIAN_POINT('',(1.700603020387,12.391338021334));
#1547 = CARTESIAN_POINT('',(1.634696863159,12.390494249169));
#1548 = CARTESIAN_POINT('',(1.518813284311,12.390534288353));
#1549 = CARTESIAN_POINT('',(1.468852451818,12.391049717637));
#1550 = CARTESIAN_POINT('',(1.41880596727,12.392059939337));
#1551 = CARTESIAN_POINT('',(1.368588967396,12.393484068435));
#1552 = CARTESIAN_POINT('',(1.318116394306,12.395158993326));
#1553 = CARTESIAN_POINT('',(1.267301020361,12.396834659794));
#1554 = CARTESIAN_POINT('',(1.199778884387,12.398593143041));
#1555 = CARTESIAN_POINT('',(1.183462372896,12.398982500259));
#1556 = CARTESIAN_POINT('',(1.167098978787,12.399326483215));
#1557 = CARTESIAN_POINT('',(1.150685763603,12.399613122032));
#1558 = CARTESIAN_POINT('',(1.134219810219,12.399829420379));
#1559 = CARTESIAN_POINT('',(1.117698222843,12.399961355477));
#1560 = CARTESIAN_POINT('',(1.081318032571,12.400032716884));
#1561 = CARTESIAN_POINT('',(1.06143464359,12.399929715807));
#1562 = CARTESIAN_POINT('',(1.041462959716,12.399659255095));
#1563 = CARTESIAN_POINT('',(1.021398315935,12.399193384055));
#1564 = CARTESIAN_POINT('',(1.001236382571,12.39850182106));
#1565 = CARTESIAN_POINT('',(0.980973165287,12.397551953558));
#1566 = CARTESIAN_POINT('',(0.934747408513,12.394730689694));
#1567 = CARTESIAN_POINT('',(0.908714562822,12.392679468546));
#1568 = CARTESIAN_POINT('',(0.88250522876,12.390083579462));
#1569 = CARTESIAN_POINT('',(0.856117737327,12.386865535049));
#1570 = CARTESIAN_POINT('',(0.829549989769,12.382941955674));
#1571 = CARTESIAN_POINT('',(0.802799457579,12.378223569475));
#1572 = CARTESIAN_POINT('',(0.742122261015,12.36559007109));
#1573 = CARTESIAN_POINT('',(0.708057317259,12.357161728403));
#1574 = CARTESIAN_POINT('',(0.673724098689,12.347150802247));
#1575 = CARTESIAN_POINT('',(0.639171052368,12.335375470484));
#1576 = CARTESIAN_POINT('',(0.60444077158,12.321654911328));
#1577 = CARTESIAN_POINT('',(0.569571442426,12.305812743785));
#1578 = CARTESIAN_POINT('',(0.508954768704,12.274385257939));
#1579 = CARTESIAN_POINT('',(0.483270858822,12.259866797424));
#1580 = CARTESIAN_POINT('',(0.457591673879,12.244077242147));
#1581 = CARTESIAN_POINT('',(0.431959711383,12.226979325646));
#1582 = CARTESIAN_POINT('',(0.406415407217,12.208547824335));
#1583 = CARTESIAN_POINT('',(0.380997689588,12.188771022444));
#1584 = CARTESIAN_POINT('',(0.300453000651,12.121412677207));
#1585 = CARTESIAN_POINT('',(0.246270441397,12.069007175235));
#1586 = CARTESIAN_POINT('',(0.193416126867,12.010466719985));
#1587 = CARTESIAN_POINT('',(0.142108655538,11.946069224177));
#1588 = CARTESIAN_POINT('',(9.258695983235E-02,11.876368723713));
#1589 = CARTESIAN_POINT('',(4.511926503151E-02,11.802231769217));
#1590 = CARTESIAN_POINT('',(0.,11.724880949681));
#1591 = ( GEOMETRIC_REPRESENTATION_CONTEXT(2) 
PARAMETRIC_REPRESENTATION_CONTEXT() REPRESENTATION_CONTEXT('2D SPACE',''
  ) );
#1592 = ORIENTED_EDGE('',*,*,#1593,.T.);
#1593 = EDGE_CURVE('',#980,#978,#1594,.T.);
#1594 = SURFACE_CURVE('',#1595,(#1646,#1700),.PCURVE_S1.);
#1595 = B_SPLINE_CURVE_WITH_KNOTS('',7,(#1596,#1597,#1598,#1599,#1600,
    #1601,#1602,#1603,#1604,#1605,#1606,#1607,#1608,#1609,#1610,#1611,
    #1612,#1613,#1614,#1615,#1616,#1617,#1618,#1619,#1620,#1621,#1622,
    #1623,#1624,#1625,#1626,#1627,#1628,#1629,#1630,#1631,#1632,#1633,
    #1634,#1635,#1636,#1637,#1638,#1639,#1640,#1641,#1642,#1643,#1644,
    #1645),.UNSPECIFIED.,.F.,.F.,(8,6,6,6,6,6,6,6,8),(0.,
    7.2679337052E-02,0.124266500685,0.252984976394,0.374549383611,
    0.500074773308,0.625600163005,0.747164570222,1.),.UNSPECIFIED.);
#1596 = CARTESIAN_POINT('',(66.,69.624880949681,20.25));
#1597 = CARTESIAN_POINT('',(65.94443494264,69.582543747785,20.25));
#1598 = CARTESIAN_POINT('',(65.89027670457,69.539109487443,
    20.248399114807));
#1599 = CARTESIAN_POINT('',(65.837557296237,69.494653397889,
    20.245343149974));
#1600 = CARTESIAN_POINT('',(65.786301969466,69.449250976742,
    20.240970990087));
#1601 = CARTESIAN_POINT('',(65.736529843591,69.402977640742,
    20.235415125648));
#1602 = CARTESIAN_POINT('',(65.688254531569,69.355908376492,
    20.228802179963));
#1603 = CARTESIAN_POINT('',(65.60828799187,69.274195763953,
    20.215895402997));
#1604 = CARTESIAN_POINT('',(65.575840618909,69.239901059296,
    20.210064454243));
#1605 = CARTESIAN_POINT('',(65.544139582988,69.205252830692,
    20.203802280983));
#1606 = CARTESIAN_POINT('',(65.513180711365,69.170268735513,
    20.197148646191));
#1607 = CARTESIAN_POINT('',(65.482958722794,69.134964535026,
    20.190141384601));
#1608 = CARTESIAN_POINT('',(65.453467227526,69.099354094393,
    20.1828164027));
#1609 = CARTESIAN_POINT('',(65.352916577713,68.973861209224,
    20.1562226584));
#1610 = CARTESIAN_POINT('',(65.285633276563,68.882436443099,
    20.135470919041));
#1611 = CARTESIAN_POINT('',(65.22273962187,68.789362028901,
    20.113480928492));
#1612 = CARTESIAN_POINT('',(65.164126255569,68.69478096734,
    20.090723892792));
#1613 = CARTESIAN_POINT('',(65.109691253019,68.598796695788,
    20.067626795132));
#1614 = CARTESIAN_POINT('',(65.059347712508,68.501477468836,
    20.044585434802));
#1615 = CARTESIAN_POINT('',(64.96928920317,68.309725046745,
    20.000626030039));
#1616 = CARTESIAN_POINT('',(64.929126534516,68.215405790699,
    19.979655005376));
#1617 = CARTESIAN_POINT('',(64.892524962134,68.120002351197,
    19.959396542235));
#1618 = CARTESIAN_POINT('',(64.859468265752,68.023597495214,
    19.940167518634));
#1619 = CARTESIAN_POINT('',(64.82994628089,67.926257726022,
    19.922265346276));
#1620 = CARTESIAN_POINT('',(64.803958798251,67.828033633008,
    19.905963776299));
#1621 = CARTESIAN_POINT('',(64.758348977994,67.626658701381,
    19.876582638308));
#1622 = CARTESIAN_POINT('',(64.738954018832,67.523417699136,
    19.863620159963));
#1623 = CARTESIAN_POINT('',(64.723397902599,67.419467600401,
    19.852921358003));
#1624 = CARTESIAN_POINT('',(64.711710394995,67.314998356778,
    19.844726477366));
#1625 = CARTESIAN_POINT('',(64.703907059356,67.210170410561,
    19.839202541767));
#1626 = CARTESIAN_POINT('',(64.7,67.105125876411,19.836436767221));
#1627 = CARTESIAN_POINT('',(64.7,66.894874123589,19.836436767221));
#1628 = CARTESIAN_POINT('',(64.703907059356,66.789829589439,
    19.839202541767));
#1629 = CARTESIAN_POINT('',(64.711710394995,66.685001643221,
    19.844726477366));
#1630 = CARTESIAN_POINT('',(64.723397902599,66.580532399599,
    19.852921358003));
#1631 = CARTESIAN_POINT('',(64.738954018832,66.476582300864,
    19.863620159963));
#1632 = CARTESIAN_POINT('',(64.758348977994,66.373341298619,
    19.876582638308));
#1633 = CARTESIAN_POINT('',(64.803958798251,66.171966366992,
    19.905963776299));
#1634 = CARTESIAN_POINT('',(64.82994628089,66.073742273978,
    19.922265346276));
#1635 = CARTESIAN_POINT('',(64.859468265752,65.976402504786,
    19.940167518634));
#1636 = CARTESIAN_POINT('',(64.892524962134,65.879997648803,
    19.959396542235));
#1637 = CARTESIAN_POINT('',(64.929126534516,65.784594209301,
    19.979655005376));
#1638 = CARTESIAN_POINT('',(64.96928920317,65.690274953255,
    20.000626030039));
#1639 = CARTESIAN_POINT('',(65.104008329072,65.403431223733,
    20.066385197366));
#1640 = CARTESIAN_POINT('',(65.210572244358,65.214624568555,
    20.112488381505));
#1641 = CARTESIAN_POINT('',(65.333264750361,65.030965168124,
    20.157444666104));
#1642 = CARTESIAN_POINT('',(65.472926759358,64.85328565476,
    20.198079542143));
#1643 = CARTESIAN_POINT('',(65.630390344862,64.683125195659,
    20.230525646892));
#1644 = CARTESIAN_POINT('',(65.806196916984,64.522785239172,20.25));
#1645 = CARTESIAN_POINT('',(66.,64.375119050319,20.25));
#1646 = PCURVE('',#196,#1647);
#1647 = DEFINITIONAL_REPRESENTATION('',(#1648),#1699);
#1648 = B_SPLINE_CURVE_WITH_KNOTS('',7,(#1649,#1650,#1651,#1652,#1653,
    #1654,#1655,#1656,#1657,#1658,#1659,#1660,#1661,#1662,#1663,#1664,
    #1665,#1666,#1667,#1668,#1669,#1670,#1671,#1672,#1673,#1674,#1675,
    #1676,#1677,#1678,#1679,#1680,#1681,#1682,#1683,#1684,#1685,#1686,
    #1687,#1688,#1689,#1690,#1691,#1692,#1693,#1694,#1695,#1696,#1697,
    #1698),.UNSPECIFIED.,.F.,.F.,(8,6,6,6,6,6,6,6,8),(0.,
    7.2679337052E-02,0.124266500685,0.252984976394,0.374549383611,
    0.500074773308,0.625600163005,0.747164570222,1.),.UNSPECIFIED.);
#1649 = CARTESIAN_POINT('',(2.221894911766,10.35));
#1650 = CARTESIAN_POINT('',(2.243063512714,10.35));
#1651 = CARTESIAN_POINT('',(2.26409449676,10.348399114807));
#1652 = CARTESIAN_POINT('',(2.284981837146,10.345343149974));
#1653 = CARTESIAN_POINT('',(2.30572015357,10.340970990087));
#1654 = CARTESIAN_POINT('',(2.326304561426,10.335415125648));
#1655 = CARTESIAN_POINT('',(2.346730521031,10.328802179963));
#1656 = CARTESIAN_POINT('',(2.381376306381,10.315895402997));
#1657 = CARTESIAN_POINT('',(2.395680902074,10.310064454243));
#1658 = CARTESIAN_POINT('',(2.409908723191,10.303802280983));
#1659 = CARTESIAN_POINT('',(2.424061455526,10.297148646191));
#1660 = CARTESIAN_POINT('',(2.438141221414,10.290141384601));
#1661 = CARTESIAN_POINT('',(2.452150579734,10.2828164027));
#1662 = CARTESIAN_POINT('',(2.500879979474,10.2562226584));
#1663 = CARTESIAN_POINT('',(2.535249303527,10.235470919041));
#1664 = CARTESIAN_POINT('',(2.569245764364,10.213480928492));
#1665 = CARTESIAN_POINT('',(2.602917559678,10.190723892792));
#1666 = CARTESIAN_POINT('',(2.636315775708,10.167626795132));
#1667 = CARTESIAN_POINT('',(2.669494344391,10.144585434802));
#1668 = CARTESIAN_POINT('',(2.733690673253,10.100626030039));
#1669 = CARTESIAN_POINT('',(2.764734847758,10.079655005376));
#1670 = CARTESIAN_POINT('',(2.795667230796,10.059396542235));
#1671 = CARTESIAN_POINT('',(2.826514672914,10.040167518634));
#1672 = CARTESIAN_POINT('',(2.857306668403,10.022265346276));
#1673 = CARTESIAN_POINT('',(2.888075855245,10.005963776299));
#1674 = CARTESIAN_POINT('',(2.950644178813,9.976582638308));
#1675 = CARTESIAN_POINT('',(2.982454759301,9.963620159963));
#1676 = CARTESIAN_POINT('',(3.014270434967,9.952921358003));
#1677 = CARTESIAN_POINT('',(3.046085778436,9.944726477366));
#1678 = CARTESIAN_POINT('',(3.077904660399,9.939202541767));
#1679 = CARTESIAN_POINT('',(3.109736327405,9.936436767221));
#1680 = CARTESIAN_POINT('',(3.173448979775,9.936436767221));
#1681 = CARTESIAN_POINT('',(3.20528064678,9.939202541767));
#1682 = CARTESIAN_POINT('',(3.237099528743,9.944726477366));
#1683 = CARTESIAN_POINT('',(3.268914872213,9.952921358003));
#1684 = CARTESIAN_POINT('',(3.300730547879,9.963620159963));
#1685 = CARTESIAN_POINT('',(3.332541128367,9.976582638308));
#1686 = CARTESIAN_POINT('',(3.395109451934,10.005963776299));
#1687 = CARTESIAN_POINT('',(3.425878638777,10.022265346276));
#1688 = CARTESIAN_POINT('',(3.456670634266,10.040167518634));
#1689 = CARTESIAN_POINT('',(3.487518076384,10.059396542235));
#1690 = CARTESIAN_POINT('',(3.518450459421,10.079655005376));
#1691 = CARTESIAN_POINT('',(3.549494633927,10.100626030039));
#1692 = CARTESIAN_POINT('',(3.64552635124,10.166385197366));
#1693 = CARTESIAN_POINT('',(3.711041030314,10.212488381505));
#1694 = CARTESIAN_POINT('',(3.777666519138,10.257444666105));
#1695 = CARTESIAN_POINT('',(3.845771517989,10.298079542143));
#1696 = CARTESIAN_POINT('',(3.915634488403,10.330525646892));
#1697 = CARTESIAN_POINT('',(3.987457300987,10.35));
#1698 = CARTESIAN_POINT('',(4.061290395414,10.35));
#1699 = ( GEOMETRIC_REPRESENTATION_CONTEXT(2) 
PARAMETRIC_REPRESENTATION_CONTEXT() REPRESENTATION_CONTEXT('2D SPACE',''
  ) );
#1700 = PCURVE('',#483,#1701);
#1701 = DEFINITIONAL_REPRESENTATION('',(#1702),#1753);
#1702 = B_SPLINE_CURVE_WITH_KNOTS('',7,(#1703,#1704,#1705,#1706,#1707,
    #1708,#1709,#1710,#1711,#1712,#1713,#1714,#1715,#1716,#1717,#1718,
    #1719,#1720,#1721,#1722,#1723,#1724,#1725,#1726,#1727,#1728,#1729,
    #1730,#1731,#1732,#1733,#1734,#1735,#1736,#1737,#1738,#1739,#1740,
    #1741,#1742,#1743,#1744,#1745,#1746,#1747,#1748,#1749,#1750,#1751,
    #1752),.UNSPECIFIED.,.F.,.F.,(8,6,6,6,6,6,6,6,8),(0.,
    7.2679337052E-02,0.124266500685,0.252984976394,0.374549383611,
    0.500074773308,0.625600163005,0.747164570222,1.),.UNSPECIFIED.);
#1703 = CARTESIAN_POINT('',(6.28318530718,11.724880949681));
#1704 = CARTESIAN_POINT('',(6.258489726131,11.682543747785));
#1705 = CARTESIAN_POINT('',(6.234419384571,11.639109487443));
#1706 = CARTESIAN_POINT('',(6.210963963331,11.594653397889));
#1707 = CARTESIAN_POINT('',(6.188115618556,11.549250976742));
#1708 = CARTESIAN_POINT('',(6.165868571814,11.502977640743));
#1709 = CARTESIAN_POINT('',(6.144218700209,11.455908376492));
#1710 = CARTESIAN_POINT('',(6.108218062731,11.374195763953));
#1711 = CARTESIAN_POINT('',(6.093568264862,11.339901059296));
#1712 = CARTESIAN_POINT('',(6.079210022712,11.305252830692));
#1713 = CARTESIAN_POINT('',(6.065139800467,11.270268735513));
#1714 = CARTESIAN_POINT('',(6.051354236674,11.234964535026));
#1715 = CARTESIAN_POINT('',(6.037850144238,11.199354094393));
#1716 = CARTESIAN_POINT('',(5.991624374259,11.073861209224));
#1717 = CARTESIAN_POINT('',(5.960356279675,10.982436443099));
#1718 = CARTESIAN_POINT('',(5.930775509423,10.889362028901));
#1719 = CARTESIAN_POINT('',(5.902856490561,10.79478096734));
#1720 = CARTESIAN_POINT('',(5.876592080353,10.698796695788));
#1721 = CARTESIAN_POINT('',(5.85199285217,10.601477468836));
#1722 = CARTESIAN_POINT('',(5.807453033677,10.409725046745));
#1723 = CARTESIAN_POINT('',(5.787323507127,10.315405790699));
#1724 = CARTESIAN_POINT('',(5.768738660538,10.220002351197));
#1725 = CARTESIAN_POINT('',(5.751747619689,10.123597495214));
#1726 = CARTESIAN_POINT('',(5.736405711002,10.026257726022));
#1727 = CARTESIAN_POINT('',(5.722772395202,9.928033633008));
#1728 = CARTESIAN_POINT('',(5.698659463479,9.726658701381));
#1729 = CARTESIAN_POINT('',(5.68829300555,9.623417699136));
#1730 = CARTESIAN_POINT('',(5.679902630315,9.519467600401));
#1731 = CARTESIAN_POINT('',(5.67355863835,9.414998356778));
#1732 = CARTESIAN_POINT('',(5.669309420469,9.310170410561));
#1733 = CARTESIAN_POINT('',(5.667181912574,9.205125876411));
#1734 = CARTESIAN_POINT('',(5.667181912574,8.994874123589));
#1735 = CARTESIAN_POINT('',(5.669309420469,8.889829589439));
#1736 = CARTESIAN_POINT('',(5.67355863835,8.785001643221));
#1737 = CARTESIAN_POINT('',(5.679902630315,8.680532399599));
#1738 = CARTESIAN_POINT('',(5.68829300555,8.576582300864));
#1739 = CARTESIAN_POINT('',(5.698659463479,8.473341298619));
#1740 = CARTESIAN_POINT('',(5.722772395202,8.271966366992));
#1741 = CARTESIAN_POINT('',(5.736405711002,8.173742273978));
#1742 = CARTESIAN_POINT('',(5.751747619689,8.076402504786));
#1743 = CARTESIAN_POINT('',(5.768738660538,7.979997648803));
#1744 = CARTESIAN_POINT('',(5.787323507127,7.884594209302));
#1745 = CARTESIAN_POINT('',(5.807453033677,7.790274953255));
#1746 = CARTESIAN_POINT('',(5.874080445782,7.503431223733));
#1747 = CARTESIAN_POINT('',(5.925630114578,7.314624568555));
#1748 = CARTESIAN_POINT('',(5.98354924178,7.130965168124));
#1749 = CARTESIAN_POINT('',(6.047888864536,6.95328565476));
#1750 = CARTESIAN_POINT('',(6.118913918761,6.783125195659));
#1751 = CARTESIAN_POINT('',(6.197050603617,6.622785239172));
#1752 = CARTESIAN_POINT('',(6.28318530718,6.475119050319));
#1753 = ( GEOMETRIC_REPRESENTATION_CONTEXT(2) 
PARAMETRIC_REPRESENTATION_CONTEXT() REPRESENTATION_CONTEXT('2D SPACE',''
  ) );
#1754 = ADVANCED_FACE('',(#1755),#229,.T.);
#1755 = FACE_BOUND('',#1756,.T.);
#1756 = EDGE_LOOP('',(#1757,#1758,#1777,#1778));
#1757 = ORIENTED_EDGE('',*,*,#369,.F.);
#1758 = ORIENTED_EDGE('',*,*,#1759,.T.);
#1759 = EDGE_CURVE('',#341,#547,#1760,.T.);
#1760 = SURFACE_CURVE('',#1761,(#1765,#1771),.PCURVE_S1.);
#1761 = LINE('',#1762,#1763);
#1762 = CARTESIAN_POINT('',(35.750954564313,58.,53.066079616173));
#1763 = VECTOR('',#1764,1.);
#1764 = DIRECTION('',(0.,1.,0.));
#1765 = PCURVE('',#229,#1766);
#1766 = DEFINITIONAL_REPRESENTATION('',(#1767),#1770);
#1767 = B_SPLINE_CURVE_WITH_KNOTS('',1,(#1768,#1769),.UNSPECIFIED.,.F.,
  .F.,(2,2),(-5.999999999062E-07,18.0000006),.PIECEWISE_BEZIER_KNOTS.);
#1768 = CARTESIAN_POINT('',(0.966556212729,5.999999999062E-07));
#1769 = CARTESIAN_POINT('',(0.966556212729,-18.0000006));
#1770 = ( GEOMETRIC_REPRESENTATION_CONTEXT(2) 
PARAMETRIC_REPRESENTATION_CONTEXT() REPRESENTATION_CONTEXT('2D SPACE',''
  ) );
#1771 = PCURVE('',#357,#1772);
#1772 = DEFINITIONAL_REPRESENTATION('',(#1773),#1776);
#1773 = B_SPLINE_CURVE_WITH_KNOTS('',1,(#1774,#1775),.UNSPECIFIED.,.F.,
  .F.,(2,2),(0.,18.),.PIECEWISE_BEZIER_KNOTS.);
#1774 = CARTESIAN_POINT('',(3.697533183194,0.));
#1775 = CARTESIAN_POINT('',(3.697533183194,18.));
#1776 = ( GEOMETRIC_REPRESENTATION_CONTEXT(2) 
PARAMETRIC_REPRESENTATION_CONTEXT() REPRESENTATION_CONTEXT('2D SPACE',''
  ) );
#1777 = ORIENTED_EDGE('',*,*,#574,.T.);
#1778 = ORIENTED_EDGE('',*,*,#211,.F.);
#1779 = ADVANCED_FACE('',(#1780),#357,.T.);
#1780 = FACE_BOUND('',#1781,.T.);
#1781 = EDGE_LOOP('',(#1782,#1783,#1802,#1803));
#1782 = ORIENTED_EDGE('',*,*,#340,.F.);
#1783 = ORIENTED_EDGE('',*,*,#1784,.T.);
#1784 = EDGE_CURVE('',#313,#524,#1785,.T.);
#1785 = SURFACE_CURVE('',#1786,(#1790,#1796),.PCURVE_S1.);
#1786 = LINE('',#1787,#1788);
#1787 = CARTESIAN_POINT('',(64.249045435687,58.,53.066079616173));
#1788 = VECTOR('',#1789,1.);
#1789 = DIRECTION('',(0.,1.,0.));
#1790 = PCURVE('',#357,#1791);
#1791 = DEFINITIONAL_REPRESENTATION('',(#1792),#1795);
#1792 = B_SPLINE_CURVE_WITH_KNOTS('',1,(#1793,#1794),.UNSPECIFIED.,.F.,
  .F.,(2,2),(0.,18.),.PIECEWISE_BEZIER_KNOTS.);
#1793 = CARTESIAN_POINT('',(8.868837431165,0.));
#1794 = CARTESIAN_POINT('',(8.868837431165,18.));
#1795 = ( GEOMETRIC_REPRESENTATION_CONTEXT(2) 
PARAMETRIC_REPRESENTATION_CONTEXT() REPRESENTATION_CONTEXT('2D SPACE',''
  ) );
#1796 = PCURVE('',#328,#1797);
#1797 = DEFINITIONAL_REPRESENTATION('',(#1798),#1801);
#1798 = B_SPLINE_CURVE_WITH_KNOTS('',1,(#1799,#1800),.UNSPECIFIED.,.F.,
  .F.,(2,2),(-5.999999999062E-07,18.0000006),.PIECEWISE_BEZIER_KNOTS.);
#1799 = CARTESIAN_POINT('',(30.081793179791,5.999999999062E-07));
#1800 = CARTESIAN_POINT('',(30.081793179791,-18.0000006));
#1801 = ( GEOMETRIC_REPRESENTATION_CONTEXT(2) 
PARAMETRIC_REPRESENTATION_CONTEXT() REPRESENTATION_CONTEXT('2D SPACE',''
  ) );
#1802 = ORIENTED_EDGE('',*,*,#546,.F.);
#1803 = ORIENTED_EDGE('',*,*,#1759,.F.);
#1804 = ADVANCED_FACE('',(#1805),#328,.T.);
#1805 = FACE_BOUND('',#1806,.T.);
#1806 = EDGE_LOOP('',(#1807,#1808,#1809,#1810));
#1807 = ORIENTED_EDGE('',*,*,#312,.F.);
#1808 = ORIENTED_EDGE('',*,*,#690,.T.);
#1809 = ORIENTED_EDGE('',*,*,#523,.T.);
#1810 = ORIENTED_EDGE('',*,*,#1784,.F.);
#1811 = ADVANCED_FACE('',(#1812),#413,.F.);
#1812 = FACE_BOUND('',#1813,.F.);
#1813 = EDGE_LOOP('',(#1814,#1815,#1836,#1837));
#1814 = ORIENTED_EDGE('',*,*,#597,.F.);
#1815 = ORIENTED_EDGE('',*,*,#1816,.F.);
#1816 = EDGE_CURVE('',#393,#598,#1817,.T.);
#1817 = SEAM_CURVE('',#1818,(#1822,#1829),.PCURVE_S1.);
#1818 = LINE('',#1819,#1820);
#1819 = CARTESIAN_POINT('',(50.,57.9,80.3));
#1820 = VECTOR('',#1821,1.);
#1821 = DIRECTION('',(0.,1.,0.));
#1822 = PCURVE('',#413,#1823);
#1823 = DEFINITIONAL_REPRESENTATION('',(#1824),#1828);
#1824 = LINE('',#1825,#1826);
#1825 = CARTESIAN_POINT('',(6.28318530718,-0.));
#1826 = VECTOR('',#1827,1.);
#1827 = DIRECTION('',(0.,1.));
#1828 = ( GEOMETRIC_REPRESENTATION_CONTEXT(2) 
PARAMETRIC_REPRESENTATION_CONTEXT() REPRESENTATION_CONTEXT('2D SPACE',''
  ) );
#1829 = PCURVE('',#413,#1830);
#1830 = DEFINITIONAL_REPRESENTATION('',(#1831),#1835);
#1831 = LINE('',#1832,#1833);
#1832 = CARTESIAN_POINT('',(0.,-0.));
#1833 = VECTOR('',#1834,1.);
#1834 = DIRECTION('',(0.,1.));
#1835 = ( GEOMETRIC_REPRESENTATION_CONTEXT(2) 
PARAMETRIC_REPRESENTATION_CONTEXT() REPRESENTATION_CONTEXT('2D SPACE',''
  ) );
#1836 = ORIENTED_EDGE('',*,*,#392,.T.);
#1837 = ORIENTED_EDGE('',*,*,#1816,.T.);
#1838 = ADVANCED_FACE('',(#1839,#1865),#448,.F.);
#1839 = FACE_BOUND('',#1840,.F.);
#1840 = EDGE_LOOP('',(#1841,#1842,#1863,#1864));
#1841 = ORIENTED_EDGE('',*,*,#627,.F.);
#1842 = ORIENTED_EDGE('',*,*,#1843,.F.);
#1843 = EDGE_CURVE('',#428,#628,#1844,.T.);
#1844 = SEAM_CURVE('',#1845,(#1849,#1856),.PCURVE_S1.);
#1845 = LINE('',#1846,#1847);
#1846 = CARTESIAN_POINT('',(66.,57.9,28.25));
#1847 = VECTOR('',#1848,1.);
#1848 = DIRECTION('',(0.,1.,0.));
#1849 = PCURVE('',#448,#1850);
#1850 = DEFINITIONAL_REPRESENTATION('',(#1851),#1855);
#1851 = LINE('',#1852,#1853);
#1852 = CARTESIAN_POINT('',(6.28318530718,-0.));
#1853 = VECTOR('',#1854,1.);
#1854 = DIRECTION('',(0.,1.));
#1855 = ( GEOMETRIC_REPRESENTATION_CONTEXT(2) 
PARAMETRIC_REPRESENTATION_CONTEXT() REPRESENTATION_CONTEXT('2D SPACE',''
  ) );
#1856 = PCURVE('',#448,#1857);
#1857 = DEFINITIONAL_REPRESENTATION('',(#1858),#1862);
#1858 = LINE('',#1859,#1860);
#1859 = CARTESIAN_POINT('',(0.,-0.));
#1860 = VECTOR('',#1861,1.);
#1861 = DIRECTION('',(0.,1.));
#1862 = ( GEOMETRIC_REPRESENTATION_CONTEXT(2) 
PARAMETRIC_REPRESENTATION_CONTEXT() REPRESENTATION_CONTEXT('2D SPACE',''
  ) );
#1863 = ORIENTED_EDGE('',*,*,#427,.T.);
#1864 = ORIENTED_EDGE('',*,*,#1843,.T.);
#1865 = FACE_BOUND('',#1866,.F.);
#1866 = EDGE_LOOP('',(#1867,#1868,#1887,#1888));
#1867 = ORIENTED_EDGE('',*,*,#824,.F.);
#1868 = ORIENTED_EDGE('',*,*,#1869,.T.);
#1869 = EDGE_CURVE('',#796,#904,#1870,.T.);
#1870 = SURFACE_CURVE('',#1871,(#1875,#1881),.PCURVE_S1.);
#1871 = LINE('',#1872,#1873);
#1872 = CARTESIAN_POINT('',(66.80777472107,57.9,23.9));
#1873 = VECTOR('',#1874,1.);
#1874 = DIRECTION('',(0.,1.,0.));
#1875 = PCURVE('',#448,#1876);
#1876 = DEFINITIONAL_REPRESENTATION('',(#1877),#1880);
#1877 = B_SPLINE_CURVE_WITH_KNOTS('',1,(#1878,#1879),.UNSPECIFIED.,.F.,
  .F.,(2,2),(5.14,13.06),.PIECEWISE_BEZIER_KNOTS.);
#1878 = CARTESIAN_POINT('',(2.774384633032,5.14));
#1879 = CARTESIAN_POINT('',(2.774384633032,13.06));
#1880 = ( GEOMETRIC_REPRESENTATION_CONTEXT(2) 
PARAMETRIC_REPRESENTATION_CONTEXT() REPRESENTATION_CONTEXT('2D SPACE',''
  ) );
#1881 = PCURVE('',#812,#1882);
#1882 = DEFINITIONAL_REPRESENTATION('',(#1883),#1886);
#1883 = B_SPLINE_CURVE_WITH_KNOTS('',1,(#1884,#1885),.UNSPECIFIED.,.F.,
  .F.,(2,2),(5.14,13.06),.PIECEWISE_BEZIER_KNOTS.);
#1884 = CARTESIAN_POINT('',(-1.19222527893,-3.96));
#1885 = CARTESIAN_POINT('',(-1.19222527893,3.96));
#1886 = ( GEOMETRIC_REPRESENTATION_CONTEXT(2) 
PARAMETRIC_REPRESENTATION_CONTEXT() REPRESENTATION_CONTEXT('2D SPACE',''
  ) );
#1887 = ORIENTED_EDGE('',*,*,#903,.T.);
#1888 = ORIENTED_EDGE('',*,*,#1889,.F.);
#1889 = EDGE_CURVE('',#825,#875,#1890,.T.);
#1890 = SURFACE_CURVE('',#1891,(#1895,#1901),.PCURVE_S1.);
#1891 = LINE('',#1892,#1893);
#1892 = CARTESIAN_POINT('',(65.19222527893,57.9,23.9));
#1893 = VECTOR('',#1894,1.);
#1894 = DIRECTION('',(0.,1.,0.));
#1895 = PCURVE('',#448,#1896);
#1896 = DEFINITIONAL_REPRESENTATION('',(#1897),#1900);
#1897 = B_SPLINE_CURVE_WITH_KNOTS('',1,(#1898,#1899),.UNSPECIFIED.,.F.,
  .F.,(2,2),(5.14,13.06),.PIECEWISE_BEZIER_KNOTS.);
#1898 = CARTESIAN_POINT('',(3.508800674148,5.14));
#1899 = CARTESIAN_POINT('',(3.508800674148,13.06));
#1900 = ( GEOMETRIC_REPRESENTATION_CONTEXT(2) 
PARAMETRIC_REPRESENTATION_CONTEXT() REPRESENTATION_CONTEXT('2D SPACE',''
  ) );
#1901 = PCURVE('',#891,#1902);
#1902 = DEFINITIONAL_REPRESENTATION('',(#1903),#1906);
#1903 = B_SPLINE_CURVE_WITH_KNOTS('',1,(#1904,#1905),.UNSPECIFIED.,.F.,
  .F.,(2,2),(5.14,13.06),.PIECEWISE_BEZIER_KNOTS.);
#1904 = CARTESIAN_POINT('',(-2.80777472107,-3.96));
#1905 = CARTESIAN_POINT('',(-2.80777472107,3.96));
#1906 = ( GEOMETRIC_REPRESENTATION_CONTEXT(2) 
PARAMETRIC_REPRESENTATION_CONTEXT() REPRESENTATION_CONTEXT('2D SPACE',''
  ) );
#1907 = ADVANCED_FACE('',(#1908),#483,.F.);
#1908 = FACE_BOUND('',#1909,.F.);
#1909 = EDGE_LOOP('',(#1910,#1911,#1932,#1933,#1954,#1955,#1956,#1957));
#1910 = ORIENTED_EDGE('',*,*,#657,.F.);
#1911 = ORIENTED_EDGE('',*,*,#1912,.F.);
#1912 = EDGE_CURVE('',#980,#658,#1913,.T.);
#1913 = SEAM_CURVE('',#1914,(#1918,#1925),.PCURVE_S1.);
#1914 = LINE('',#1915,#1916);
#1915 = CARTESIAN_POINT('',(66.,57.9,20.25));
#1916 = VECTOR('',#1917,1.);
#1917 = DIRECTION('',(0.,1.,0.));
#1918 = PCURVE('',#483,#1919);
#1919 = DEFINITIONAL_REPRESENTATION('',(#1920),#1924);
#1920 = LINE('',#1921,#1922);
#1921 = CARTESIAN_POINT('',(6.28318530718,-0.));
#1922 = VECTOR('',#1923,1.);
#1923 = DIRECTION('',(0.,1.));
#1924 = ( GEOMETRIC_REPRESENTATION_CONTEXT(2) 
PARAMETRIC_REPRESENTATION_CONTEXT() REPRESENTATION_CONTEXT('2D SPACE',''
  ) );
#1925 = PCURVE('',#483,#1926);
#1926 = DEFINITIONAL_REPRESENTATION('',(#1927),#1931);
#1927 = LINE('',#1928,#1929);
#1928 = CARTESIAN_POINT('',(0.,-0.));
#1929 = VECTOR('',#1930,1.);
#1930 = DIRECTION('',(0.,1.));
#1931 = ( GEOMETRIC_REPRESENTATION_CONTEXT(2) 
PARAMETRIC_REPRESENTATION_CONTEXT() REPRESENTATION_CONTEXT('2D SPACE',''
  ) );
#1932 = ORIENTED_EDGE('',*,*,#977,.F.);
#1933 = ORIENTED_EDGE('',*,*,#1934,.F.);
#1934 = EDGE_CURVE('',#463,#978,#1935,.T.);
#1935 = SEAM_CURVE('',#1936,(#1940,#1947),.PCURVE_S1.);
#1936 = LINE('',#1937,#1938);
#1937 = CARTESIAN_POINT('',(66.,57.9,20.25));
#1938 = VECTOR('',#1939,1.);
#1939 = DIRECTION('',(0.,1.,0.));
#1940 = PCURVE('',#483,#1941);
#1941 = DEFINITIONAL_REPRESENTATION('',(#1942),#1946);
#1942 = LINE('',#1943,#1944);
#1943 = CARTESIAN_POINT('',(6.28318530718,-0.));
#1944 = VECTOR('',#1945,1.);
#1945 = DIRECTION('',(0.,1.));
#1946 = ( GEOMETRIC_REPRESENTATION_CONTEXT(2) 
PARAMETRIC_REPRESENTATION_CONTEXT() REPRESENTATION_CONTEXT('2D SPACE',''
  ) );
#1947 = PCURVE('',#483,#1948);
#1948 = DEFINITIONAL_REPRESENTATION('',(#1949),#1953);
#1949 = LINE('',#1950,#1951);
#1950 = CARTESIAN_POINT('',(0.,-0.));
#1951 = VECTOR('',#1952,1.);
#1952 = DIRECTION('',(0.,1.));
#1953 = ( GEOMETRIC_REPRESENTATION_CONTEXT(2) 
PARAMETRIC_REPRESENTATION_CONTEXT() REPRESENTATION_CONTEXT('2D SPACE',''
  ) );
#1954 = ORIENTED_EDGE('',*,*,#462,.T.);
#1955 = ORIENTED_EDGE('',*,*,#1934,.T.);
#1956 = ORIENTED_EDGE('',*,*,#1593,.F.);
#1957 = ORIENTED_EDGE('',*,*,#1912,.T.);
#1958 = ADVANCED_FACE('',(#1959),#753,.F.);
#1959 = FACE_BOUND('',#1960,.F.);
#1960 = EDGE_LOOP('',(#1961));
#1961 = ORIENTED_EDGE('',*,*,#738,.T.);
#1962 = ADVANCED_FACE('',(#1963),#812,.F.);
#1963 = FACE_BOUND('',#1964,.F.);
#1964 = EDGE_LOOP('',(#1965,#1966,#1967));
#1965 = ORIENTED_EDGE('',*,*,#795,.T.);
#1966 = ORIENTED_EDGE('',*,*,#953,.T.);
#1967 = ORIENTED_EDGE('',*,*,#1869,.F.);
#1968 = ADVANCED_FACE('',(#1969),#891,.F.);
#1969 = FACE_BOUND('',#1970,.F.);
#1970 = EDGE_LOOP('',(#1971,#1972));
#1971 = ORIENTED_EDGE('',*,*,#1889,.T.);
#1972 = ORIENTED_EDGE('',*,*,#874,.T.);
#1973 = ( GEOMETRIC_REPRESENTATION_CONTEXT(3) 
GLOBAL_UNCERTAINTY_ASSIGNED_CONTEXT((#1977)) 
GLOBAL_UNIT_ASSIGNED_CONTEXT((#1974,#1975,#1976)) REPRESENTATION_CONTEXT
('Context #1','3D Context with UNIT and UNCERTAINTY') );
#1974 = ( LENGTH_UNIT() NAMED_UNIT(*) SI_UNIT(.MILLI.,.METRE.) );
#1975 = ( NAMED_UNIT(*) PLANE_ANGLE_UNIT() SI_UNIT($,.RADIAN.) );
#1976 = ( NAMED_UNIT(*) SI_UNIT($,.STERADIAN.) SOLID_ANGLE_UNIT() );
#1977 = UNCERTAINTY_MEASURE_WITH_UNIT(LENGTH_MEASURE(1.E-07),#1974,
  'distance_accuracy_value','confusion accuracy');
#1978 = PRODUCT_RELATED_PRODUCT_CATEGORY('part',$,(#7));
ENDSEC;
END-ISO-10303-21;
