ISO-10303-21;
HEADER;
FILE_DESCRIPTION(('Open CASCADE Model'),'2;1');
FILE_NAME('Open CASCADE Shape Model','2026-09-26T16:05:09',('Author'),(
    'Open CASCADE'),'Open CASCADE STEP processor 7.9','Open CASCADE 7.9'
  ,'Unknown');
FILE_SCHEMA(('AUTOMOTIVE_DESIGN { 1 0 10303 214 1 1 1 1 }'));
ENDSEC;
DATA;
#1 = APPLICATION_PROTOCOL_DEFINITION('international standard',
  'automotive_design',2000,#2);
#2 = APPLICATION_CONTEXT(
  'core data for automotive mechanical design processes');
#3 = SHAPE_DEFINITION_REPRESENTATION(#4,#10);
#4 = PRODUCT_DEFINITION_SHAPE('','',#5);
#5 = PRODUCT_DEFINITION('design','',#6,#9);
#6 = PRODUCT_DEFINITION_FORMATION('','',#7);
#7 = PRODUCT('Open CASCADE STEP translator 7.9 10',
  'Open CASCADE STEP translator 7.9 10','',(#8));
#8 = PRODUCT_CONTEXT('',#2,'mechanical');
#9 = PRODUCT_DEFINITION_CONTEXT('part definition',#2,'design');
#10 = ADVANCED_BREP_SHAPE_REPRESENTATION('',(#11,#15),#1949);
#11 = AXIS2_PLACEMENT_3D('',#12,#13,#14);
#12 = CARTESIAN_POINT('',(0.,0.,0.));
#13 = DIRECTION('',(0.,0.,1.));
#14 = DIRECTION('',(1.,0.,-0.));
#15 = MANIFOLD_SOLID_BREP('',#16);
#16 = CLOSED_SHELL('',(#17,#168,#306,#355,#404,#493,#1831,#1841,#1868,
    #1895,#1922));
#17 = ADVANCED_FACE('',(#18,#137),#32,.F.);
#18 = FACE_BOUND('',#19,.F.);
#19 = EDGE_LOOP('',(#20,#55,#83,#111));
#20 = ORIENTED_EDGE('',*,*,#21,.F.);
#21 = EDGE_CURVE('',#22,#24,#26,.T.);
#22 = VERTEX_POINT('',#23);
#23 = CARTESIAN_POINT('',(76.59763540001,0.,70.94373743481));
#24 = VERTEX_POINT('',#25);
#25 = CARTESIAN_POINT('',(63.074673831963,0.,74.567204066245));
#26 = SURFACE_CURVE('',#27,(#31,#43),.PCURVE_S1.);
#27 = LINE('',#28,#29);
#28 = CARTESIAN_POINT('',(76.59763540001,0.,70.94373743481));
#29 = VECTOR('',#30,1.);
#30 = DIRECTION('',(-0.965925826289,0.,0.258819045103));
#31 = PCURVE('',#32,#37);
#32 = PLANE('',#33);
#33 = AXIS2_PLACEMENT_3D('',#34,#35,#36);
#34 = CARTESIAN_POINT('',(76.59763540001,0.,70.94373743481));
#35 = DIRECTION('',(0.258819045103,0.,0.965925826289));
#36 = DIRECTION('',(-0.965925826289,0.,0.258819045103));
#37 = DEFINITIONAL_REPRESENTATION('',(#38),#42);
#38 = LINE('',#39,#40);
#39 = CARTESIAN_POINT('',(0.,0.));
#40 = VECTOR('',#41,1.);
#41 = DIRECTION('',(1.,0.));
#42 = ( GEOMETRIC_REPRESENTATION_CONTEXT(2) 
PARAMETRIC_REPRESENTATION_CONTEXT() REPRESENTATION_CONTEXT('2D SPACE',''
  ) );
#43 = PCURVE('',#44,#49);
#44 = PLANE('',#45);
#45 = AXIS2_PLACEMENT_3D('',#46,#47,#48);
#46 = CARTESIAN_POINT('',(76.59763540001,0.,70.94373743481));
#47 = DIRECTION('',(0.,1.,0.));
#48 = DIRECTION('',(-0.965925826289,0.,0.258819045103));
#49 = DEFINITIONAL_REPRESENTATION('',(#50),#54);
#50 = LINE('',#51,#52);
#51 = CARTESIAN_POINT('',(0.,0.));
#52 = VECTOR('',#53,1.);
#53 = DIRECTION('',(1.,0.));
#54 = ( GEOMETRIC_REPRESENTATION_CONTEXT(2) 
PARAMETRIC_REPRESENTATION_CONTEXT() REPRESENTATION_CONTEXT('2D SPACE',''
  ) );
#55 = ORIENTED_EDGE('',*,*,#56,.T.);
#56 = EDGE_CURVE('',#22,#57,#59,.T.);
#57 = VERTEX_POINT('',#58);
#58 = CARTESIAN_POINT('',(76.59763540001,8.,70.94373743481));
#59 = SURFACE_CURVE('',#60,(#64,#71),.PCURVE_S1.);
#60 = LINE('',#61,#62);
#61 = CARTESIAN_POINT('',(76.59763540001,0.,70.94373743481));
#62 = VECTOR('',#63,1.);
#63 = DIRECTION('',(0.,1.,0.));
#64 = PCURVE('',#32,#65);
#65 = DEFINITIONAL_REPRESENTATION('',(#66),#70);
#66 = LINE('',#67,#68);
#67 = CARTESIAN_POINT('',(0.,0.));
#68 = VECTOR('',#69,1.);
#69 = DIRECTION('',(0.,-1.));
#70 = ( GEOMETRIC_REPRESENTATION_CONTEXT(2) 
PARAMETRIC_REPRESENTATION_CONTEXT() REPRESENTATION_CONTEXT('2D SPACE',''
  ) );
#71 = PCURVE('',#72,#77);
#72 = PLANE('',#73);
#73 = AXIS2_PLACEMENT_3D('',#74,#75,#76);
#74 = CARTESIAN_POINT('',(76.59763540001,0.,70.94373743481));
#75 = DIRECTION('',(-0.965925826289,0.,0.258819045103));
#76 = DIRECTION('',(0.258819045103,0.,0.965925826289));
#77 = DEFINITIONAL_REPRESENTATION('',(#78),#82);
#78 = LINE('',#79,#80);
#79 = CARTESIAN_POINT('',(0.,0.));
#80 = VECTOR('',#81,1.);
#81 = DIRECTION('',(0.,1.));
#82 = ( GEOMETRIC_REPRESENTATION_CONTEXT(2) 
PARAMETRIC_REPRESENTATION_CONTEXT() REPRESENTATION_CONTEXT('2D SPACE',''
  ) );
#83 = ORIENTED_EDGE('',*,*,#84,.T.);
#84 = EDGE_CURVE('',#57,#85,#87,.T.);
#85 = VERTEX_POINT('',#86);
#86 = CARTESIAN_POINT('',(63.074673831963,8.,74.567204066245));
#87 = SURFACE_CURVE('',#88,(#92,#99),.PCURVE_S1.);
#88 = LINE('',#89,#90);
#89 = CARTESIAN_POINT('',(76.59763540001,8.,70.94373743481));
#90 = VECTOR('',#91,1.);
#91 = DIRECTION('',(-0.965925826289,0.,0.258819045103));
#92 = PCURVE('',#32,#93);
#93 = DEFINITIONAL_REPRESENTATION('',(#94),#98);
#94 = LINE('',#95,#96);
#95 = CARTESIAN_POINT('',(0.,-8.));
#96 = VECTOR('',#97,1.);
#97 = DIRECTION('',(1.,0.));
#98 = ( GEOMETRIC_REPRESENTATION_CONTEXT(2) 
PARAMETRIC_REPRESENTATION_CONTEXT() REPRESENTATION_CONTEXT('2D SPACE',''
  ) );
#99 = PCURVE('',#100,#105);
#100 = PLANE('',#101);
#101 = AXIS2_PLACEMENT_3D('',#102,#103,#104);
#102 = CARTESIAN_POINT('',(76.59763540001,8.,70.94373743481));
#103 = DIRECTION('',(0.,1.,0.));
#104 = DIRECTION('',(-0.965925826289,0.,0.258819045103));
#105 = DEFINITIONAL_REPRESENTATION('',(#106),#110);
#106 = LINE('',#107,#108);
#107 = CARTESIAN_POINT('',(0.,0.));
#108 = VECTOR('',#109,1.);
#109 = DIRECTION('',(1.,0.));
#110 = ( GEOMETRIC_REPRESENTATION_CONTEXT(2) 
PARAMETRIC_REPRESENTATION_CONTEXT() REPRESENTATION_CONTEXT('2D SPACE',''
  ) );
#111 = ORIENTED_EDGE('',*,*,#112,.F.);
#112 = EDGE_CURVE('',#24,#85,#113,.T.);
#113 = SURFACE_CURVE('',#114,(#118,#125),.PCURVE_S1.);
#114 = LINE('',#115,#116);
#115 = CARTESIAN_POINT('',(63.074673831963,0.,74.567204066245));
#116 = VECTOR('',#117,1.);
#117 = DIRECTION('',(0.,1.,0.));
#118 = PCURVE('',#32,#119);
#119 = DEFINITIONAL_REPRESENTATION('',(#120),#124);
#120 = LINE('',#121,#122);
#121 = CARTESIAN_POINT('',(14.,0.));
#122 = VECTOR('',#123,1.);
#123 = DIRECTION('',(0.,-1.));
#124 = ( GEOMETRIC_REPRESENTATION_CONTEXT(2) 
PARAMETRIC_REPRESENTATION_CONTEXT() REPRESENTATION_CONTEXT('2D SPACE',''
  ) );
#125 = PCURVE('',#126,#131);
#126 = PLANE('',#127);
#127 = AXIS2_PLACEMENT_3D('',#128,#129,#130);
#128 = CARTESIAN_POINT('',(63.074673831963,0.,74.567204066245));
#129 = DIRECTION('',(-0.965925826289,0.,0.258819045103));
#130 = DIRECTION('',(0.258819045103,0.,0.965925826289));
#131 = DEFINITIONAL_REPRESENTATION('',(#132),#136);
#132 = LINE('',#133,#134);
#133 = CARTESIAN_POINT('',(0.,0.));
#134 = VECTOR('',#135,1.);
#135 = DIRECTION('',(0.,1.));
#136 = ( GEOMETRIC_REPRESENTATION_CONTEXT(2) 
PARAMETRIC_REPRESENTATION_CONTEXT() REPRESENTATION_CONTEXT('2D SPACE',''
  ) );
#137 = FACE_BOUND('',#138,.F.);
#138 = EDGE_LOOP('',(#139));
#139 = ORIENTED_EDGE('',*,*,#140,.F.);
#140 = EDGE_CURVE('',#141,#141,#143,.T.);
#141 = VERTEX_POINT('',#142);
#142 = CARTESIAN_POINT('',(66.648599389232,4.,73.609573599366));
#143 = SURFACE_CURVE('',#144,(#149,#156),.PCURVE_S1.);
#144 = CIRCLE('',#145,3.3);
#145 = AXIS2_PLACEMENT_3D('',#146,#147,#148);
#146 = CARTESIAN_POINT('',(69.836154615986,4.,72.755470750528));
#147 = DIRECTION('',(0.258819045103,0.,0.965925826289));
#148 = DIRECTION('',(-0.965925826289,0.,0.258819045103));
#149 = PCURVE('',#32,#150);
#150 = DEFINITIONAL_REPRESENTATION('',(#151),#155);
#151 = CIRCLE('',#152,3.3);
#152 = AXIS2_PLACEMENT_2D('',#153,#154);
#153 = CARTESIAN_POINT('',(7.,-4.));
#154 = DIRECTION('',(1.,0.));
#155 = ( GEOMETRIC_REPRESENTATION_CONTEXT(2) 
PARAMETRIC_REPRESENTATION_CONTEXT() REPRESENTATION_CONTEXT('2D SPACE',''
  ) );
#156 = PCURVE('',#157,#162);
#157 = CYLINDRICAL_SURFACE('',#158,3.3);
#158 = AXIS2_PLACEMENT_3D('',#159,#160,#161);
#159 = CARTESIAN_POINT('',(69.292634621271,4.,70.727026515321));
#160 = DIRECTION('',(0.258819045103,0.,0.965925826289));
#161 = DIRECTION('',(-0.965925826289,0.,0.258819045103));
#162 = DEFINITIONAL_REPRESENTATION('',(#163),#167);
#163 = LINE('',#164,#165);
#164 = CARTESIAN_POINT('',(0.,2.1));
#165 = VECTOR('',#166,1.);
#166 = DIRECTION('',(1.,0.));
#167 = ( GEOMETRIC_REPRESENTATION_CONTEXT(2) 
PARAMETRIC_REPRESENTATION_CONTEXT() REPRESENTATION_CONTEXT('2D SPACE',''
  ) );
#168 = ADVANCED_FACE('',(#169,#244,#275),#44,.F.);
#169 = FACE_BOUND('',#170,.F.);
#170 = EDGE_LOOP('',(#171,#194,#195,#218));
#171 = ORIENTED_EDGE('',*,*,#172,.F.);
#172 = EDGE_CURVE('',#22,#173,#175,.T.);
#173 = VERTEX_POINT('',#174);
#174 = CARTESIAN_POINT('',(81.77401630206,0.,90.262253960591));
#175 = SURFACE_CURVE('',#176,(#180,#187),.PCURVE_S1.);
#176 = LINE('',#177,#178);
#177 = CARTESIAN_POINT('',(76.59763540001,0.,70.94373743481));
#178 = VECTOR('',#179,1.);
#179 = DIRECTION('',(0.258819045103,0.,0.965925826289));
#180 = PCURVE('',#44,#181);
#181 = DEFINITIONAL_REPRESENTATION('',(#182),#186);
#182 = LINE('',#183,#184);
#183 = CARTESIAN_POINT('',(0.,0.));
#184 = VECTOR('',#185,1.);
#185 = DIRECTION('',(0.,1.));
#186 = ( GEOMETRIC_REPRESENTATION_CONTEXT(2) 
PARAMETRIC_REPRESENTATION_CONTEXT() REPRESENTATION_CONTEXT('2D SPACE',''
  ) );
#187 = PCURVE('',#72,#188);
#188 = DEFINITIONAL_REPRESENTATION('',(#189),#193);
#189 = LINE('',#190,#191);
#190 = CARTESIAN_POINT('',(0.,0.));
#191 = VECTOR('',#192,1.);
#192 = DIRECTION('',(1.,0.));
#193 = ( GEOMETRIC_REPRESENTATION_CONTEXT(2) 
PARAMETRIC_REPRESENTATION_CONTEXT() REPRESENTATION_CONTEXT('2D SPACE',''
  ) );
#194 = ORIENTED_EDGE('',*,*,#21,.T.);
#195 = ORIENTED_EDGE('',*,*,#196,.T.);
#196 = EDGE_CURVE('',#24,#197,#199,.T.);
#197 = VERTEX_POINT('',#198);
#198 = CARTESIAN_POINT('',(68.251054734013,0.,93.885720592027));
#199 = SURFACE_CURVE('',#200,(#204,#211),.PCURVE_S1.);
#200 = LINE('',#201,#202);
#201 = CARTESIAN_POINT('',(63.074673831963,0.,74.567204066245));
#202 = VECTOR('',#203,1.);
#203 = DIRECTION('',(0.258819045103,0.,0.965925826289));
#204 = PCURVE('',#44,#205);
#205 = DEFINITIONAL_REPRESENTATION('',(#206),#210);
#206 = LINE('',#207,#208);
#207 = CARTESIAN_POINT('',(14.,2.6645352591E-15));
#208 = VECTOR('',#209,1.);
#209 = DIRECTION('',(0.,1.));
#210 = ( GEOMETRIC_REPRESENTATION_CONTEXT(2) 
PARAMETRIC_REPRESENTATION_CONTEXT() REPRESENTATION_CONTEXT('2D SPACE',''
  ) );
#211 = PCURVE('',#126,#212);
#212 = DEFINITIONAL_REPRESENTATION('',(#213),#217);
#213 = LINE('',#214,#215);
#214 = CARTESIAN_POINT('',(0.,0.));
#215 = VECTOR('',#216,1.);
#216 = DIRECTION('',(1.,0.));
#217 = ( GEOMETRIC_REPRESENTATION_CONTEXT(2) 
PARAMETRIC_REPRESENTATION_CONTEXT() REPRESENTATION_CONTEXT('2D SPACE',''
  ) );
#218 = ORIENTED_EDGE('',*,*,#219,.F.);
#219 = EDGE_CURVE('',#173,#197,#220,.T.);
#220 = SURFACE_CURVE('',#221,(#225,#232),.PCURVE_S1.);
#221 = LINE('',#222,#223);
#222 = CARTESIAN_POINT('',(81.77401630206,0.,90.262253960591));
#223 = VECTOR('',#224,1.);
#224 = DIRECTION('',(-0.965925826289,0.,0.258819045103));
#225 = PCURVE('',#44,#226);
#226 = DEFINITIONAL_REPRESENTATION('',(#227),#231);
#227 = LINE('',#228,#229);
#228 = CARTESIAN_POINT('',(1.7763568394E-15,20.));
#229 = VECTOR('',#230,1.);
#230 = DIRECTION('',(1.,0.));
#231 = ( GEOMETRIC_REPRESENTATION_CONTEXT(2) 
PARAMETRIC_REPRESENTATION_CONTEXT() REPRESENTATION_CONTEXT('2D SPACE',''
  ) );
#232 = PCURVE('',#233,#238);
#233 = PLANE('',#234);
#234 = AXIS2_PLACEMENT_3D('',#235,#236,#237);
#235 = CARTESIAN_POINT('',(81.77401630206,0.,90.262253960591));
#236 = DIRECTION('',(0.258819045103,0.,0.965925826289));
#237 = DIRECTION('',(-0.965925826289,0.,0.258819045103));
#238 = DEFINITIONAL_REPRESENTATION('',(#239),#243);
#239 = LINE('',#240,#241);
#240 = CARTESIAN_POINT('',(0.,0.));
#241 = VECTOR('',#242,1.);
#242 = DIRECTION('',(1.,0.));
#243 = ( GEOMETRIC_REPRESENTATION_CONTEXT(2) 
PARAMETRIC_REPRESENTATION_CONTEXT() REPRESENTATION_CONTEXT('2D SPACE',''
  ) );
#244 = FACE_BOUND('',#245,.F.);
#245 = EDGE_LOOP('',(#246));
#246 = ORIENTED_EDGE('',*,*,#247,.F.);
#247 = EDGE_CURVE('',#248,#248,#250,.T.);
#248 = VERTEX_POINT('',#249);
#249 = CARTESIAN_POINT('',(69.474554822554,0.,80.099294386032));
#250 = SURFACE_CURVE('',#251,(#256,#263),.PCURVE_S1.);
#251 = CIRCLE('',#252,2.25);
#252 = AXIS2_PLACEMENT_3D('',#253,#254,#255);
#253 = CARTESIAN_POINT('',(71.647887931704,0.,79.516951534551));
#254 = DIRECTION('',(0.,1.,-0.));
#255 = DIRECTION('',(-0.965925826289,0.,0.258819045103));
#256 = PCURVE('',#44,#257);
#257 = DEFINITIONAL_REPRESENTATION('',(#258),#262);
#258 = CIRCLE('',#259,2.25);
#259 = AXIS2_PLACEMENT_2D('',#260,#261);
#260 = CARTESIAN_POINT('',(7.,7.));
#261 = DIRECTION('',(1.,0.));
#262 = ( GEOMETRIC_REPRESENTATION_CONTEXT(2) 
PARAMETRIC_REPRESENTATION_CONTEXT() REPRESENTATION_CONTEXT('2D SPACE',''
  ) );
#263 = PCURVE('',#264,#269);
#264 = CYLINDRICAL_SURFACE('',#265,2.25);
#265 = AXIS2_PLACEMENT_3D('',#266,#267,#268);
#266 = CARTESIAN_POINT('',(71.647887931704,-0.1,79.516951534551));
#267 = DIRECTION('',(0.,1.,0.));
#268 = DIRECTION('',(-0.965925826289,0.,0.258819045103));
#269 = DEFINITIONAL_REPRESENTATION('',(#270),#274);
#270 = LINE('',#271,#272);
#271 = CARTESIAN_POINT('',(0.,0.1));
#272 = VECTOR('',#273,1.);
#273 = DIRECTION('',(1.,0.));
#274 = ( GEOMETRIC_REPRESENTATION_CONTEXT(2) 
PARAMETRIC_REPRESENTATION_CONTEXT() REPRESENTATION_CONTEXT('2D SPACE',''
  ) );
#275 = FACE_BOUND('',#276,.F.);
#276 = EDGE_LOOP('',(#277));
#277 = ORIENTED_EDGE('',*,*,#278,.F.);
#278 = EDGE_CURVE('',#279,#279,#281,.T.);
#279 = VERTEX_POINT('',#280);
#280 = CARTESIAN_POINT('',(71.545107183374,0.,87.826700996344));
#281 = SURFACE_CURVE('',#282,(#287,#294),.PCURVE_S1.);
#282 = CIRCLE('',#283,2.25);
#283 = AXIS2_PLACEMENT_3D('',#284,#285,#286);
#284 = CARTESIAN_POINT('',(73.718440292524,0.,87.244358144864));
#285 = DIRECTION('',(0.,1.,-0.));
#286 = DIRECTION('',(-0.965925826289,0.,0.258819045103));
#287 = PCURVE('',#44,#288);
#288 = DEFINITIONAL_REPRESENTATION('',(#289),#293);
#289 = CIRCLE('',#290,2.25);
#290 = AXIS2_PLACEMENT_2D('',#291,#292);
#291 = CARTESIAN_POINT('',(7.,15.));
#292 = DIRECTION('',(1.,0.));
#293 = ( GEOMETRIC_REPRESENTATION_CONTEXT(2) 
PARAMETRIC_REPRESENTATION_CONTEXT() REPRESENTATION_CONTEXT('2D SPACE',''
  ) );
#294 = PCURVE('',#295,#300);
#295 = CYLINDRICAL_SURFACE('',#296,2.25);
#296 = AXIS2_PLACEMENT_3D('',#297,#298,#299);
#297 = CARTESIAN_POINT('',(73.718440292524,-0.1,87.244358144864));
#298 = DIRECTION('',(0.,1.,0.));
#299 = DIRECTION('',(-0.965925826289,0.,0.258819045103));
#300 = DEFINITIONAL_REPRESENTATION('',(#301),#305);
#301 = LINE('',#302,#303);
#302 = CARTESIAN_POINT('',(0.,0.1));
#303 = VECTOR('',#304,1.);
#304 = DIRECTION('',(1.,0.));
#305 = ( GEOMETRIC_REPRESENTATION_CONTEXT(2) 
PARAMETRIC_REPRESENTATION_CONTEXT() REPRESENTATION_CONTEXT('2D SPACE',''
  ) );
#306 = ADVANCED_FACE('',(#307),#126,.T.);
#307 = FACE_BOUND('',#308,.T.);
#308 = EDGE_LOOP('',(#309,#310,#311,#334));
#309 = ORIENTED_EDGE('',*,*,#112,.F.);
#310 = ORIENTED_EDGE('',*,*,#196,.T.);
#311 = ORIENTED_EDGE('',*,*,#312,.T.);
#312 = EDGE_CURVE('',#197,#313,#315,.T.);
#313 = VERTEX_POINT('',#314);
#314 = CARTESIAN_POINT('',(68.251054734013,8.,93.885720592027));
#315 = SURFACE_CURVE('',#316,(#320,#327),.PCURVE_S1.);
#316 = LINE('',#317,#318);
#317 = CARTESIAN_POINT('',(68.251054734013,0.,93.885720592027));
#318 = VECTOR('',#319,1.);
#319 = DIRECTION('',(0.,1.,0.));
#320 = PCURVE('',#126,#321);
#321 = DEFINITIONAL_REPRESENTATION('',(#322),#326);
#322 = LINE('',#323,#324);
#323 = CARTESIAN_POINT('',(20.,0.));
#324 = VECTOR('',#325,1.);
#325 = DIRECTION('',(0.,1.));
#326 = ( GEOMETRIC_REPRESENTATION_CONTEXT(2) 
PARAMETRIC_REPRESENTATION_CONTEXT() REPRESENTATION_CONTEXT('2D SPACE',''
  ) );
#327 = PCURVE('',#233,#328);
#328 = DEFINITIONAL_REPRESENTATION('',(#329),#333);
#329 = LINE('',#330,#331);
#330 = CARTESIAN_POINT('',(14.,0.));
#331 = VECTOR('',#332,1.);
#332 = DIRECTION('',(0.,-1.));
#333 = ( GEOMETRIC_REPRESENTATION_CONTEXT(2) 
PARAMETRIC_REPRESENTATION_CONTEXT() REPRESENTATION_CONTEXT('2D SPACE',''
  ) );
#334 = ORIENTED_EDGE('',*,*,#335,.F.);
#335 = EDGE_CURVE('',#85,#313,#336,.T.);
#336 = SURFACE_CURVE('',#337,(#341,#348),.PCURVE_S1.);
#337 = LINE('',#338,#339);
#338 = CARTESIAN_POINT('',(63.074673831963,8.,74.567204066245));
#339 = VECTOR('',#340,1.);
#340 = DIRECTION('',(0.258819045103,0.,0.965925826289));
#341 = PCURVE('',#126,#342);
#342 = DEFINITIONAL_REPRESENTATION('',(#343),#347);
#343 = LINE('',#344,#345);
#344 = CARTESIAN_POINT('',(0.,8.));
#345 = VECTOR('',#346,1.);
#346 = DIRECTION('',(1.,0.));
#347 = ( GEOMETRIC_REPRESENTATION_CONTEXT(2) 
PARAMETRIC_REPRESENTATION_CONTEXT() REPRESENTATION_CONTEXT('2D SPACE',''
  ) );
#348 = PCURVE('',#100,#349);
#349 = DEFINITIONAL_REPRESENTATION('',(#350),#354);
#350 = LINE('',#351,#352);
#351 = CARTESIAN_POINT('',(14.,2.6645352591E-15));
#352 = VECTOR('',#353,1.);
#353 = DIRECTION('',(0.,1.));
#354 = ( GEOMETRIC_REPRESENTATION_CONTEXT(2) 
PARAMETRIC_REPRESENTATION_CONTEXT() REPRESENTATION_CONTEXT('2D SPACE',''
  ) );
#355 = ADVANCED_FACE('',(#356),#72,.F.);
#356 = FACE_BOUND('',#357,.F.);
#357 = EDGE_LOOP('',(#358,#359,#360,#383));
#358 = ORIENTED_EDGE('',*,*,#56,.F.);
#359 = ORIENTED_EDGE('',*,*,#172,.T.);
#360 = ORIENTED_EDGE('',*,*,#361,.T.);
#361 = EDGE_CURVE('',#173,#362,#364,.T.);
#362 = VERTEX_POINT('',#363);
#363 = CARTESIAN_POINT('',(81.77401630206,8.,90.262253960591));
#364 = SURFACE_CURVE('',#365,(#369,#376),.PCURVE_S1.);
#365 = LINE('',#366,#367);
#366 = CARTESIAN_POINT('',(81.77401630206,0.,90.262253960591));
#367 = VECTOR('',#368,1.);
#368 = DIRECTION('',(0.,1.,0.));
#369 = PCURVE('',#72,#370);
#370 = DEFINITIONAL_REPRESENTATION('',(#371),#375);
#371 = LINE('',#372,#373);
#372 = CARTESIAN_POINT('',(20.,0.));
#373 = VECTOR('',#374,1.);
#374 = DIRECTION('',(0.,1.));
#375 = ( GEOMETRIC_REPRESENTATION_CONTEXT(2) 
PARAMETRIC_REPRESENTATION_CONTEXT() REPRESENTATION_CONTEXT('2D SPACE',''
  ) );
#376 = PCURVE('',#233,#377);
#377 = DEFINITIONAL_REPRESENTATION('',(#378),#382);
#378 = LINE('',#379,#380);
#379 = CARTESIAN_POINT('',(0.,0.));
#380 = VECTOR('',#381,1.);
#381 = DIRECTION('',(0.,-1.));
#382 = ( GEOMETRIC_REPRESENTATION_CONTEXT(2) 
PARAMETRIC_REPRESENTATION_CONTEXT() REPRESENTATION_CONTEXT('2D SPACE',''
  ) );
#383 = ORIENTED_EDGE('',*,*,#384,.F.);
#384 = EDGE_CURVE('',#57,#362,#385,.T.);
#385 = SURFACE_CURVE('',#386,(#390,#397),.PCURVE_S1.);
#386 = LINE('',#387,#388);
#387 = CARTESIAN_POINT('',(76.59763540001,8.,70.94373743481));
#388 = VECTOR('',#389,1.);
#389 = DIRECTION('',(0.258819045103,0.,0.965925826289));
#390 = PCURVE('',#72,#391);
#391 = DEFINITIONAL_REPRESENTATION('',(#392),#396);
#392 = LINE('',#393,#394);
#393 = CARTESIAN_POINT('',(0.,8.));
#394 = VECTOR('',#395,1.);
#395 = DIRECTION('',(1.,0.));
#396 = ( GEOMETRIC_REPRESENTATION_CONTEXT(2) 
PARAMETRIC_REPRESENTATION_CONTEXT() REPRESENTATION_CONTEXT('2D SPACE',''
  ) );
#397 = PCURVE('',#100,#398);
#398 = DEFINITIONAL_REPRESENTATION('',(#399),#403);
#399 = LINE('',#400,#401);
#400 = CARTESIAN_POINT('',(0.,0.));
#401 = VECTOR('',#402,1.);
#402 = DIRECTION('',(0.,1.));
#403 = ( GEOMETRIC_REPRESENTATION_CONTEXT(2) 
PARAMETRIC_REPRESENTATION_CONTEXT() REPRESENTATION_CONTEXT('2D SPACE',''
  ) );
#404 = ADVANCED_FACE('',(#405,#431,#462),#100,.T.);
#405 = FACE_BOUND('',#406,.T.);
#406 = EDGE_LOOP('',(#407,#408,#409,#410));
#407 = ORIENTED_EDGE('',*,*,#384,.F.);
#408 = ORIENTED_EDGE('',*,*,#84,.T.);
#409 = ORIENTED_EDGE('',*,*,#335,.T.);
#410 = ORIENTED_EDGE('',*,*,#411,.F.);
#411 = EDGE_CURVE('',#362,#313,#412,.T.);
#412 = SURFACE_CURVE('',#413,(#417,#424),.PCURVE_S1.);
#413 = LINE('',#414,#415);
#414 = CARTESIAN_POINT('',(81.77401630206,8.,90.262253960591));
#415 = VECTOR('',#416,1.);
#416 = DIRECTION('',(-0.965925826289,0.,0.258819045103));
#417 = PCURVE('',#100,#418);
#418 = DEFINITIONAL_REPRESENTATION('',(#419),#423);
#419 = LINE('',#420,#421);
#420 = CARTESIAN_POINT('',(1.7763568394E-15,20.));
#421 = VECTOR('',#422,1.);
#422 = DIRECTION('',(1.,0.));
#423 = ( GEOMETRIC_REPRESENTATION_CONTEXT(2) 
PARAMETRIC_REPRESENTATION_CONTEXT() REPRESENTATION_CONTEXT('2D SPACE',''
  ) );
#424 = PCURVE('',#233,#425);
#425 = DEFINITIONAL_REPRESENTATION('',(#426),#430);
#426 = LINE('',#427,#428);
#427 = CARTESIAN_POINT('',(0.,-8.));
#428 = VECTOR('',#429,1.);
#429 = DIRECTION('',(1.,0.));
#430 = ( GEOMETRIC_REPRESENTATION_CONTEXT(2) 
PARAMETRIC_REPRESENTATION_CONTEXT() REPRESENTATION_CONTEXT('2D SPACE',''
  ) );
#431 = FACE_BOUND('',#432,.T.);
#432 = EDGE_LOOP('',(#433));
#433 = ORIENTED_EDGE('',*,*,#434,.F.);
#434 = EDGE_CURVE('',#435,#435,#437,.T.);
#435 = VERTEX_POINT('',#436);
#436 = CARTESIAN_POINT('',(69.474554822554,8.,80.099294386032));
#437 = SURFACE_CURVE('',#438,(#443,#450),.PCURVE_S1.);
#438 = CIRCLE('',#439,2.25);
#439 = AXIS2_PLACEMENT_3D('',#440,#441,#442);
#440 = CARTESIAN_POINT('',(71.647887931704,8.,79.516951534551));
#441 = DIRECTION('',(0.,1.,-0.));
#442 = DIRECTION('',(-0.965925826289,0.,0.258819045103));
#443 = PCURVE('',#100,#444);
#444 = DEFINITIONAL_REPRESENTATION('',(#445),#449);
#445 = CIRCLE('',#446,2.25);
#446 = AXIS2_PLACEMENT_2D('',#447,#448);
#447 = CARTESIAN_POINT('',(7.,7.));
#448 = DIRECTION('',(1.,0.));
#449 = ( GEOMETRIC_REPRESENTATION_CONTEXT(2) 
PARAMETRIC_REPRESENTATION_CONTEXT() REPRESENTATION_CONTEXT('2D SPACE',''
  ) );
#450 = PCURVE('',#451,#456);
#451 = CYLINDRICAL_SURFACE('',#452,2.25);
#452 = AXIS2_PLACEMENT_3D('',#453,#454,#455);
#453 = CARTESIAN_POINT('',(71.647887931704,-0.1,79.516951534551));
#454 = DIRECTION('',(0.,1.,0.));
#455 = DIRECTION('',(-0.965925826289,0.,0.258819045103));
#456 = DEFINITIONAL_REPRESENTATION('',(#457),#461);
#457 = LINE('',#458,#459);
#458 = CARTESIAN_POINT('',(0.,8.1));
#459 = VECTOR('',#460,1.);
#460 = DIRECTION('',(1.,0.));
#461 = ( GEOMETRIC_REPRESENTATION_CONTEXT(2) 
PARAMETRIC_REPRESENTATION_CONTEXT() REPRESENTATION_CONTEXT('2D SPACE',''
  ) );
#462 = FACE_BOUND('',#463,.T.);
#463 = EDGE_LOOP('',(#464));
#464 = ORIENTED_EDGE('',*,*,#465,.F.);
#465 = EDGE_CURVE('',#466,#466,#468,.T.);
#466 = VERTEX_POINT('',#467);
#467 = CARTESIAN_POINT('',(71.545107183374,8.,87.826700996344));
#468 = SURFACE_CURVE('',#469,(#474,#481),.PCURVE_S1.);
#469 = CIRCLE('',#470,2.25);
#470 = AXIS2_PLACEMENT_3D('',#471,#472,#473);
#471 = CARTESIAN_POINT('',(73.718440292524,8.,87.244358144864));
#472 = DIRECTION('',(0.,1.,-0.));
#473 = DIRECTION('',(-0.965925826289,0.,0.258819045103));
#474 = PCURVE('',#100,#475);
#475 = DEFINITIONAL_REPRESENTATION('',(#476),#480);
#476 = CIRCLE('',#477,2.25);
#477 = AXIS2_PLACEMENT_2D('',#478,#479);
#478 = CARTESIAN_POINT('',(7.,15.));
#479 = DIRECTION('',(1.,0.));
#480 = ( GEOMETRIC_REPRESENTATION_CONTEXT(2) 
PARAMETRIC_REPRESENTATION_CONTEXT() REPRESENTATION_CONTEXT('2D SPACE',''
  ) );
#481 = PCURVE('',#482,#487);
#482 = CYLINDRICAL_SURFACE('',#483,2.25);
#483 = AXIS2_PLACEMENT_3D('',#484,#485,#486);
#484 = CARTESIAN_POINT('',(73.718440292524,-0.1,87.244358144864));
#485 = DIRECTION('',(0.,1.,0.));
#486 = DIRECTION('',(-0.965925826289,0.,0.258819045103));
#487 = DEFINITIONAL_REPRESENTATION('',(#488),#492);
#488 = LINE('',#489,#490);
#489 = CARTESIAN_POINT('',(0.,8.1));
#490 = VECTOR('',#491,1.);
#491 = DIRECTION('',(1.,0.));
#492 = ( GEOMETRIC_REPRESENTATION_CONTEXT(2) 
PARAMETRIC_REPRESENTATION_CONTEXT() REPRESENTATION_CONTEXT('2D SPACE',''
  ) );
#493 = ADVANCED_FACE('',(#494,#543,#865,#1187,#1509),#157,.F.);
#494 = FACE_BOUND('',#495,.F.);
#495 = EDGE_LOOP('',(#496,#497,#520,#542));
#496 = ORIENTED_EDGE('',*,*,#140,.T.);
#497 = ORIENTED_EDGE('',*,*,#498,.T.);
#498 = EDGE_CURVE('',#141,#499,#501,.T.);
#499 = VERTEX_POINT('',#500);
#500 = CARTESIAN_POINT('',(71.824980291283,4.,92.928090125147));
#501 = SEAM_CURVE('',#502,(#506,#513),.PCURVE_S1.);
#502 = LINE('',#503,#504);
#503 = CARTESIAN_POINT('',(66.105079394517,4.,71.581129364159));
#504 = VECTOR('',#505,1.);
#505 = DIRECTION('',(0.258819045103,0.,0.965925826289));
#506 = PCURVE('',#157,#507);
#507 = DEFINITIONAL_REPRESENTATION('',(#508),#512);
#508 = LINE('',#509,#510);
#509 = CARTESIAN_POINT('',(0.,-0.));
#510 = VECTOR('',#511,1.);
#511 = DIRECTION('',(0.,1.));
#512 = ( GEOMETRIC_REPRESENTATION_CONTEXT(2) 
PARAMETRIC_REPRESENTATION_CONTEXT() REPRESENTATION_CONTEXT('2D SPACE',''
  ) );
#513 = PCURVE('',#157,#514);
#514 = DEFINITIONAL_REPRESENTATION('',(#515),#519);
#515 = LINE('',#516,#517);
#516 = CARTESIAN_POINT('',(6.28318530718,-0.));
#517 = VECTOR('',#518,1.);
#518 = DIRECTION('',(0.,1.));
#519 = ( GEOMETRIC_REPRESENTATION_CONTEXT(2) 
PARAMETRIC_REPRESENTATION_CONTEXT() REPRESENTATION_CONTEXT('2D SPACE',''
  ) );
#520 = ORIENTED_EDGE('',*,*,#521,.F.);
#521 = EDGE_CURVE('',#499,#499,#522,.T.);
#522 = SURFACE_CURVE('',#523,(#528,#535),.PCURVE_S1.);
#523 = CIRCLE('',#524,3.3);
#524 = AXIS2_PLACEMENT_3D('',#525,#526,#527);
#525 = CARTESIAN_POINT('',(75.012535518037,4.,92.073987276309));
#526 = DIRECTION('',(0.258819045103,0.,0.965925826289));
#527 = DIRECTION('',(-0.965925826289,0.,0.258819045103));
#528 = PCURVE('',#157,#529);
#529 = DEFINITIONAL_REPRESENTATION('',(#530),#534);
#530 = LINE('',#531,#532);
#531 = CARTESIAN_POINT('',(0.,22.1));
#532 = VECTOR('',#533,1.);
#533 = DIRECTION('',(1.,0.));
#534 = ( GEOMETRIC_REPRESENTATION_CONTEXT(2) 
PARAMETRIC_REPRESENTATION_CONTEXT() REPRESENTATION_CONTEXT('2D SPACE',''
  ) );
#535 = PCURVE('',#233,#536);
#536 = DEFINITIONAL_REPRESENTATION('',(#537),#541);
#537 = CIRCLE('',#538,3.3);
#538 = AXIS2_PLACEMENT_2D('',#539,#540);
#539 = CARTESIAN_POINT('',(7.,-4.));
#540 = DIRECTION('',(1.,0.));
#541 = ( GEOMETRIC_REPRESENTATION_CONTEXT(2) 
PARAMETRIC_REPRESENTATION_CONTEXT() REPRESENTATION_CONTEXT('2D SPACE',''
  ) );
#542 = ORIENTED_EDGE('',*,*,#498,.F.);
#543 = FACE_BOUND('',#544,.F.);
#544 = EDGE_LOOP('',(#545));
#545 = ORIENTED_EDGE('',*,*,#546,.T.);
#546 = EDGE_CURVE('',#547,#547,#549,.T.);
#547 = VERTEX_POINT('',#548);
#548 = CARTESIAN_POINT('',(69.474554822554,1.585978459085,
    80.099294386032));
#549 = SURFACE_CURVE('',#550,(#653,#759),.PCURVE_S1.);
#550 = B_SPLINE_CURVE_WITH_KNOTS('',6,(#551,#552,#553,#554,#555,#556,
    #557,#558,#559,#560,#561,#562,#563,#564,#565,#566,#567,#568,#569,
    #570,#571,#572,#573,#574,#575,#576,#577,#578,#579,#580,#581,#582,
    #583,#584,#585,#586,#587,#588,#589,#590,#591,#592,#593,#594,#595,
    #596,#597,#598,#599,#600,#601,#602,#603,#604,#605,#606,#607,#608,
    #609,#610,#611,#612,#613,#614,#615,#616,#617,#618,#619,#620,#621,
    #622,#623,#624,#625,#626,#627,#628,#629,#630,#631,#632,#633,#634,
    #635,#636,#637,#638,#639,#640,#641,#642,#643,#644,#645,#646,#647,
    #648,#649,#650,#651,#652),.UNSPECIFIED.,.T.,.F.,(7,5,5,5,5,5,5,5,5,5
    ,5,5,5,5,5,5,5,5,5,5,7),(0.,5.083429640406E-02,0.107300323513,
    0.169295767924,0.216470908025,0.27501977754,0.306871042552,
    0.332706726503,0.395184688099,0.449749479049,0.500507972615,
    0.551524228732,0.607795099464,0.669576276874,0.716588371534,
    0.774934886057,0.806676067604,0.83242246417,0.894684515242,
    0.94906074188,1.),.UNSPECIFIED.);
#551 = CARTESIAN_POINT('',(69.474554822554,1.585978459085,
    80.099294386032));
#552 = CARTESIAN_POINT('',(69.503253153495,1.585978459085,
    80.206398015197));
#553 = CARTESIAN_POINT('',(69.538229251801,1.579866864783,
    80.311595723755));
#554 = CARTESIAN_POINT('',(69.579316082527,1.567687758901,
    80.414447529783));
#555 = CARTESIAN_POINT('',(69.626298425787,1.549775696853,
    80.514500210535));
#556 = CARTESIAN_POINT('',(69.678884039421,1.526756751527,
    80.611242801535));
#557 = CARTESIAN_POINT('',(69.8006277491,1.469172776027,80.807251464398)
  );
#558 = CARTESIAN_POINT('',(69.871055368528,1.433573848845,
    80.905736986978));
#559 = CARTESIAN_POINT('',(69.947625711993,1.393598805207,
    80.999487139455));
#560 = CARTESIAN_POINT('',(70.030210189433,1.35020438138,81.088324713959
    ));
#561 = CARTESIAN_POINT('',(70.118710284196,1.304330463498,
    81.171979794337));
#562 = CARTESIAN_POINT('',(70.316647240179,1.204830349678,
    81.335847682603));
#563 = CARTESIAN_POINT('',(70.427364496707,1.150845163099,
    81.414986445859));
#564 = CARTESIAN_POINT('',(70.545407664446,1.096033950898,
    81.487224661033));
#565 = CARTESIAN_POINT('',(70.671066174374,1.041472597322,
    81.551967181957));
#566 = CARTESIAN_POINT('',(70.804605383865,0.988387296636,
    81.608256533655));
#567 = CARTESIAN_POINT('',(71.053790921208,0.900114980882,
    81.690058294039));
#568 = CARTESIAN_POINT('',(71.166357600101,0.863585591415,
    81.719801623857));
#569 = CARTESIAN_POINT('',(71.283532838985,0.829469063294,
    81.743156149962));
#570 = CARTESIAN_POINT('',(71.404950204781,0.798597656843,
    81.759334751308));
#571 = CARTESIAN_POINT('',(71.530146391795,0.771815800583,
    81.767534831056));
#572 = CARTESIAN_POINT('',(71.817914566316,0.722829783615,
    81.766170976426));
#573 = CARTESIAN_POINT('',(71.982574939946,0.703225677471,
    81.751845505179));
#574 = CARTESIAN_POINT('',(72.148434692189,0.693325974003,
    81.722258550439));
#575 = CARTESIAN_POINT('',(72.311537396055,0.69417139506,81.677338252033
    ));
#576 = CARTESIAN_POINT('',(72.468248501795,0.705401565266,81.61840877303
    ));
#577 = CARTESIAN_POINT('',(72.695651722486,0.736333585365,
    81.510081588714));
#578 = CARTESIAN_POINT('',(72.772910014706,0.749827404396,
    81.468625295013));
#579 = CARTESIAN_POINT('',(72.847113587174,0.765692487208,
    81.424201666204));
#580 = CARTESIAN_POINT('',(72.918100042178,0.78366789245,81.377156101121
    ));
#581 = CARTESIAN_POINT('',(72.985737444452,0.803462137683,
    81.327861332301));
#582 = CARTESIAN_POINT('',(73.101992721856,0.842034583823,
    81.235238731751));
#583 = CARTESIAN_POINT('',(73.151839322904,0.860315073806,
    81.192503163513));
#584 = CARTESIAN_POINT('',(73.199498532039,0.879466723063,
    81.148650727414));
#585 = CARTESIAN_POINT('',(73.245005680814,0.899361090101,
    81.103806688147));
#586 = CARTESIAN_POINT('',(73.288399322667,0.91987556224,81.058084843826
    ));
#587 = CARTESIAN_POINT('',(73.429649252151,0.991720300616,
    80.899143913349));
#588 = CARTESIAN_POINT('',(73.517517273925,1.045519813364,
    80.782102478391));
#589 = CARTESIAN_POINT('',(73.594116712123,1.100766440348,80.66164427937
    ));
#590 = CARTESIAN_POINT('',(73.660175258542,1.156199583288,
    80.538475191269));
#591 = CARTESIAN_POINT('',(73.716250122226,1.210710815846,
    80.412965196122));
#592 = CARTESIAN_POINT('',(73.803169137666,1.308991821775,
    80.173720095085));
#593 = CARTESIAN_POINT('',(73.836333358501,1.353274839161,
    80.060440998051));
#594 = CARTESIAN_POINT('',(73.862246188187,1.395176585354,
    79.945733127566));
#595 = CARTESIAN_POINT('',(73.880949178072,1.433838037926,
    79.829854779312));
#596 = CARTESIAN_POINT('',(73.89241962251,1.468386702649,79.713006803696
    ));
#597 = CARTESIAN_POINT('',(73.900337631279,1.525514548325,
    79.485898748729));
#598 = CARTESIAN_POINT('',(73.897781965812,1.548794455928,
    79.375612667692));
#599 = CARTESIAN_POINT('',(73.888694623411,1.566969593901,
    79.265244810731));
#600 = CARTESIAN_POINT('',(73.873076432159,1.579405014174,
    79.155385363697));
#601 = CARTESIAN_POINT('',(73.850965817264,1.585757241979,79.04653472844
    ));
#602 = CARTESIAN_POINT('',(73.793758297031,1.586191598988,78.83123278224
    ));
#603 = CARTESIAN_POINT('',(73.758709713716,1.580210391473,
    78.725224371703));
#604 = CARTESIAN_POINT('',(73.717457840314,1.568067940457,
    78.621582840964));
#605 = CARTESIAN_POINT('',(73.670221672984,1.550101446125,
    78.520772251849));
#606 = CARTESIAN_POINT('',(73.61729902568,1.526949355255,78.423315866609
    ));
#607 = CARTESIAN_POINT('',(73.495148114308,1.469172776027,
    78.226651604704));
#608 = CARTESIAN_POINT('',(73.42472049488,1.433573848845,78.128166082125
    ));
#609 = CARTESIAN_POINT('',(73.348150151415,1.393598805207,
    78.034415929648));
#610 = CARTESIAN_POINT('',(73.265565673975,1.35020438138,77.945578355143
    ));
#611 = CARTESIAN_POINT('',(73.177065579212,1.304330463498,
    77.861923274765));
#612 = CARTESIAN_POINT('',(72.979128623229,1.204830349678,
    77.698055386499));
#613 = CARTESIAN_POINT('',(72.868411366701,1.150845163098,
    77.618916623243));
#614 = CARTESIAN_POINT('',(72.750368198962,1.096033950898,
    77.546678408069));
#615 = CARTESIAN_POINT('',(72.624709689034,1.041472597322,
    77.481935887145));
#616 = CARTESIAN_POINT('',(72.491170479543,0.988387296636,
    77.425646535448));
#617 = CARTESIAN_POINT('',(72.241984942158,0.900114980867,
    77.343844775049));
#618 = CARTESIAN_POINT('',(72.129418263319,0.863585591423,
    77.314101445256));
#619 = CARTESIAN_POINT('',(72.012243024473,0.829469063307,
    77.290746919147));
#620 = CARTESIAN_POINT('',(71.890825658641,0.798597656842,
    77.274568317787));
#621 = CARTESIAN_POINT('',(71.765629471554,0.771815800572,
    77.266368238046));
#622 = CARTESIAN_POINT('',(71.477861297092,0.722829783615,
    77.267732092676));
#623 = CARTESIAN_POINT('',(71.313200923462,0.703225677471,
    77.282057563924));
#624 = CARTESIAN_POINT('',(71.147341171219,0.693325974003,
    77.311644518663));
#625 = CARTESIAN_POINT('',(70.984238467353,0.69417139506,77.35656481707)
  );
#626 = CARTESIAN_POINT('',(70.827527361613,0.705401565266,
    77.415494296072));
#627 = CARTESIAN_POINT('',(70.600124140922,0.736333585365,
    77.523821480388));
#628 = CARTESIAN_POINT('',(70.522865848702,0.749827404396,77.56527777409
    ));
#629 = CARTESIAN_POINT('',(70.448662276234,0.765692487208,
    77.609701402899));
#630 = CARTESIAN_POINT('',(70.37767582123,0.78366789245,77.656746967982)
  );
#631 = CARTESIAN_POINT('',(70.310038418956,0.803462137683,
    77.706041736802));
#632 = CARTESIAN_POINT('',(70.193783131049,0.842034587308,77.79866434572
    ));
#633 = CARTESIAN_POINT('',(70.143936541731,0.860315072649,
    77.841399903224));
#634 = CARTESIAN_POINT('',(70.096277340371,0.879466719357,
    77.885252333186));
#635 = CARTESIAN_POINT('',(70.050770186116,0.899361089263,
    77.930096378769));
#636 = CARTESIAN_POINT('',(70.007376533106,0.919875566123,
    77.975818233868));
#637 = CARTESIAN_POINT('',(69.866126611221,0.991720300634,
    78.134759155794));
#638 = CARTESIAN_POINT('',(69.778258589552,1.045519813332,
    78.251800590644));
#639 = CARTESIAN_POINT('',(69.701659151253,1.100766440347,
    78.372258789726));
#640 = CARTESIAN_POINT('',(69.635600604846,1.156199583322,
    78.495427877916));
#641 = CARTESIAN_POINT('',(69.5795257412,1.210710815825,78.62093787293)
  );
#642 = CARTESIAN_POINT('',(69.492606725742,1.308991821775,
    78.860182974017));
#643 = CARTESIAN_POINT('',(69.459442504907,1.353274839161,
    78.973462071052));
#644 = CARTESIAN_POINT('',(69.433529675221,1.395176585354,
    79.088169941537));
#645 = CARTESIAN_POINT('',(69.414826685336,1.433838037926,
    79.204048289792));
#646 = CARTESIAN_POINT('',(69.403356240898,1.468386702649,
    79.320896265406));
#647 = CARTESIAN_POINT('',(69.395411362691,1.525708409327,
    79.548775002248));
#648 = CARTESIAN_POINT('',(69.3980300503,1.549123221261,79.659848085514)
  );
#649 = CARTESIAN_POINT('',(69.407274803027,1.567354671214,
    79.770999983375));
#650 = CARTESIAN_POINT('',(69.423143474071,1.579755168099,
    79.881626725776));
#651 = CARTESIAN_POINT('',(69.445595420025,1.585978459085,
    79.991216424436));
#652 = CARTESIAN_POINT('',(69.474554822554,1.585978459085,
    80.099294386032));
#653 = PCURVE('',#157,#654);
#654 = DEFINITIONAL_REPRESENTATION('',(#655),#758);
#655 = B_SPLINE_CURVE_WITH_KNOTS('',6,(#656,#657,#658,#659,#660,#661,
    #662,#663,#664,#665,#666,#667,#668,#669,#670,#671,#672,#673,#674,
    #675,#676,#677,#678,#679,#680,#681,#682,#683,#684,#685,#686,#687,
    #688,#689,#690,#691,#692,#693,#694,#695,#696,#697,#698,#699,#700,
    #701,#702,#703,#704,#705,#706,#707,#708,#709,#710,#711,#712,#713,
    #714,#715,#716,#717,#718,#719,#720,#721,#722,#723,#724,#725,#726,
    #727,#728,#729,#730,#731,#732,#733,#734,#735,#736,#737,#738,#739,
    #740,#741,#742,#743,#744,#745,#746,#747,#748,#749,#750,#751,#752,
    #753,#754,#755,#756,#757),.UNSPECIFIED.,.T.,.F.,(7,5,5,5,5,5,5,5,5,5
    ,5,5,5,5,5,5,5,5,5,5,7),(0.,5.083429640406E-02,0.107300323513,
    0.169295767924,0.216470908025,0.27501977754,0.306871042552,
    0.332706726503,0.395184688099,0.449749479049,0.500507972615,
    0.551524228732,0.607795099464,0.669576276874,0.716588371534,
    0.774934886057,0.806676067604,0.83242246417,0.894684515242,
    0.94906074188,1.),.UNSPECIFIED.);
#656 = CARTESIAN_POINT('',(0.820551082808,9.1));
#657 = CARTESIAN_POINT('',(0.820551082808,9.21088183611));
#658 = CARTESIAN_POINT('',(0.823267332576,9.321547500038));
#659 = CARTESIAN_POINT('',(0.828680336677,9.431528770055));
#660 = CARTESIAN_POINT('',(0.836700450433,9.540332163602));
#661 = CARTESIAN_POINT('',(0.847166107151,9.647388489058));
#662 = CARTESIAN_POINT('',(0.873906349022,9.868227909381));
#663 = CARTESIAN_POINT('',(0.890713322113,9.981585628365));
#664 = CARTESIAN_POINT('',(0.910034478535,10.09195918504));
#665 = CARTESIAN_POINT('',(0.931677476046,10.19914412819));
#666 = CARTESIAN_POINT('',(0.95548429381,10.302854240845));
#667 = CARTESIAN_POINT('',(1.009722355737,10.512368320159));
#668 = CARTESIAN_POINT('',(1.04059564371,10.617466230059));
#669 = CARTESIAN_POINT('',(1.073881523964,10.717794807696));
#670 = CARTESIAN_POINT('',(1.109585471692,10.812854096264));
#671 = CARTESIAN_POINT('',(1.147756399855,10.901787925498));
#672 = CARTESIAN_POINT('',(1.219455125519,11.045296321318));
#673 = CARTESIAN_POINT('',(1.251990521873,11.103160572091));
#674 = CARTESIAN_POINT('',(1.286022937142,11.156046495454));
#675 = CARTESIAN_POINT('',(1.321496883012,11.203098951001));
#676 = CARTESIAN_POINT('',(1.358361002058,11.243422777381));
#677 = CARTESIAN_POINT('',(1.443995489463,11.316585279111));
#678 = CARTESIAN_POINT('',(1.493599291075,11.345365177128));
#679 = CARTESIAN_POINT('',(1.544408447506,11.359714036121));
#680 = CARTESIAN_POINT('',(1.595519523826,11.358538445834));
#681 = CARTESIAN_POINT('',(1.646044241031,11.34217675888));
#682 = CARTESIAN_POINT('',(1.721685369026,11.296397018292));
#683 = CARTESIAN_POINT('',(1.747857987554,11.276349230962));
#684 = CARTESIAN_POINT('',(1.773497492229,11.252644598367));
#685 = CARTESIAN_POINT('',(1.798547811991,11.225574718541));
#686 = CARTESIAN_POINT('',(1.822950887122,11.195465476106));
#687 = CARTESIAN_POINT('',(1.865866209259,11.136087994023));
#688 = CARTESIAN_POINT('',(1.884638837837,11.107709854646));
#689 = CARTESIAN_POINT('',(1.902964218893,11.077686765071));
#690 = CARTESIAN_POINT('',(1.920842215049,11.046148866179));
#691 = CARTESIAN_POINT('',(1.938272366274,11.013216056872));
#692 = CARTESIAN_POINT('',(1.996319997608,10.89624907914));
#693 = CARTESIAN_POINT('',(2.034785908914,10.805937651858));
#694 = CARTESIAN_POINT('',(2.070731697144,10.709409359885));
#695 = CARTESIAN_POINT('',(2.104206236622,10.607534366593));
#696 = CARTESIAN_POINT('',(2.13521198753,10.500814263496));
#697 = CARTESIAN_POINT('',(2.188514058192,10.292217538169));
#698 = CARTESIAN_POINT('',(2.21143083492,10.191381864733));
#699 = CARTESIAN_POINT('',(2.232304652889,10.087289303988));
#700 = CARTESIAN_POINT('',(2.250989646482,9.980200104684));
#701 = CARTESIAN_POINT('',(2.267309915659,9.870302396763));
#702 = CARTESIAN_POINT('',(2.293859733862,9.652982192582));
#703 = CARTESIAN_POINT('',(2.304450470675,9.545792563732));
#704 = CARTESIAN_POINT('',(2.312591809192,9.436833423019));
#705 = CARTESIAN_POINT('',(2.318120036099,9.32667506052));
#706 = CARTESIAN_POINT('',(2.320943251854,9.215810772484));
#707 = CARTESIAN_POINT('',(2.321136299837,8.99303866644));
#708 = CARTESIAN_POINT('',(2.318477982535,8.881571164032));
#709 = CARTESIAN_POINT('',(2.313082517692,8.770784362333));
#710 = CARTESIAN_POINT('',(2.305040301712,8.66118319102));
#711 = CARTESIAN_POINT('',(2.294515985735,8.553350162541));
#712 = CARTESIAN_POINT('',(2.267686304567,8.331772090619));
#713 = CARTESIAN_POINT('',(2.250879331477,8.218414371635));
#714 = CARTESIAN_POINT('',(2.231558175055,8.10804081496));
#715 = CARTESIAN_POINT('',(2.209915177544,8.00085587181));
#716 = CARTESIAN_POINT('',(2.18610835978,7.897145759154));
#717 = CARTESIAN_POINT('',(2.131870297853,7.687631679841));
#718 = CARTESIAN_POINT('',(2.100997009879,7.582533769941));
#719 = CARTESIAN_POINT('',(2.067711129626,7.482205192304));
#720 = CARTESIAN_POINT('',(2.032007181898,7.387145903736));
#721 = CARTESIAN_POINT('',(1.993836253735,7.298212074502));
#722 = CARTESIAN_POINT('',(1.922137528059,7.154703678658));
#723 = CARTESIAN_POINT('',(1.88960213172,7.096839427923));
#724 = CARTESIAN_POINT('',(1.855569716463,7.043953504566));
#725 = CARTESIAN_POINT('',(1.820095770582,6.996901048996));
#726 = CARTESIAN_POINT('',(1.783231651514,6.956577222604));
#727 = CARTESIAN_POINT('',(1.697597164127,6.883414720889));
#728 = CARTESIAN_POINT('',(1.647993362515,6.854634822872));
#729 = CARTESIAN_POINT('',(1.597184206084,6.840285963879));
#730 = CARTESIAN_POINT('',(1.546073129764,6.841461554166));
#731 = CARTESIAN_POINT('',(1.495548412559,6.85782324112));
#732 = CARTESIAN_POINT('',(1.419907284563,6.903602981708));
#733 = CARTESIAN_POINT('',(1.393734666036,6.923650769038));
#734 = CARTESIAN_POINT('',(1.368095161361,6.947355401633));
#735 = CARTESIAN_POINT('',(1.343044841598,6.974425281459));
#736 = CARTESIAN_POINT('',(1.318641766468,7.004534523894));
#737 = CARTESIAN_POINT('',(1.275726440453,7.063912011342));
#738 = CARTESIAN_POINT('',(1.256953816382,7.092290143387));
#739 = CARTESIAN_POINT('',(1.238628438189,7.122313229047));
#740 = CARTESIAN_POINT('',(1.220750439762,7.15385113262));
#741 = CARTESIAN_POINT('',(1.203320284178,7.186783949451));
#742 = CARTESIAN_POINT('',(1.145272655967,7.30375092089));
#743 = CARTESIAN_POINT('',(1.106806744703,7.394062348095));
#744 = CARTESIAN_POINT('',(1.070860956438,7.4905906401));
#745 = CARTESIAN_POINT('',(1.037386416952,7.592465633482));
#746 = CARTESIAN_POINT('',(1.006380666071,7.69918573646));
#747 = CARTESIAN_POINT('',(0.953078595398,7.907782461831));
#748 = CARTESIAN_POINT('',(0.93016181867,8.008618135267));
#749 = CARTESIAN_POINT('',(0.9092880007,8.112710696012));
#750 = CARTESIAN_POINT('',(0.890603007107,8.219799895317));
#751 = CARTESIAN_POINT('',(0.874282737931,8.329697603236));
#752 = CARTESIAN_POINT('',(0.847642824009,8.547755274622));
#753 = CARTESIAN_POINT('',(0.836992620465,8.655721400581));
#754 = CARTESIAN_POINT('',(0.828828379665,8.765478607439));
#755 = CARTESIAN_POINT('',(0.823316974497,8.876442949289));
#756 = CARTESIAN_POINT('',(0.820551082808,8.988109460733));
#757 = CARTESIAN_POINT('',(0.820551082808,9.1));
#758 = ( GEOMETRIC_REPRESENTATION_CONTEXT(2) 
PARAMETRIC_REPRESENTATION_CONTEXT() REPRESENTATION_CONTEXT('2D SPACE',''
  ) );
#759 = PCURVE('',#264,#760);
#760 = DEFINITIONAL_REPRESENTATION('',(#761),#864);
#761 = B_SPLINE_CURVE_WITH_KNOTS('',6,(#762,#763,#764,#765,#766,#767,
    #768,#769,#770,#771,#772,#773,#774,#775,#776,#777,#778,#779,#780,
    #781,#782,#783,#784,#785,#786,#787,#788,#789,#790,#791,#792,#793,
    #794,#795,#796,#797,#798,#799,#800,#801,#802,#803,#804,#805,#806,
    #807,#808,#809,#810,#811,#812,#813,#814,#815,#816,#817,#818,#819,
    #820,#821,#822,#823,#824,#825,#826,#827,#828,#829,#830,#831,#832,
    #833,#834,#835,#836,#837,#838,#839,#840,#841,#842,#843,#844,#845,
    #846,#847,#848,#849,#850,#851,#852,#853,#854,#855,#856,#857,#858,
    #859,#860,#861,#862,#863),.UNSPECIFIED.,.F.,.F.,(7,5,5,5,5,5,5,5,5,5
    ,5,5,5,5,5,5,5,5,5,5,7),(0.,5.083429640406E-02,0.107300323513,
    0.169295767924,0.216470908025,0.27501977754,0.306871042552,
    0.332706726503,0.395184688099,0.449749479049,0.500507972615,
    0.551524228732,0.607795099464,0.669576276874,0.716588371534,
    0.774934886057,0.806676067604,0.83242246417,0.894684515242,
    0.94906074188,1.),.UNSPECIFIED.);
#762 = CARTESIAN_POINT('',(0.,1.685978459085));
#763 = CARTESIAN_POINT('',(4.92808160489E-02,1.685978459085));
#764 = CARTESIAN_POINT('',(9.846550184416E-02,1.679866864783));
#765 = CARTESIAN_POINT('',(0.147561754682,1.667687758901));
#766 = CARTESIAN_POINT('',(0.196560234626,1.649775696853));
#767 = CARTESIAN_POINT('',(0.245416250288,1.626756751527));
#768 = CARTESIAN_POINT('',(0.347967341332,1.569172776027));
#769 = CARTESIAN_POINT('',(0.401665417505,1.533573848845));
#770 = CARTESIAN_POINT('',(0.455298809354,1.493598805207));
#771 = CARTESIAN_POINT('',(0.509040267093,1.45020438138));
#772 = CARTESIAN_POINT('',(0.563047924346,1.404330463498));
#773 = CARTESIAN_POINT('',(0.677255206852,1.304830349678));
#774 = CARTESIAN_POINT('',(0.737588877036,1.250845163099));
#775 = CARTESIAN_POINT('',(0.798858686588,1.196033950898));
#776 = CARTESIAN_POINT('',(0.861417370197,1.141472597322));
#777 = CARTESIAN_POINT('',(0.925610441333,1.088387296636));
#778 = CARTESIAN_POINT('',(1.04217438343,1.000114980882));
#779 = CARTESIAN_POINT('',(1.093831123612,0.963585591415));
#780 = CARTESIAN_POINT('',(1.146779254801,0.929469063294));
#781 = CARTESIAN_POINT('',(1.20104161803,0.898597656843));
#782 = CARTESIAN_POINT('',(1.256666742504,0.871815800583));
#783 = CARTESIAN_POINT('',(1.384565145368,0.822829783615));
#784 = CARTESIAN_POINT('',(1.457776765979,0.803225677471));
#785 = CARTESIAN_POINT('',(1.532193841452,0.793325974003));
#786 = CARTESIAN_POINT('',(1.606910550659,0.79417139506));
#787 = CARTESIAN_POINT('',(1.681053541645,0.805401565266));
#788 = CARTESIAN_POINT('',(1.793003269024,0.836333585365));
#789 = CARTESIAN_POINT('',(1.83192663455,0.849827404396));
#790 = CARTESIAN_POINT('',(1.870301855248,0.865692487208));
#791 = CARTESIAN_POINT('',(1.908093857496,0.88366789245));
#792 = CARTESIAN_POINT('',(1.945257172801,0.903462137683));
#793 = CARTESIAN_POINT('',(2.01131997219,0.942034583823));
#794 = CARTESIAN_POINT('',(2.040482761792,0.960315073806));
#795 = CARTESIAN_POINT('',(2.069240647827,0.979466723063));
#796 = CARTESIAN_POINT('',(2.097611673359,0.999361090101));
#797 = CARTESIAN_POINT('',(2.12561272435,1.01987556224));
#798 = CARTESIAN_POINT('',(2.220117292883,1.091720300616));
#799 = CARTESIAN_POINT('',(2.284942039257,1.145519813364));
#800 = CARTESIAN_POINT('',(2.348112436566,1.200766440348));
#801 = CARTESIAN_POINT('',(2.40998524478,1.256199583288));
#802 = CARTESIAN_POINT('',(2.470924785879,1.310710815846));
#803 = CARTESIAN_POINT('',(2.584055876552,1.408991821775));
#804 = CARTESIAN_POINT('',(2.636409149336,1.453274839161));
#805 = CARTESIAN_POINT('',(2.688522655969,1.495176585354));
#806 = CARTESIAN_POINT('',(2.740540202287,1.533838037926));
#807 = CARTESIAN_POINT('',(2.792618764566,1.568386702649));
#808 = CARTESIAN_POINT('',(2.893617005346,1.625514548325));
#809 = CARTESIAN_POINT('',(2.942563652922,1.648794455928));
#810 = CARTESIAN_POINT('',(2.991653335642,1.666969593901));
#811 = CARTESIAN_POINT('',(3.040841897647,1.679405014174));
#812 = CARTESIAN_POINT('',(3.09012108958,1.685757241979));
#813 = CARTESIAN_POINT('',(3.18913113113,1.686191598988));
#814 = CARTESIAN_POINT('',(3.23866611166,1.680210391473));
#815 = CARTESIAN_POINT('',(3.288112795776,1.668067940457));
#816 = CARTESIAN_POINT('',(3.337461359418,1.650101446125));
#817 = CARTESIAN_POINT('',(3.386665896604,1.626949355255));
#818 = CARTESIAN_POINT('',(3.489559994922,1.569172776027));
#819 = CARTESIAN_POINT('',(3.543258071094,1.533573848845));
#820 = CARTESIAN_POINT('',(3.596891462943,1.493598805207));
#821 = CARTESIAN_POINT('',(3.650632920682,1.45020438138));
#822 = CARTESIAN_POINT('',(3.704640577936,1.404330463498));
#823 = CARTESIAN_POINT('',(3.818847860442,1.304830349678));
#824 = CARTESIAN_POINT('',(3.879181530626,1.250845163098));
#825 = CARTESIAN_POINT('',(3.940451340178,1.196033950898));
#826 = CARTESIAN_POINT('',(4.003010023787,1.141472597322));
#827 = CARTESIAN_POINT('',(4.067203094923,1.088387296636));
#828 = CARTESIAN_POINT('',(4.183767037039,1.000114980867));
#829 = CARTESIAN_POINT('',(4.235423777196,0.963585591423));
#830 = CARTESIAN_POINT('',(4.288371908368,0.929469063307));
#831 = CARTESIAN_POINT('',(4.342634271614,0.898597656842));
#832 = CARTESIAN_POINT('',(4.39825939612,0.871815800572));
#833 = CARTESIAN_POINT('',(4.526157798958,0.822829783615));
#834 = CARTESIAN_POINT('',(4.599369419568,0.803225677471));
#835 = CARTESIAN_POINT('',(4.673786495042,0.793325974003));
#836 = CARTESIAN_POINT('',(4.748503204248,0.79417139506));
#837 = CARTESIAN_POINT('',(4.822646195235,0.805401565266));
#838 = CARTESIAN_POINT('',(4.934595922614,0.836333585365));
#839 = CARTESIAN_POINT('',(4.97351928814,0.849827404396));
#840 = CARTESIAN_POINT('',(5.011894508837,0.865692487208));
#841 = CARTESIAN_POINT('',(5.049686511086,0.88366789245));
#842 = CARTESIAN_POINT('',(5.086849826391,0.903462137683));
#843 = CARTESIAN_POINT('',(5.152912631749,0.942034587308));
#844 = CARTESIAN_POINT('',(5.182075414261,0.960315072649));
#845 = CARTESIAN_POINT('',(5.210833295897,0.979466719357));
#846 = CARTESIAN_POINT('',(5.23920432514,0.999361089263));
#847 = CARTESIAN_POINT('',(5.267205383048,1.019875566123));
#848 = CARTESIAN_POINT('',(5.361709946497,1.091720300634));
#849 = CARTESIAN_POINT('',(5.426534692805,1.145519813332));
#850 = CARTESIAN_POINT('',(5.489705090161,1.200766440347));
#851 = CARTESIAN_POINT('',(5.551577898406,1.256199583322));
#852 = CARTESIAN_POINT('',(5.612517439445,1.310710815825));
#853 = CARTESIAN_POINT('',(5.725648530142,1.408991821775));
#854 = CARTESIAN_POINT('',(5.778001802926,1.453274839161));
#855 = CARTESIAN_POINT('',(5.830115309559,1.495176585354));
#856 = CARTESIAN_POINT('',(5.882132855878,1.533838037926));
#857 = CARTESIAN_POINT('',(5.934211418155,1.568386702649));
#858 = CARTESIAN_POINT('',(6.035552392326,1.625708409327));
#859 = CARTESIAN_POINT('',(6.084847627497,1.649123221261));
#860 = CARTESIAN_POINT('',(6.134287553355,1.667354671214));
#861 = CARTESIAN_POINT('',(6.183826674748,1.679755168099));
#862 = CARTESIAN_POINT('',(6.233456178616,1.685978459085));
#863 = CARTESIAN_POINT('',(6.28318530718,1.685978459085));
#864 = ( GEOMETRIC_REPRESENTATION_CONTEXT(2) 
PARAMETRIC_REPRESENTATION_CONTEXT() REPRESENTATION_CONTEXT('2D SPACE',''
  ) );
#865 = FACE_BOUND('',#866,.F.);
#866 = EDGE_LOOP('',(#867));
#867 = ORIENTED_EDGE('',*,*,#868,.F.);
#868 = EDGE_CURVE('',#869,#869,#871,.T.);
#869 = VERTEX_POINT('',#870);
#870 = CARTESIAN_POINT('',(69.474554822554,6.414021540915,
    80.099294386032));
#871 = SURFACE_CURVE('',#872,(#975,#1081),.PCURVE_S1.);
#872 = B_SPLINE_CURVE_WITH_KNOTS('',6,(#873,#874,#875,#876,#877,#878,
    #879,#880,#881,#882,#883,#884,#885,#886,#887,#888,#889,#890,#891,
    #892,#893,#894,#895,#896,#897,#898,#899,#900,#901,#902,#903,#904,
    #905,#906,#907,#908,#909,#910,#911,#912,#913,#914,#915,#916,#917,
    #918,#919,#920,#921,#922,#923,#924,#925,#926,#927,#928,#929,#930,
    #931,#932,#933,#934,#935,#936,#937,#938,#939,#940,#941,#942,#943,
    #944,#945,#946,#947,#948,#949,#950,#951,#952,#953,#954,#955,#956,
    #957,#958,#959,#960,#961,#962,#963,#964,#965,#966,#967,#968,#969,
    #970,#971,#972,#973,#974),.UNSPECIFIED.,.T.,.F.,(7,5,5,5,5,5,5,5,5,5
    ,5,5,5,5,5,5,5,5,5,5,7),(0.,5.083428299509E-02,0.10730029521,
    0.169295723269,0.216470850946,0.275019705067,0.306870961706,
    0.332706644076,0.395184613416,0.449749411109,0.500507910946,
    0.551524173366,0.607795051052,0.669576236075,0.716588336542,
    0.774934858273,0.806676043741,0.832422443486,0.894684502228,
    0.949060735585,1.),.UNSPECIFIED.);
#873 = CARTESIAN_POINT('',(69.474554822554,6.414021540915,
    80.099294386032));
#874 = CARTESIAN_POINT('',(69.503253153495,6.414021540915,
    80.206398015197));
#875 = CARTESIAN_POINT('',(69.538229251801,6.420133135217,
    80.311595723755));
#876 = CARTESIAN_POINT('',(69.579316082526,6.432312241099,
    80.414447529783));
#877 = CARTESIAN_POINT('',(69.626298425787,6.450224303147,
    80.514500210535));
#878 = CARTESIAN_POINT('',(69.678884039421,6.473243248473,
    80.611242801535));
#879 = CARTESIAN_POINT('',(69.800627749101,6.530827223973,
    80.807251464399));
#880 = CARTESIAN_POINT('',(69.871055368528,6.566426151155,
    80.905736986977));
#881 = CARTESIAN_POINT('',(69.947625711993,6.606401194793,
    80.999487139455));
#882 = CARTESIAN_POINT('',(70.030210189433,6.64979561862,81.088324713959
    ));
#883 = CARTESIAN_POINT('',(70.118710284196,6.695669536503,
    81.171979794338));
#884 = CARTESIAN_POINT('',(70.316647240179,6.795169650322,
    81.335847682603));
#885 = CARTESIAN_POINT('',(70.427364496707,6.849154836901,
    81.414986445859));
#886 = CARTESIAN_POINT('',(70.545407664446,6.903966049102,
    81.487224661033));
#887 = CARTESIAN_POINT('',(70.671066174374,6.958527402678,
    81.551967181957));
#888 = CARTESIAN_POINT('',(70.804605383865,7.011612703364,
    81.608256533655));
#889 = CARTESIAN_POINT('',(71.05379092125,7.099885019133,81.690058294053
    ));
#890 = CARTESIAN_POINT('',(71.166357600089,7.136414408577,
    81.719801623847));
#891 = CARTESIAN_POINT('',(71.283532838935,7.170530936693,
    81.743156149955));
#892 = CARTESIAN_POINT('',(71.404950204767,7.201402343158,
    81.759334751315));
#893 = CARTESIAN_POINT('',(71.530146391854,7.228184199427,
    81.767534831056));
#894 = CARTESIAN_POINT('',(71.817914566316,7.277170216385,
    81.766170976426));
#895 = CARTESIAN_POINT('',(71.982574939946,7.296774322529,
    81.751845505179));
#896 = CARTESIAN_POINT('',(72.148434692189,7.306674025997,
    81.722258550439));
#897 = CARTESIAN_POINT('',(72.311537396055,7.30582860494,81.677338252033
    ));
#898 = CARTESIAN_POINT('',(72.468248501795,7.294598434734,81.61840877303
    ));
#899 = CARTESIAN_POINT('',(72.695651722486,7.263666414635,
    81.510081588714));
#900 = CARTESIAN_POINT('',(72.772910014706,7.250172595604,
    81.468625295013));
#901 = CARTESIAN_POINT('',(72.847113587174,7.234307512792,
    81.424201666204));
#902 = CARTESIAN_POINT('',(72.918100042178,7.21633210755,81.377156101121
    ));
#903 = CARTESIAN_POINT('',(72.985737444452,7.196537862317,
    81.327861332301));
#904 = CARTESIAN_POINT('',(73.101992732359,7.157965412692,
    81.235238723383));
#905 = CARTESIAN_POINT('',(73.151839321677,7.139684927351,
    81.192503165879));
#906 = CARTESIAN_POINT('',(73.199498523037,7.120533280643,
    81.148650735916));
#907 = CARTESIAN_POINT('',(73.245005677292,7.100638910737,
    81.103806690334));
#908 = CARTESIAN_POINT('',(73.288399330301,7.080124433877,
    81.058084835235));
#909 = CARTESIAN_POINT('',(73.429649252187,7.008279699366,
    80.899143913309));
#910 = CARTESIAN_POINT('',(73.517517273856,6.954480186668,
    80.782102478458));
#911 = CARTESIAN_POINT('',(73.594116712156,6.899233559653,
    80.661644279377));
#912 = CARTESIAN_POINT('',(73.660175258562,6.843800416679,
    80.538475191186));
#913 = CARTESIAN_POINT('',(73.716250122208,6.789289184175,
    80.412965196172));
#914 = CARTESIAN_POINT('',(73.803169137666,6.691008178225,
    80.173720095085));
#915 = CARTESIAN_POINT('',(73.836333358501,6.646725160839,80.06044099805
    ));
#916 = CARTESIAN_POINT('',(73.862246188187,6.604823414647,
    79.945733127567));
#917 = CARTESIAN_POINT('',(73.880949178072,6.566161962074,
    79.829854779311));
#918 = CARTESIAN_POINT('',(73.89241962251,6.531613297351,79.713006803696
    ));
#919 = CARTESIAN_POINT('',(73.900337631279,6.474485451675,
    79.485898748729));
#920 = CARTESIAN_POINT('',(73.897781965812,6.451205544072,
    79.375612667692));
#921 = CARTESIAN_POINT('',(73.888694623411,6.433030406099,
    79.265244810732));
#922 = CARTESIAN_POINT('',(73.873076432159,6.420594985826,
    79.155385363697));
#923 = CARTESIAN_POINT('',(73.850965817264,6.414242758021,79.04653472844
    ));
#924 = CARTESIAN_POINT('',(73.793758297031,6.413808401012,78.83123278224
    ));
#925 = CARTESIAN_POINT('',(73.758709713716,6.419789608527,
    78.725224371703));
#926 = CARTESIAN_POINT('',(73.717457840314,6.431932059543,
    78.621582840964));
#927 = CARTESIAN_POINT('',(73.670221672984,6.449898553875,
    78.520772251849));
#928 = CARTESIAN_POINT('',(73.61729902568,6.473050644745,78.423315866609
    ));
#929 = CARTESIAN_POINT('',(73.495148114308,6.530827223973,
    78.226651604704));
#930 = CARTESIAN_POINT('',(73.42472049488,6.566426151155,78.128166082125
    ));
#931 = CARTESIAN_POINT('',(73.348150151415,6.606401194793,
    78.034415929648));
#932 = CARTESIAN_POINT('',(73.265565673975,6.64979561862,77.945578355143
    ));
#933 = CARTESIAN_POINT('',(73.177065579212,6.695669536502,
    77.861923274765));
#934 = CARTESIAN_POINT('',(72.979128623263,6.795169650305,
    77.698055386527));
#935 = CARTESIAN_POINT('',(72.868411366652,6.849154836929,
    77.618916623193));
#936 = CARTESIAN_POINT('',(72.750368198943,6.903966049102,
    77.546678408088));
#937 = CARTESIAN_POINT('',(72.624709689111,6.958527402652,
    77.481935887165));
#938 = CARTESIAN_POINT('',(72.491170479502,7.011612703379,
    77.425646535434));
#939 = CARTESIAN_POINT('',(72.241984942158,7.099885019133,
    77.343844775049));
#940 = CARTESIAN_POINT('',(72.129418263319,7.136414408577,
    77.314101445256));
#941 = CARTESIAN_POINT('',(72.012243024473,7.170530936693,
    77.290746919147));
#942 = CARTESIAN_POINT('',(71.890825658641,7.201402343158,
    77.274568317787));
#943 = CARTESIAN_POINT('',(71.765629471554,7.228184199428,
    77.266368238046));
#944 = CARTESIAN_POINT('',(71.477861297092,7.277170216385,
    77.267732092676));
#945 = CARTESIAN_POINT('',(71.313200923462,7.296774322529,
    77.282057563924));
#946 = CARTESIAN_POINT('',(71.147341171219,7.306674025997,
    77.311644518663));
#947 = CARTESIAN_POINT('',(70.984238467353,7.30582860494,77.35656481707)
  );
#948 = CARTESIAN_POINT('',(70.827527361613,7.294598434734,
    77.415494296072));
#949 = CARTESIAN_POINT('',(70.600124140922,7.263666414635,
    77.523821480388));
#950 = CARTESIAN_POINT('',(70.522865848702,7.250172595604,77.56527777409
    ));
#951 = CARTESIAN_POINT('',(70.448662276234,7.234307512792,
    77.609701402899));
#952 = CARTESIAN_POINT('',(70.37767582123,7.21633210755,77.656746967982)
  );
#953 = CARTESIAN_POINT('',(70.310038418956,7.196537862317,
    77.706041736802));
#954 = CARTESIAN_POINT('',(70.193783131048,7.157965412692,77.79866434572
    ));
#955 = CARTESIAN_POINT('',(70.143936541731,7.139684927351,
    77.841399903224));
#956 = CARTESIAN_POINT('',(70.096277340371,7.120533280643,
    77.885252333186));
#957 = CARTESIAN_POINT('',(70.050770186116,7.100638910737,
    77.930096378768));
#958 = CARTESIAN_POINT('',(70.007376533106,7.080124433877,
    77.975818233868));
#959 = CARTESIAN_POINT('',(69.866126611257,7.008279699384,
    78.134759155753));
#960 = CARTESIAN_POINT('',(69.778258589483,6.954480186636,
    78.251800590712));
#961 = CARTESIAN_POINT('',(69.701659151285,6.899233559652,
    78.372258789733));
#962 = CARTESIAN_POINT('',(69.635600604866,6.843800416712,
    78.495427877834));
#963 = CARTESIAN_POINT('',(69.579525741182,6.789289184154,
    78.620937872981));
#964 = CARTESIAN_POINT('',(69.492606725742,6.691008178225,
    78.860182974017));
#965 = CARTESIAN_POINT('',(69.459442504907,6.646725160839,
    78.973462071052));
#966 = CARTESIAN_POINT('',(69.433529675221,6.604823414646,
    79.088169941537));
#967 = CARTESIAN_POINT('',(69.414826685337,6.566161962074,
    79.204048289791));
#968 = CARTESIAN_POINT('',(69.403356240898,6.531613297351,
    79.320896265406));
#969 = CARTESIAN_POINT('',(69.395411362691,6.474291590673,
    79.548775002248));
#970 = CARTESIAN_POINT('',(69.3980300503,6.450876778739,79.659848085514)
  );
#971 = CARTESIAN_POINT('',(69.407274803027,6.432645328786,
    79.770999983374));
#972 = CARTESIAN_POINT('',(69.423143474071,6.420244831901,
    79.881626725776));
#973 = CARTESIAN_POINT('',(69.445595420025,6.414021540915,
    79.991216424436));
#974 = CARTESIAN_POINT('',(69.474554822554,6.414021540915,
    80.099294386032));
#975 = PCURVE('',#157,#976);
#976 = DEFINITIONAL_REPRESENTATION('',(#977),#1080);
#977 = B_SPLINE_CURVE_WITH_KNOTS('',6,(#978,#979,#980,#981,#982,#983,
    #984,#985,#986,#987,#988,#989,#990,#991,#992,#993,#994,#995,#996,
    #997,#998,#999,#1000,#1001,#1002,#1003,#1004,#1005,#1006,#1007,#1008
    ,#1009,#1010,#1011,#1012,#1013,#1014,#1015,#1016,#1017,#1018,#1019,
    #1020,#1021,#1022,#1023,#1024,#1025,#1026,#1027,#1028,#1029,#1030,
    #1031,#1032,#1033,#1034,#1035,#1036,#1037,#1038,#1039,#1040,#1041,
    #1042,#1043,#1044,#1045,#1046,#1047,#1048,#1049,#1050,#1051,#1052,
    #1053,#1054,#1055,#1056,#1057,#1058,#1059,#1060,#1061,#1062,#1063,
    #1064,#1065,#1066,#1067,#1068,#1069,#1070,#1071,#1072,#1073,#1074,
    #1075,#1076,#1077,#1078,#1079),.UNSPECIFIED.,.T.,.F.,(7,5,5,5,5,5,5,
    5,5,5,5,5,5,5,5,5,5,5,5,5,7),(0.,5.083428299509E-02,0.10730029521,
    0.169295723269,0.216470850946,0.275019705067,0.306870961706,
    0.332706644076,0.395184613416,0.449749411109,0.500507910946,
    0.551524173366,0.607795051052,0.669576236075,0.716588336542,
    0.774934858273,0.806676043741,0.832422443486,0.894684502228,
    0.949060735585,1.),.UNSPECIFIED.);
#978 = CARTESIAN_POINT('',(5.462634224371,9.1));
#979 = CARTESIAN_POINT('',(5.462634224371,9.21088183611));
#980 = CARTESIAN_POINT('',(5.459917974603,9.321547500038));
#981 = CARTESIAN_POINT('',(5.454504970502,9.431528770055));
#982 = CARTESIAN_POINT('',(5.446484856746,9.540332163602));
#983 = CARTESIAN_POINT('',(5.436019200029,9.647388489058));
#984 = CARTESIAN_POINT('',(5.409278958157,9.868227909382));
#985 = CARTESIAN_POINT('',(5.392471985067,9.981585628364));
#986 = CARTESIAN_POINT('',(5.373150828645,10.09195918504));
#987 = CARTESIAN_POINT('',(5.351507831134,10.19914412819));
#988 = CARTESIAN_POINT('',(5.327701013369,10.302854240846));
#989 = CARTESIAN_POINT('',(5.273462951442,10.512368320159));
#990 = CARTESIAN_POINT('',(5.242589663469,10.617466230059));
#991 = CARTESIAN_POINT('',(5.209303783216,10.717794807696));
#992 = CARTESIAN_POINT('',(5.173599835488,10.812854096264));
#993 = CARTESIAN_POINT('',(5.135428907324,10.901787925498));
#994 = CARTESIAN_POINT('',(5.063730181649,11.045296321342));
#995 = CARTESIAN_POINT('',(5.031194785309,11.103160572077));
#996 = CARTESIAN_POINT('',(4.997162370053,11.156046495434));
#997 = CARTESIAN_POINT('',(4.961688424172,11.203098951004));
#998 = CARTESIAN_POINT('',(4.924824305104,11.243422777396));
#999 = CARTESIAN_POINT('',(4.839189817717,11.316585279111));
#1000 = CARTESIAN_POINT('',(4.789586016105,11.345365177128));
#1001 = CARTESIAN_POINT('',(4.738776859674,11.359714036121));
#1002 = CARTESIAN_POINT('',(4.687665783354,11.358538445834));
#1003 = CARTESIAN_POINT('',(4.637141066148,11.34217675888));
#1004 = CARTESIAN_POINT('',(4.561499938153,11.296397018292));
#1005 = CARTESIAN_POINT('',(4.535327319626,11.276349230962));
#1006 = CARTESIAN_POINT('',(4.509687814951,11.252644598367));
#1007 = CARTESIAN_POINT('',(4.484637495188,11.225574718541));
#1008 = CARTESIAN_POINT('',(4.460234420058,11.195465476106));
#1009 = CARTESIAN_POINT('',(4.417319094043,11.136087988659));
#1010 = CARTESIAN_POINT('',(4.398546469972,11.107709856613));
#1011 = CARTESIAN_POINT('',(4.380221091778,11.077686770953));
#1012 = CARTESIAN_POINT('',(4.362343093352,11.04614886738));
#1013 = CARTESIAN_POINT('',(4.344912937768,11.013216050549));
#1014 = CARTESIAN_POINT('',(4.286865309557,10.89624907911));
#1015 = CARTESIAN_POINT('',(4.248399398293,10.805937651905));
#1016 = CARTESIAN_POINT('',(4.212453610028,10.7094093599));
#1017 = CARTESIAN_POINT('',(4.178979070542,10.607534366519));
#1018 = CARTESIAN_POINT('',(4.147973319661,10.50081426354));
#1019 = CARTESIAN_POINT('',(4.094671248988,10.292217538169));
#1020 = CARTESIAN_POINT('',(4.071754472259,10.191381864732));
#1021 = CARTESIAN_POINT('',(4.05088065429,10.087289303989));
#1022 = CARTESIAN_POINT('',(4.032195660697,9.980200104684));
#1023 = CARTESIAN_POINT('',(4.015875391521,9.870302396763));
#1024 = CARTESIAN_POINT('',(3.989325573318,9.652982192582));
#1025 = CARTESIAN_POINT('',(3.978734836504,9.545792563732));
#1026 = CARTESIAN_POINT('',(3.970593497988,9.436833423019));
#1027 = CARTESIAN_POINT('',(3.965065271081,9.32667506052));
#1028 = CARTESIAN_POINT('',(3.962242055325,9.215810772484));
#1029 = CARTESIAN_POINT('',(3.962049007343,8.99303866644));
#1030 = CARTESIAN_POINT('',(3.964707324645,8.881571164033));
#1031 = CARTESIAN_POINT('',(3.970102789487,8.770784362333));
#1032 = CARTESIAN_POINT('',(3.978145005467,8.66118319102));
#1033 = CARTESIAN_POINT('',(3.988669321444,8.553350162541));
#1034 = CARTESIAN_POINT('',(4.015499002612,8.331772090619));
#1035 = CARTESIAN_POINT('',(4.032305975703,8.218414371635));
#1036 = CARTESIAN_POINT('',(4.051627132125,8.10804081496));
#1037 = CARTESIAN_POINT('',(4.073270129635,8.00085587181));
#1038 = CARTESIAN_POINT('',(4.0970769474,7.897145759154));
#1039 = CARTESIAN_POINT('',(4.151315009318,7.687631679877));
#1040 = CARTESIAN_POINT('',(4.182188297313,7.58253376988));
#1041 = CARTESIAN_POINT('',(4.21547417756,7.482205192317));
#1042 = CARTESIAN_POINT('',(4.251178125259,7.387145903775));
#1043 = CARTESIAN_POINT('',(4.289349053457,7.298212074478));
#1044 = CARTESIAN_POINT('',(4.361047779121,7.154703678658));
#1045 = CARTESIAN_POINT('',(4.39358317546,7.096839427923));
#1046 = CARTESIAN_POINT('',(4.427615590717,7.043953504566));
#1047 = CARTESIAN_POINT('',(4.463089536598,6.996901048996));
#1048 = CARTESIAN_POINT('',(4.499953655666,6.956577222604));
#1049 = CARTESIAN_POINT('',(4.585588143053,6.883414720889));
#1050 = CARTESIAN_POINT('',(4.635191944665,6.854634822872));
#1051 = CARTESIAN_POINT('',(4.686001101096,6.840285963879));
#1052 = CARTESIAN_POINT('',(4.737112177416,6.841461554166));
#1053 = CARTESIAN_POINT('',(4.787636894621,6.85782324112));
#1054 = CARTESIAN_POINT('',(4.863278022616,6.903602981708));
#1055 = CARTESIAN_POINT('',(4.889450641144,6.923650769038));
#1056 = CARTESIAN_POINT('',(4.915090145818,6.947355401633));
#1057 = CARTESIAN_POINT('',(4.940140465581,6.974425281459));
#1058 = CARTESIAN_POINT('',(4.964543540712,7.004534523894));
#1059 = CARTESIAN_POINT('',(5.007458866726,7.063912011342));
#1060 = CARTESIAN_POINT('',(5.026231490797,7.092290143387));
#1061 = CARTESIAN_POINT('',(5.044556868991,7.122313229046));
#1062 = CARTESIAN_POINT('',(5.062434867418,7.15385113262));
#1063 = CARTESIAN_POINT('',(5.079865023002,7.186783949451));
#1064 = CARTESIAN_POINT('',(5.137912651198,7.30375092086));
#1065 = CARTESIAN_POINT('',(5.176378562503,7.394062348142));
#1066 = CARTESIAN_POINT('',(5.212324350733,7.490590640115));
#1067 = CARTESIAN_POINT('',(5.245798890212,7.592465633407));
#1068 = CARTESIAN_POINT('',(5.276804641119,7.699185736504));
#1069 = CARTESIAN_POINT('',(5.330106711781,7.907782461831));
#1070 = CARTESIAN_POINT('',(5.35302348851,8.008618135267));
#1071 = CARTESIAN_POINT('',(5.373897306479,8.112710696012));
#1072 = CARTESIAN_POINT('',(5.392582300072,8.219799895317));
#1073 = CARTESIAN_POINT('',(5.408902569248,8.329697603236));
#1074 = CARTESIAN_POINT('',(5.435542483171,8.547755274622));
#1075 = CARTESIAN_POINT('',(5.446192686715,8.655721400582));
#1076 = CARTESIAN_POINT('',(5.454356927515,8.765478607439));
#1077 = CARTESIAN_POINT('',(5.459868332683,8.87644294929));
#1078 = CARTESIAN_POINT('',(5.462634224371,8.988109460733));
#1079 = CARTESIAN_POINT('',(5.462634224371,9.1));
#1080 = ( GEOMETRIC_REPRESENTATION_CONTEXT(2) 
PARAMETRIC_REPRESENTATION_CONTEXT() REPRESENTATION_CONTEXT('2D SPACE',''
  ) );
#1081 = PCURVE('',#451,#1082);
#1082 = DEFINITIONAL_REPRESENTATION('',(#1083),#1186);
#1083 = B_SPLINE_CURVE_WITH_KNOTS('',6,(#1084,#1085,#1086,#1087,#1088,
    #1089,#1090,#1091,#1092,#1093,#1094,#1095,#1096,#1097,#1098,#1099,
    #1100,#1101,#1102,#1103,#1104,#1105,#1106,#1107,#1108,#1109,#1110,
    #1111,#1112,#1113,#1114,#1115,#1116,#1117,#1118,#1119,#1120,#1121,
    #1122,#1123,#1124,#1125,#1126,#1127,#1128,#1129,#1130,#1131,#1132,
    #1133,#1134,#1135,#1136,#1137,#1138,#1139,#1140,#1141,#1142,#1143,
    #1144,#1145,#1146,#1147,#1148,#1149,#1150,#1151,#1152,#1153,#1154,
    #1155,#1156,#1157,#1158,#1159,#1160,#1161,#1162,#1163,#1164,#1165,
    #1166,#1167,#1168,#1169,#1170,#1171,#1172,#1173,#1174,#1175,#1176,
    #1177,#1178,#1179,#1180,#1181,#1182,#1183,#1184,#1185),
  .UNSPECIFIED.,.F.,.F.,(7,5,5,5,5,5,5,5,5,5,5,5,5,5,5,5,5,5,5,5,7),(0.,
    5.083428299509E-02,0.10730029521,0.169295723269,0.216470850946,
    0.275019705067,0.306870961706,0.332706644076,0.395184613416,
    0.449749411109,0.500507910946,0.551524173366,0.607795051052,
    0.669576236075,0.716588336542,0.774934858273,0.806676043741,
    0.832422443486,0.894684502228,0.949060735585,1.),.UNSPECIFIED.);
#1084 = CARTESIAN_POINT('',(0.,6.514021540915));
#1085 = CARTESIAN_POINT('',(4.928081604888E-02,6.514021540915));
#1086 = CARTESIAN_POINT('',(9.84655018442E-02,6.520133135217));
#1087 = CARTESIAN_POINT('',(0.147561754682,6.532312241099));
#1088 = CARTESIAN_POINT('',(0.196560234626,6.550224303147));
#1089 = CARTESIAN_POINT('',(0.245416250288,6.573243248473));
#1090 = CARTESIAN_POINT('',(0.347967341332,6.630827223973));
#1091 = CARTESIAN_POINT('',(0.401665417504,6.666426151155));
#1092 = CARTESIAN_POINT('',(0.455298809353,6.706401194793));
#1093 = CARTESIAN_POINT('',(0.509040267093,6.74979561862));
#1094 = CARTESIAN_POINT('',(0.563047924346,6.795669536503));
#1095 = CARTESIAN_POINT('',(0.677255206852,6.895169650322));
#1096 = CARTESIAN_POINT('',(0.737588877036,6.949154836901));
#1097 = CARTESIAN_POINT('',(0.798858686588,7.003966049102));
#1098 = CARTESIAN_POINT('',(0.861417370197,7.058527402678));
#1099 = CARTESIAN_POINT('',(0.925610441333,7.111612703364));
#1100 = CARTESIAN_POINT('',(1.042174383449,7.199885019133));
#1101 = CARTESIAN_POINT('',(1.093831123606,7.236414408577));
#1102 = CARTESIAN_POINT('',(1.146779254779,7.270530936693));
#1103 = CARTESIAN_POINT('',(1.201041618024,7.301402343158));
#1104 = CARTESIAN_POINT('',(1.256666742531,7.328184199427));
#1105 = CARTESIAN_POINT('',(1.384565145368,7.377170216385));
#1106 = CARTESIAN_POINT('',(1.457776765979,7.396774322529));
#1107 = CARTESIAN_POINT('',(1.532193841452,7.406674025997));
#1108 = CARTESIAN_POINT('',(1.606910550659,7.40582860494));
#1109 = CARTESIAN_POINT('',(1.681053541645,7.394598434734));
#1110 = CARTESIAN_POINT('',(1.793003269024,7.363666414635));
#1111 = CARTESIAN_POINT('',(1.83192663455,7.350172595604));
#1112 = CARTESIAN_POINT('',(1.870301855248,7.334307512792));
#1113 = CARTESIAN_POINT('',(1.908093857496,7.31633210755));
#1114 = CARTESIAN_POINT('',(1.945257172801,7.296537862317));
#1115 = CARTESIAN_POINT('',(2.011319978159,7.257965412692));
#1116 = CARTESIAN_POINT('',(2.040482760672,7.239684927351));
#1117 = CARTESIAN_POINT('',(2.069240642307,7.220533280643));
#1118 = CARTESIAN_POINT('',(2.09761167155,7.200638910737));
#1119 = CARTESIAN_POINT('',(2.125612729458,7.180124433877));
#1120 = CARTESIAN_POINT('',(2.220117292907,7.108279699366));
#1121 = CARTESIAN_POINT('',(2.284942039215,7.054480186668));
#1122 = CARTESIAN_POINT('',(2.348112436571,6.999233559653));
#1123 = CARTESIAN_POINT('',(2.409985244816,6.943800416679));
#1124 = CARTESIAN_POINT('',(2.470924785855,6.889289184175));
#1125 = CARTESIAN_POINT('',(2.584055876552,6.791008178225));
#1126 = CARTESIAN_POINT('',(2.636409149336,6.746725160839));
#1127 = CARTESIAN_POINT('',(2.688522655969,6.704823414647));
#1128 = CARTESIAN_POINT('',(2.740540202288,6.666161962074));
#1129 = CARTESIAN_POINT('',(2.792618764566,6.631613297351));
#1130 = CARTESIAN_POINT('',(2.893617005346,6.574485451675));
#1131 = CARTESIAN_POINT('',(2.942563652922,6.551205544072));
#1132 = CARTESIAN_POINT('',(2.991653335642,6.533030406099));
#1133 = CARTESIAN_POINT('',(3.040841897647,6.520594985826));
#1134 = CARTESIAN_POINT('',(3.09012108958,6.514242758021));
#1135 = CARTESIAN_POINT('',(3.18913113113,6.513808401012));
#1136 = CARTESIAN_POINT('',(3.23866611166,6.519789608527));
#1137 = CARTESIAN_POINT('',(3.288112795776,6.531932059543));
#1138 = CARTESIAN_POINT('',(3.337461359418,6.549898553875));
#1139 = CARTESIAN_POINT('',(3.386665896604,6.573050644745));
#1140 = CARTESIAN_POINT('',(3.489559994922,6.630827223973));
#1141 = CARTESIAN_POINT('',(3.543258071094,6.666426151155));
#1142 = CARTESIAN_POINT('',(3.596891462943,6.706401194793));
#1143 = CARTESIAN_POINT('',(3.650632920682,6.74979561862));
#1144 = CARTESIAN_POINT('',(3.704640577936,6.795669536502));
#1145 = CARTESIAN_POINT('',(3.818847860423,6.895169650305));
#1146 = CARTESIAN_POINT('',(3.879181530656,6.949154836929));
#1147 = CARTESIAN_POINT('',(3.940451340181,7.003966049102));
#1148 = CARTESIAN_POINT('',(4.003010023752,7.058527402652));
#1149 = CARTESIAN_POINT('',(4.067203094942,7.111612703379));
#1150 = CARTESIAN_POINT('',(4.183767037039,7.199885019133));
#1151 = CARTESIAN_POINT('',(4.235423777196,7.236414408577));
#1152 = CARTESIAN_POINT('',(4.288371908368,7.270530936693));
#1153 = CARTESIAN_POINT('',(4.342634271614,7.301402343158));
#1154 = CARTESIAN_POINT('',(4.39825939612,7.328184199428));
#1155 = CARTESIAN_POINT('',(4.526157798958,7.377170216385));
#1156 = CARTESIAN_POINT('',(4.599369419568,7.396774322529));
#1157 = CARTESIAN_POINT('',(4.673786495042,7.406674025997));
#1158 = CARTESIAN_POINT('',(4.748503204248,7.40582860494));
#1159 = CARTESIAN_POINT('',(4.822646195235,7.394598434734));
#1160 = CARTESIAN_POINT('',(4.934595922614,7.363666414635));
#1161 = CARTESIAN_POINT('',(4.97351928814,7.350172595604));
#1162 = CARTESIAN_POINT('',(5.011894508837,7.334307512792));
#1163 = CARTESIAN_POINT('',(5.049686511086,7.31633210755));
#1164 = CARTESIAN_POINT('',(5.086849826391,7.296537862317));
#1165 = CARTESIAN_POINT('',(5.152912631749,7.257965412692));
#1166 = CARTESIAN_POINT('',(5.182075414261,7.239684927351));
#1167 = CARTESIAN_POINT('',(5.210833295896,7.220533280643));
#1168 = CARTESIAN_POINT('',(5.23920432514,7.200638910737));
#1169 = CARTESIAN_POINT('',(5.267205383048,7.180124433877));
#1170 = CARTESIAN_POINT('',(5.361709946473,7.108279699384));
#1171 = CARTESIAN_POINT('',(5.426534692847,7.054480186636));
#1172 = CARTESIAN_POINT('',(5.489705090156,6.999233559652));
#1173 = CARTESIAN_POINT('',(5.55157789837,6.943800416712));
#1174 = CARTESIAN_POINT('',(5.612517439468,6.889289184154));
#1175 = CARTESIAN_POINT('',(5.725648530142,6.791008178225));
#1176 = CARTESIAN_POINT('',(5.778001802926,6.746725160839));
#1177 = CARTESIAN_POINT('',(5.830115309559,6.704823414646));
#1178 = CARTESIAN_POINT('',(5.882132855878,6.666161962074));
#1179 = CARTESIAN_POINT('',(5.934211418156,6.631613297351));
#1180 = CARTESIAN_POINT('',(6.035552392326,6.574291590673));
#1181 = CARTESIAN_POINT('',(6.084847627497,6.550876778739));
#1182 = CARTESIAN_POINT('',(6.134287553354,6.532645328786));
#1183 = CARTESIAN_POINT('',(6.183826674749,6.520244831901));
#1184 = CARTESIAN_POINT('',(6.233456178616,6.514021540915));
#1185 = CARTESIAN_POINT('',(6.28318530718,6.514021540915));
#1186 = ( GEOMETRIC_REPRESENTATION_CONTEXT(2) 
PARAMETRIC_REPRESENTATION_CONTEXT() REPRESENTATION_CONTEXT('2D SPACE',''
  ) );
#1187 = FACE_BOUND('',#1188,.F.);
#1188 = EDGE_LOOP('',(#1189));
#1189 = ORIENTED_EDGE('',*,*,#1190,.T.);
#1190 = EDGE_CURVE('',#1191,#1191,#1193,.T.);
#1191 = VERTEX_POINT('',#1192);
#1192 = CARTESIAN_POINT('',(71.545107183374,1.585978459085,
    87.826700996344));
#1193 = SURFACE_CURVE('',#1194,(#1297,#1403),.PCURVE_S1.);
#1194 = B_SPLINE_CURVE_WITH_KNOTS('',6,(#1195,#1196,#1197,#1198,#1199,
    #1200,#1201,#1202,#1203,#1204,#1205,#1206,#1207,#1208,#1209,#1210,
    #1211,#1212,#1213,#1214,#1215,#1216,#1217,#1218,#1219,#1220,#1221,
    #1222,#1223,#1224,#1225,#1226,#1227,#1228,#1229,#1230,#1231,#1232,
    #1233,#1234,#1235,#1236,#1237,#1238,#1239,#1240,#1241,#1242,#1243,
    #1244,#1245,#1246,#1247,#1248,#1249,#1250,#1251,#1252,#1253,#1254,
    #1255,#1256,#1257,#1258,#1259,#1260,#1261,#1262,#1263,#1264,#1265,
    #1266,#1267,#1268,#1269,#1270,#1271,#1272,#1273,#1274,#1275,#1276,
    #1277,#1278,#1279,#1280,#1281,#1282,#1283,#1284,#1285,#1286,#1287,
    #1288,#1289,#1290,#1291,#1292,#1293,#1294,#1295,#1296),
  .UNSPECIFIED.,.T.,.F.,(7,5,5,5,5,5,5,5,5,5,5,5,5,5,5,5,5,5,5,5,7),(0.,
    5.0834283547E-02,0.107300296375,0.169295725086,0.216470853273,
    0.275019708028,0.306870964977,0.332706647428,0.395184616644,
    0.449749414228,0.500507913964,0.551524176283,0.607795053857,
    0.669576238778,0.716588339152,0.774934860769,0.806676046175,
    0.832422445716,0.894684503645,0.94906073627,1.),.UNSPECIFIED.);
#1195 = CARTESIAN_POINT('',(71.545107183374,1.585978459085,
    87.826700996344));
#1196 = CARTESIAN_POINT('',(71.573805514315,1.585978459085,
    87.933804625509));
#1197 = CARTESIAN_POINT('',(71.608781612621,1.579866864783,
    88.039002334068));
#1198 = CARTESIAN_POINT('',(71.649868443347,1.567687758901,
    88.141854140095));
#1199 = CARTESIAN_POINT('',(71.696850786607,1.549775696853,
    88.241906820847));
#1200 = CARTESIAN_POINT('',(71.749436400241,1.526756751527,
    88.338649411847));
#1201 = CARTESIAN_POINT('',(71.871180109921,1.469172776027,
    88.534658074711));
#1202 = CARTESIAN_POINT('',(71.941607729348,1.433573848845,
    88.63314359729));
#1203 = CARTESIAN_POINT('',(72.018178072813,1.393598805207,
    88.726893749767));
#1204 = CARTESIAN_POINT('',(72.100762550253,1.350204381379,
    88.815731324272));
#1205 = CARTESIAN_POINT('',(72.189262645016,1.304330463498,
    88.89938640465));
#1206 = CARTESIAN_POINT('',(72.387199600965,1.204830349695,
    89.063254292888));
#1207 = CARTESIAN_POINT('',(72.497916857576,1.150845163071,
    89.142393056222));
#1208 = CARTESIAN_POINT('',(72.615960025286,1.096033950898,
    89.214631271327));
#1209 = CARTESIAN_POINT('',(72.741618535117,1.041472597348,
    89.27937379225));
#1210 = CARTESIAN_POINT('',(72.875157744726,0.988387296621,
    89.335663143981));
#1211 = CARTESIAN_POINT('',(73.124343282071,0.900114980867,
    89.417464904366));
#1212 = CARTESIAN_POINT('',(73.236909960909,0.863585591423,
    89.447208234159));
#1213 = CARTESIAN_POINT('',(73.354085199755,0.829469063307,
    89.470562760268));
#1214 = CARTESIAN_POINT('',(73.475502565588,0.798597656842,
    89.486741361628));
#1215 = CARTESIAN_POINT('',(73.600698752675,0.771815800572,
    89.494941441369));
#1216 = CARTESIAN_POINT('',(73.888466927137,0.722829783615,
    89.493577586739));
#1217 = CARTESIAN_POINT('',(74.053127300767,0.703225677471,
    89.479252115491));
#1218 = CARTESIAN_POINT('',(74.21898705301,0.693325974003,
    89.449665160752));
#1219 = CARTESIAN_POINT('',(74.382089756876,0.69417139506,
    89.404744862345));
#1220 = CARTESIAN_POINT('',(74.538800862616,0.705401565266,
    89.345815383342));
#1221 = CARTESIAN_POINT('',(74.766204083221,0.736333585353,
    89.237488199068));
#1222 = CARTESIAN_POINT('',(74.843462375554,0.749827404394,
    89.196031905321));
#1223 = CARTESIAN_POINT('',(74.917665948071,0.765692487225,
    89.151608276469));
#1224 = CARTESIAN_POINT('',(74.988652403012,0.783667892461,
    89.104562711411));
#1225 = CARTESIAN_POINT('',(75.056289805206,0.803462137661,
    89.055267942665));
#1226 = CARTESIAN_POINT('',(75.172545092889,0.842034587212,
    88.962645333927));
#1227 = CARTESIAN_POINT('',(75.222391682532,0.860315072681,
    88.919909776125));
#1228 = CARTESIAN_POINT('',(75.270050884107,0.879466719459,
    88.876057345993));
#1229 = CARTESIAN_POINT('',(75.31555803821,0.899361089286,
    88.831213300586));
#1230 = CARTESIAN_POINT('',(75.35895169091,0.919875566016,
    88.785491445785));
#1231 = CARTESIAN_POINT('',(75.500201613007,0.991720300634,
    88.626550523621));
#1232 = CARTESIAN_POINT('',(75.588069634676,1.045519813332,
    88.50950908877));
#1233 = CARTESIAN_POINT('',(75.664669072976,1.100766440348,
    88.389050889689));
#1234 = CARTESIAN_POINT('',(75.730727619383,1.156199583322,
    88.265881801498));
#1235 = CARTESIAN_POINT('',(75.786802483028,1.210710815825,
    88.140371806485));
#1236 = CARTESIAN_POINT('',(75.873721498487,1.308991821775,
    87.901126705398));
#1237 = CARTESIAN_POINT('',(75.906885719321,1.353274839161,
    87.787847608363));
#1238 = CARTESIAN_POINT('',(75.932798549007,1.395176585354,
    87.673139737878));
#1239 = CARTESIAN_POINT('',(75.951501538892,1.433838037926,
    87.557261389624));
#1240 = CARTESIAN_POINT('',(75.96297198333,1.468386702649,
    87.440413414008));
#1241 = CARTESIAN_POINT('',(75.970889992099,1.525514548325,
    87.213305359042));
#1242 = CARTESIAN_POINT('',(75.968334326632,1.548794455928,
    87.103019278004));
#1243 = CARTESIAN_POINT('',(75.959246984232,1.566969593901,
    86.992651421044));
#1244 = CARTESIAN_POINT('',(75.943628792979,1.579405014174,
    86.882791974009));
#1245 = CARTESIAN_POINT('',(75.921518178084,1.585757241979,
    86.773941338753));
#1246 = CARTESIAN_POINT('',(75.864310657851,1.586191598988,
    86.558639392552));
#1247 = CARTESIAN_POINT('',(75.829262074536,1.580210391473,
    86.452630982016));
#1248 = CARTESIAN_POINT('',(75.788010201134,1.568067940456,
    86.348989451276));
#1249 = CARTESIAN_POINT('',(75.740774033804,1.550101446125,
    86.248178862161));
#1250 = CARTESIAN_POINT('',(75.6878513865,1.526949355255,86.150722476922
    ));
#1251 = CARTESIAN_POINT('',(75.565700475128,1.469172776027,
    85.954058215016));
#1252 = CARTESIAN_POINT('',(75.4952728557,1.433573848845,85.855572692437
    ));
#1253 = CARTESIAN_POINT('',(75.418702512235,1.393598805207,
    85.76182253996));
#1254 = CARTESIAN_POINT('',(75.336118034795,1.350204381379,
    85.672984965455));
#1255 = CARTESIAN_POINT('',(75.247617940032,1.304330463497,
    85.589329885077));
#1256 = CARTESIAN_POINT('',(75.049680984049,1.204830349678,
    85.425461996812));
#1257 = CARTESIAN_POINT('',(74.938963727521,1.150845163098,
    85.346323233556));
#1258 = CARTESIAN_POINT('',(74.820920559782,1.096033950898,
    85.274085018382));
#1259 = CARTESIAN_POINT('',(74.695262049854,1.041472597322,
    85.209342497458));
#1260 = CARTESIAN_POINT('',(74.561722840363,0.988387296636,
    85.15305314576));
#1261 = CARTESIAN_POINT('',(74.312537302978,0.900114980867,
    85.071251385362));
#1262 = CARTESIAN_POINT('',(74.199970624139,0.863585591423,
    85.041508055568));
#1263 = CARTESIAN_POINT('',(74.082795385293,0.829469063307,
    85.01815352946));
#1264 = CARTESIAN_POINT('',(73.961378019461,0.798597656842,85.0019749281
    ));
#1265 = CARTESIAN_POINT('',(73.836181832374,0.771815800572,
    84.993774848359));
#1266 = CARTESIAN_POINT('',(73.548413657912,0.722829783615,
    84.995138702989));
#1267 = CARTESIAN_POINT('',(73.383753284282,0.703225677471,
    85.009464174236));
#1268 = CARTESIAN_POINT('',(73.217893532039,0.693325974003,
    85.039051128976));
#1269 = CARTESIAN_POINT('',(73.054790828173,0.69417139506,
    85.083971427382));
#1270 = CARTESIAN_POINT('',(72.898079722433,0.705401565266,
    85.142900906385));
#1271 = CARTESIAN_POINT('',(72.670676501742,0.736333585365,
    85.251228090701));
#1272 = CARTESIAN_POINT('',(72.593418209522,0.749827404396,
    85.292684384402));
#1273 = CARTESIAN_POINT('',(72.519214637054,0.765692487208,
    85.337108013211));
#1274 = CARTESIAN_POINT('',(72.44822818205,0.78366789245,85.384153578295
    ));
#1275 = CARTESIAN_POINT('',(72.380590779776,0.803462137683,
    85.433448347114));
#1276 = CARTESIAN_POINT('',(72.26433549218,0.842034587205,
    85.526070955785));
#1277 = CARTESIAN_POINT('',(72.214488902514,0.860315072684,
    85.568806513606));
#1278 = CARTESIAN_POINT('',(72.166829700924,0.879466719466,
    85.612658943751));
#1279 = CARTESIAN_POINT('',(72.121322546831,0.899361089288,
    85.657502989146));
#1280 = CARTESIAN_POINT('',(72.077928894153,0.919875566008,
    85.703224843926));
#1281 = CARTESIAN_POINT('',(71.936678972041,0.991720300634,
    85.862165766106));
#1282 = CARTESIAN_POINT('',(71.848810950372,1.045519813332,
    85.979207200957));
#1283 = CARTESIAN_POINT('',(71.772211512073,1.100766440347,
    86.099665400038));
#1284 = CARTESIAN_POINT('',(71.706152965666,1.156199583322,
    86.222834488229));
#1285 = CARTESIAN_POINT('',(71.65007810202,1.210710815825,
    86.348344483243));
#1286 = CARTESIAN_POINT('',(71.563159086562,1.308991821775,
    86.58758958433));
#1287 = CARTESIAN_POINT('',(71.529994865728,1.353274839161,
    86.700868681364));
#1288 = CARTESIAN_POINT('',(71.504082036041,1.395176585354,
    86.81557655185));
#1289 = CARTESIAN_POINT('',(71.485379046157,1.433838037926,
    86.931454900103));
#1290 = CARTESIAN_POINT('',(71.473908601719,1.468386702649,
    87.048302875719));
#1291 = CARTESIAN_POINT('',(71.465963723511,1.525708409327,
    87.27618161256));
#1292 = CARTESIAN_POINT('',(71.46858241112,1.549123221261,
    87.387254695827));
#1293 = CARTESIAN_POINT('',(71.477827163847,1.567354671214,
    87.498406593687));
#1294 = CARTESIAN_POINT('',(71.493695834891,1.579755168099,
    87.609033336089));
#1295 = CARTESIAN_POINT('',(71.516147780845,1.585978459085,
    87.718623034749));
#1296 = CARTESIAN_POINT('',(71.545107183374,1.585978459085,
    87.826700996344));
#1297 = PCURVE('',#157,#1298);
#1298 = DEFINITIONAL_REPRESENTATION('',(#1299),#1402);
#1299 = B_SPLINE_CURVE_WITH_KNOTS('',6,(#1300,#1301,#1302,#1303,#1304,
    #1305,#1306,#1307,#1308,#1309,#1310,#1311,#1312,#1313,#1314,#1315,
    #1316,#1317,#1318,#1319,#1320,#1321,#1322,#1323,#1324,#1325,#1326,
    #1327,#1328,#1329,#1330,#1331,#1332,#1333,#1334,#1335,#1336,#1337,
    #1338,#1339,#1340,#1341,#1342,#1343,#1344,#1345,#1346,#1347,#1348,
    #1349,#1350,#1351,#1352,#1353,#1354,#1355,#1356,#1357,#1358,#1359,
    #1360,#1361,#1362,#1363,#1364,#1365,#1366,#1367,#1368,#1369,#1370,
    #1371,#1372,#1373,#1374,#1375,#1376,#1377,#1378,#1379,#1380,#1381,
    #1382,#1383,#1384,#1385,#1386,#1387,#1388,#1389,#1390,#1391,#1392,
    #1393,#1394,#1395,#1396,#1397,#1398,#1399,#1400,#1401),
  .UNSPECIFIED.,.T.,.F.,(7,5,5,5,5,5,5,5,5,5,5,5,5,5,5,5,5,5,5,5,7),(0.,
    5.0834283547E-02,0.107300296375,0.169295725086,0.216470853273,
    0.275019708028,0.306870964977,0.332706647428,0.395184616644,
    0.449749414228,0.500507913964,0.551524176283,0.607795053857,
    0.669576238778,0.716588339152,0.774934860769,0.806676046175,
    0.832422445716,0.894684503645,0.94906073627,1.),.UNSPECIFIED.);
#1300 = CARTESIAN_POINT('',(0.820551082808,17.1));
#1301 = CARTESIAN_POINT('',(0.820551082808,17.21088183611));
#1302 = CARTESIAN_POINT('',(0.823267332576,17.321547500038));
#1303 = CARTESIAN_POINT('',(0.828680336677,17.431528770055));
#1304 = CARTESIAN_POINT('',(0.836700450433,17.540332163602));
#1305 = CARTESIAN_POINT('',(0.847166107151,17.647388489058));
#1306 = CARTESIAN_POINT('',(0.873906349023,17.868227909382));
#1307 = CARTESIAN_POINT('',(0.890713322113,17.981585628365));
#1308 = CARTESIAN_POINT('',(0.910034478535,18.09195918504));
#1309 = CARTESIAN_POINT('',(0.931677476046,18.19914412819));
#1310 = CARTESIAN_POINT('',(0.95548429381,18.302854240846));
#1311 = CARTESIAN_POINT('',(1.009722355728,18.512368320123));
#1312 = CARTESIAN_POINT('',(1.040595643724,18.617466230121));
#1313 = CARTESIAN_POINT('',(1.07388152397,18.717794807683));
#1314 = CARTESIAN_POINT('',(1.10958547167,18.812854096226));
#1315 = CARTESIAN_POINT('',(1.147756399867,18.901787925522));
#1316 = CARTESIAN_POINT('',(1.219455125531,19.045296321343));
#1317 = CARTESIAN_POINT('',(1.25199052187,19.103160572077));
#1318 = CARTESIAN_POINT('',(1.286022937127,19.156046495434));
#1319 = CARTESIAN_POINT('',(1.321496883008,19.203098951004));
#1320 = CARTESIAN_POINT('',(1.358361002076,19.243422777396));
#1321 = CARTESIAN_POINT('',(1.443995489463,19.316585279111));
#1322 = CARTESIAN_POINT('',(1.493599291075,19.345365177128));
#1323 = CARTESIAN_POINT('',(1.544408447506,19.359714036121));
#1324 = CARTESIAN_POINT('',(1.595519523826,19.358538445834));
#1325 = CARTESIAN_POINT('',(1.646044241031,19.342176758879));
#1326 = CARTESIAN_POINT('',(1.721685368998,19.29639701831));
#1327 = CARTESIAN_POINT('',(1.747857987562,19.276349230965));
#1328 = CARTESIAN_POINT('',(1.773497492255,19.252644598341));
#1329 = CARTESIAN_POINT('',(1.798547811998,19.225574718523));
#1330 = CARTESIAN_POINT('',(1.822950887098,19.19546547614));
#1331 = CARTESIAN_POINT('',(1.865866213029,19.136087988807));
#1332 = CARTESIAN_POINT('',(1.884638837225,19.107709856559));
#1333 = CARTESIAN_POINT('',(1.902964215498,19.07768677079));
#1334 = CARTESIAN_POINT('',(1.920842213862,19.046148867346));
#1335 = CARTESIAN_POINT('',(1.938272369325,19.013216050724));
#1336 = CARTESIAN_POINT('',(1.996319997623,18.89624907911));
#1337 = CARTESIAN_POINT('',(2.034785908887,18.805937651905));
#1338 = CARTESIAN_POINT('',(2.070731697152,18.7094093599));
#1339 = CARTESIAN_POINT('',(2.104206236638,18.607534366518));
#1340 = CARTESIAN_POINT('',(2.135211987518,18.50081426354));
#1341 = CARTESIAN_POINT('',(2.188514058192,18.292217538169));
#1342 = CARTESIAN_POINT('',(2.21143083492,18.191381864732));
#1343 = CARTESIAN_POINT('',(2.232304652889,18.087289303988));
#1344 = CARTESIAN_POINT('',(2.250989646482,17.980200104684));
#1345 = CARTESIAN_POINT('',(2.267309915659,17.870302396763));
#1346 = CARTESIAN_POINT('',(2.293859733862,17.652982192581));
#1347 = CARTESIAN_POINT('',(2.304450470675,17.545792563731));
#1348 = CARTESIAN_POINT('',(2.312591809192,17.436833423019));
#1349 = CARTESIAN_POINT('',(2.318120036099,17.32667506052));
#1350 = CARTESIAN_POINT('',(2.320943251855,17.215810772484));
#1351 = CARTESIAN_POINT('',(2.321136299837,16.993038666439));
#1352 = CARTESIAN_POINT('',(2.318477982535,16.881571164032));
#1353 = CARTESIAN_POINT('',(2.313082517692,16.770784362333));
#1354 = CARTESIAN_POINT('',(2.305040301712,16.66118319102));
#1355 = CARTESIAN_POINT('',(2.294515985735,16.553350162541));
#1356 = CARTESIAN_POINT('',(2.267686304567,16.331772090618));
#1357 = CARTESIAN_POINT('',(2.250879331477,16.218414371635));
#1358 = CARTESIAN_POINT('',(2.231558175055,16.10804081496));
#1359 = CARTESIAN_POINT('',(2.209915177544,16.00085587181));
#1360 = CARTESIAN_POINT('',(2.18610835978,15.897145759154));
#1361 = CARTESIAN_POINT('',(2.131870297853,15.687631679841));
#1362 = CARTESIAN_POINT('',(2.100997009879,15.58253376994));
#1363 = CARTESIAN_POINT('',(2.067711129626,15.482205192304));
#1364 = CARTESIAN_POINT('',(2.032007181898,15.387145903736));
#1365 = CARTESIAN_POINT('',(1.993836253735,15.298212074502));
#1366 = CARTESIAN_POINT('',(1.922137528059,15.154703678657));
#1367 = CARTESIAN_POINT('',(1.88960213172,15.096839427923));
#1368 = CARTESIAN_POINT('',(1.855569716463,15.043953504566));
#1369 = CARTESIAN_POINT('',(1.820095770582,14.996901048996));
#1370 = CARTESIAN_POINT('',(1.783231651514,14.956577222604));
#1371 = CARTESIAN_POINT('',(1.697597164127,14.883414720889));
#1372 = CARTESIAN_POINT('',(1.647993362515,14.854634822872));
#1373 = CARTESIAN_POINT('',(1.597184206084,14.840285963879));
#1374 = CARTESIAN_POINT('',(1.546073129764,14.841461554166));
#1375 = CARTESIAN_POINT('',(1.495548412559,14.85782324112));
#1376 = CARTESIAN_POINT('',(1.419907284563,14.903602981708));
#1377 = CARTESIAN_POINT('',(1.393734666036,14.923650769038));
#1378 = CARTESIAN_POINT('',(1.368095161361,14.947355401633));
#1379 = CARTESIAN_POINT('',(1.343044841598,14.974425281459));
#1380 = CARTESIAN_POINT('',(1.318641766468,15.004534523894));
#1381 = CARTESIAN_POINT('',(1.275726440568,15.063912011183));
#1382 = CARTESIAN_POINT('',(1.256953816363,15.092290143445));
#1383 = CARTESIAN_POINT('',(1.238628438085,15.122313229221));
#1384 = CARTESIAN_POINT('',(1.220750439726,15.153851132656));
#1385 = CARTESIAN_POINT('',(1.203320284271,15.186783949264));
#1386 = CARTESIAN_POINT('',(1.145272655967,15.30375092089));
#1387 = CARTESIAN_POINT('',(1.106806744703,15.394062348095));
#1388 = CARTESIAN_POINT('',(1.070860956438,15.4905906401));
#1389 = CARTESIAN_POINT('',(1.037386416952,15.592465633482));
#1390 = CARTESIAN_POINT('',(1.006380666071,15.69918573646));
#1391 = CARTESIAN_POINT('',(0.953078595398,15.907782461831));
#1392 = CARTESIAN_POINT('',(0.93016181867,16.008618135267));
#1393 = CARTESIAN_POINT('',(0.9092880007,16.112710696012));
#1394 = CARTESIAN_POINT('',(0.890603007107,16.219799895316));
#1395 = CARTESIAN_POINT('',(0.874282737931,16.329697603236));
#1396 = CARTESIAN_POINT('',(0.847642824009,16.547755274622));
#1397 = CARTESIAN_POINT('',(0.836992620465,16.655721400581));
#1398 = CARTESIAN_POINT('',(0.828828379665,16.765478607439));
#1399 = CARTESIAN_POINT('',(0.823316974497,16.87644294929));
#1400 = CARTESIAN_POINT('',(0.820551082808,16.988109460733));
#1401 = CARTESIAN_POINT('',(0.820551082808,17.1));
#1402 = ( GEOMETRIC_REPRESENTATION_CONTEXT(2) 
PARAMETRIC_REPRESENTATION_CONTEXT() REPRESENTATION_CONTEXT('2D SPACE',''
  ) );
#1403 = PCURVE('',#295,#1404);
#1404 = DEFINITIONAL_REPRESENTATION('',(#1405),#1508);
#1405 = B_SPLINE_CURVE_WITH_KNOTS('',6,(#1406,#1407,#1408,#1409,#1410,
    #1411,#1412,#1413,#1414,#1415,#1416,#1417,#1418,#1419,#1420,#1421,
    #1422,#1423,#1424,#1425,#1426,#1427,#1428,#1429,#1430,#1431,#1432,
    #1433,#1434,#1435,#1436,#1437,#1438,#1439,#1440,#1441,#1442,#1443,
    #1444,#1445,#1446,#1447,#1448,#1449,#1450,#1451,#1452,#1453,#1454,
    #1455,#1456,#1457,#1458,#1459,#1460,#1461,#1462,#1463,#1464,#1465,
    #1466,#1467,#1468,#1469,#1470,#1471,#1472,#1473,#1474,#1475,#1476,
    #1477,#1478,#1479,#1480,#1481,#1482,#1483,#1484,#1485,#1486,#1487,
    #1488,#1489,#1490,#1491,#1492,#1493,#1494,#1495,#1496,#1497,#1498,
    #1499,#1500,#1501,#1502,#1503,#1504,#1505,#1506,#1507),
  .UNSPECIFIED.,.F.,.F.,(7,5,5,5,5,5,5,5,5,5,5,5,5,5,5,5,5,5,5,5,7),(0.,
    5.0834283547E-02,0.107300296375,0.169295725086,0.216470853273,
    0.275019708028,0.306870964977,0.332706647428,0.395184616644,
    0.449749414228,0.500507913964,0.551524176283,0.607795053857,
    0.669576238778,0.716588339152,0.774934860769,0.806676046175,
    0.832422445716,0.894684503645,0.94906073627,1.),.UNSPECIFIED.);
#1406 = CARTESIAN_POINT('',(0.,1.685978459085));
#1407 = CARTESIAN_POINT('',(4.928081604887E-02,1.685978459085));
#1408 = CARTESIAN_POINT('',(9.846550184415E-02,1.679866864783));
#1409 = CARTESIAN_POINT('',(0.147561754682,1.667687758901));
#1410 = CARTESIAN_POINT('',(0.196560234626,1.649775696853));
#1411 = CARTESIAN_POINT('',(0.245416250288,1.626756751527));
#1412 = CARTESIAN_POINT('',(0.347967341332,1.569172776027));
#1413 = CARTESIAN_POINT('',(0.401665417505,1.533573848845));
#1414 = CARTESIAN_POINT('',(0.455298809353,1.493598805207));
#1415 = CARTESIAN_POINT('',(0.509040267093,1.450204381379));
#1416 = CARTESIAN_POINT('',(0.563047924346,1.404330463498));
#1417 = CARTESIAN_POINT('',(0.677255206833,1.304830349695));
#1418 = CARTESIAN_POINT('',(0.737588877067,1.250845163071));
#1419 = CARTESIAN_POINT('',(0.798858686591,1.196033950898));
#1420 = CARTESIAN_POINT('',(0.861417370163,1.141472597348));
#1421 = CARTESIAN_POINT('',(0.925610441352,1.088387296621));
#1422 = CARTESIAN_POINT('',(1.04217438345,1.000114980867));
#1423 = CARTESIAN_POINT('',(1.093831123606,0.963585591423));
#1424 = CARTESIAN_POINT('',(1.146779254779,0.929469063307));
#1425 = CARTESIAN_POINT('',(1.201041618024,0.898597656842));
#1426 = CARTESIAN_POINT('',(1.256666742531,0.871815800572));
#1427 = CARTESIAN_POINT('',(1.384565145369,0.822829783615));
#1428 = CARTESIAN_POINT('',(1.457776765979,0.803225677471));
#1429 = CARTESIAN_POINT('',(1.532193841452,0.793325974003));
#1430 = CARTESIAN_POINT('',(1.606910550659,0.79417139506));
#1431 = CARTESIAN_POINT('',(1.681053541646,0.805401565266));
#1432 = CARTESIAN_POINT('',(1.793003268982,0.836333585353));
#1433 = CARTESIAN_POINT('',(1.831926634562,0.849827404394));
#1434 = CARTESIAN_POINT('',(1.870301855288,0.865692487225));
#1435 = CARTESIAN_POINT('',(1.908093857507,0.883667892461));
#1436 = CARTESIAN_POINT('',(1.945257172764,0.903462137661));
#1437 = CARTESIAN_POINT('',(2.011319977993,0.942034587212));
#1438 = CARTESIAN_POINT('',(2.040482760703,0.960315072681));
#1439 = CARTESIAN_POINT('',(2.06924064246,0.979466719459));
#1440 = CARTESIAN_POINT('',(2.0976116716,0.999361089286));
#1441 = CARTESIAN_POINT('',(2.125612729317,1.019875566016));
#1442 = CARTESIAN_POINT('',(2.220117292907,1.091720300634));
#1443 = CARTESIAN_POINT('',(2.284942039216,1.145519813332));
#1444 = CARTESIAN_POINT('',(2.348112436571,1.200766440348));
#1445 = CARTESIAN_POINT('',(2.409985244817,1.256199583322));
#1446 = CARTESIAN_POINT('',(2.470924785855,1.310710815825));
#1447 = CARTESIAN_POINT('',(2.584055876553,1.408991821775));
#1448 = CARTESIAN_POINT('',(2.636409149336,1.453274839161));
#1449 = CARTESIAN_POINT('',(2.688522655969,1.495176585354));
#1450 = CARTESIAN_POINT('',(2.740540202288,1.533838037926));
#1451 = CARTESIAN_POINT('',(2.792618764566,1.568386702649));
#1452 = CARTESIAN_POINT('',(2.893617005346,1.625514548325));
#1453 = CARTESIAN_POINT('',(2.942563652923,1.648794455928));
#1454 = CARTESIAN_POINT('',(2.991653335642,1.666969593901));
#1455 = CARTESIAN_POINT('',(3.040841897647,1.679405014174));
#1456 = CARTESIAN_POINT('',(3.090121089581,1.685757241979));
#1457 = CARTESIAN_POINT('',(3.18913113113,1.686191598988));
#1458 = CARTESIAN_POINT('',(3.23866611166,1.680210391473));
#1459 = CARTESIAN_POINT('',(3.288112795776,1.668067940456));
#1460 = CARTESIAN_POINT('',(3.337461359418,1.650101446125));
#1461 = CARTESIAN_POINT('',(3.386665896604,1.626949355255));
#1462 = CARTESIAN_POINT('',(3.489559994922,1.569172776027));
#1463 = CARTESIAN_POINT('',(3.543258071094,1.533573848845));
#1464 = CARTESIAN_POINT('',(3.596891462943,1.493598805207));
#1465 = CARTESIAN_POINT('',(3.650632920683,1.450204381379));
#1466 = CARTESIAN_POINT('',(3.704640577936,1.404330463497));
#1467 = CARTESIAN_POINT('',(3.818847860442,1.304830349678));
#1468 = CARTESIAN_POINT('',(3.879181530626,1.250845163098));
#1469 = CARTESIAN_POINT('',(3.940451340178,1.196033950898));
#1470 = CARTESIAN_POINT('',(4.003010023787,1.141472597322));
#1471 = CARTESIAN_POINT('',(4.067203094923,1.088387296636));
#1472 = CARTESIAN_POINT('',(4.183767037039,1.000114980867));
#1473 = CARTESIAN_POINT('',(4.235423777196,0.963585591423));
#1474 = CARTESIAN_POINT('',(4.288371908368,0.929469063307));
#1475 = CARTESIAN_POINT('',(4.342634271614,0.898597656842));
#1476 = CARTESIAN_POINT('',(4.39825939612,0.871815800572));
#1477 = CARTESIAN_POINT('',(4.526157798958,0.822829783615));
#1478 = CARTESIAN_POINT('',(4.599369419569,0.803225677471));
#1479 = CARTESIAN_POINT('',(4.673786495042,0.793325974003));
#1480 = CARTESIAN_POINT('',(4.748503204248,0.79417139506));
#1481 = CARTESIAN_POINT('',(4.822646195235,0.805401565266));
#1482 = CARTESIAN_POINT('',(4.934595922614,0.836333585365));
#1483 = CARTESIAN_POINT('',(4.97351928814,0.849827404396));
#1484 = CARTESIAN_POINT('',(5.011894508838,0.865692487208));
#1485 = CARTESIAN_POINT('',(5.049686511086,0.88366789245));
#1486 = CARTESIAN_POINT('',(5.086849826391,0.903462137683));
#1487 = CARTESIAN_POINT('',(5.152912631572,0.942034587205));
#1488 = CARTESIAN_POINT('',(5.182075414295,0.960315072684));
#1489 = CARTESIAN_POINT('',(5.21083329606,0.979466719466));
#1490 = CARTESIAN_POINT('',(5.239204325194,0.999361089288));
#1491 = CARTESIAN_POINT('',(5.267205382897,1.019875566008));
#1492 = CARTESIAN_POINT('',(5.361709946497,1.091720300634));
#1493 = CARTESIAN_POINT('',(5.426534692805,1.145519813332));
#1494 = CARTESIAN_POINT('',(5.489705090161,1.200766440347));
#1495 = CARTESIAN_POINT('',(5.551577898406,1.256199583322));
#1496 = CARTESIAN_POINT('',(5.612517439445,1.310710815825));
#1497 = CARTESIAN_POINT('',(5.725648530142,1.408991821775));
#1498 = CARTESIAN_POINT('',(5.778001802926,1.453274839161));
#1499 = CARTESIAN_POINT('',(5.830115309559,1.495176585354));
#1500 = CARTESIAN_POINT('',(5.882132855877,1.533838037926));
#1501 = CARTESIAN_POINT('',(5.934211418156,1.568386702649));
#1502 = CARTESIAN_POINT('',(6.035552392326,1.625708409327));
#1503 = CARTESIAN_POINT('',(6.084847627497,1.649123221261));
#1504 = CARTESIAN_POINT('',(6.134287553355,1.667354671214));
#1505 = CARTESIAN_POINT('',(6.183826674749,1.679755168099));
#1506 = CARTESIAN_POINT('',(6.233456178616,1.685978459085));
#1507 = CARTESIAN_POINT('',(6.28318530718,1.685978459085));
#1508 = ( GEOMETRIC_REPRESENTATION_CONTEXT(2) 
PARAMETRIC_REPRESENTATION_CONTEXT() REPRESENTATION_CONTEXT('2D SPACE',''
  ) );
#1509 = FACE_BOUND('',#1510,.F.);
#1510 = EDGE_LOOP('',(#1511));
#1511 = ORIENTED_EDGE('',*,*,#1512,.F.);
#1512 = EDGE_CURVE('',#1513,#1513,#1515,.T.);
#1513 = VERTEX_POINT('',#1514);
#1514 = CARTESIAN_POINT('',(71.545107183374,6.414021540915,
    87.826700996344));
#1515 = SURFACE_CURVE('',#1516,(#1619,#1725),.PCURVE_S1.);
#1516 = B_SPLINE_CURVE_WITH_KNOTS('',6,(#1517,#1518,#1519,#1520,#1521,
    #1522,#1523,#1524,#1525,#1526,#1527,#1528,#1529,#1530,#1531,#1532,
    #1533,#1534,#1535,#1536,#1537,#1538,#1539,#1540,#1541,#1542,#1543,
    #1544,#1545,#1546,#1547,#1548,#1549,#1550,#1551,#1552,#1553,#1554,
    #1555,#1556,#1557,#1558,#1559,#1560,#1561,#1562,#1563,#1564,#1565,
    #1566,#1567,#1568,#1569,#1570,#1571,#1572,#1573,#1574,#1575,#1576,
    #1577,#1578,#1579,#1580,#1581,#1582,#1583,#1584,#1585,#1586,#1587,
    #1588,#1589,#1590,#1591,#1592,#1593,#1594,#1595,#1596,#1597,#1598,
    #1599,#1600,#1601,#1602,#1603,#1604,#1605,#1606,#1607,#1608,#1609,
    #1610,#1611,#1612,#1613,#1614,#1615,#1616,#1617,#1618),
  .UNSPECIFIED.,.T.,.F.,(7,5,5,5,5,5,5,5,5,5,5,5,5,5,5,5,5,5,5,5,7),(0.,
    5.083429650454E-02,0.107300323725,0.169295768239,0.216470908442,
    0.275019778099,0.306871043154,0.332706727113,0.395184688752,
    0.449749479719,0.500507973299,0.551524229431,0.607795100181,
    0.669576277609,0.716588372282,0.774934886824,0.806676068346,
    0.832422464836,0.894684515661,0.949060742082,1.),.UNSPECIFIED.);
#1517 = CARTESIAN_POINT('',(71.545107183374,6.414021540915,
    87.826700996344));
#1518 = CARTESIAN_POINT('',(71.573805514315,6.414021540915,
    87.933804625509));
#1519 = CARTESIAN_POINT('',(71.608781612621,6.420133135217,
    88.039002334068));
#1520 = CARTESIAN_POINT('',(71.649868443347,6.432312241099,
    88.141854140095));
#1521 = CARTESIAN_POINT('',(71.696850786607,6.450224303147,
    88.241906820848));
#1522 = CARTESIAN_POINT('',(71.749436400241,6.473243248473,
    88.338649411847));
#1523 = CARTESIAN_POINT('',(71.87118010992,6.530827223973,
    88.534658074711));
#1524 = CARTESIAN_POINT('',(71.941607729348,6.566426151155,
    88.633143597291));
#1525 = CARTESIAN_POINT('',(72.018178072813,6.606401194793,
    88.726893749767));
#1526 = CARTESIAN_POINT('',(72.100762550253,6.649795618621,
    88.815731324272));
#1527 = CARTESIAN_POINT('',(72.189262645016,6.695669536502,
    88.89938640465));
#1528 = CARTESIAN_POINT('',(72.387199600965,6.795169650305,
    89.063254292888));
#1529 = CARTESIAN_POINT('',(72.497916857576,6.849154836929,
    89.142393056222));
#1530 = CARTESIAN_POINT('',(72.615960025286,6.903966049102,
    89.214631271327));
#1531 = CARTESIAN_POINT('',(72.741618535117,6.958527402652,
    89.27937379225));
#1532 = CARTESIAN_POINT('',(72.875157744726,7.011612703379,
    89.335663143981));
#1533 = CARTESIAN_POINT('',(73.124343282052,7.099885019127,
    89.41746490436));
#1534 = CARTESIAN_POINT('',(73.236909960914,7.136414408581,
    89.447208234164));
#1535 = CARTESIAN_POINT('',(73.354085199777,7.170530936699,
    89.470562760271));
#1536 = CARTESIAN_POINT('',(73.475502565594,7.201402343157,
    89.486741361625));
#1537 = CARTESIAN_POINT('',(73.600698752649,7.228184199423,
    89.494941441369));
#1538 = CARTESIAN_POINT('',(73.888466927137,7.277170216385,
    89.493577586739));
#1539 = CARTESIAN_POINT('',(74.053127300767,7.296774322529,
    89.479252115491));
#1540 = CARTESIAN_POINT('',(74.21898705301,7.306674025997,
    89.449665160752));
#1541 = CARTESIAN_POINT('',(74.382089756876,7.30582860494,
    89.404744862345));
#1542 = CARTESIAN_POINT('',(74.538800862616,7.294598434734,
    89.345815383342));
#1543 = CARTESIAN_POINT('',(74.766204083221,7.263666414647,
    89.237488199068));
#1544 = CARTESIAN_POINT('',(74.843462375554,7.250172595606,
    89.196031905321));
#1545 = CARTESIAN_POINT('',(74.917665948071,7.234307512775,
    89.151608276469));
#1546 = CARTESIAN_POINT('',(74.988652403012,7.216332107539,
    89.104562711411));
#1547 = CARTESIAN_POINT('',(75.056289805207,7.196537862339,
    89.055267942665));
#1548 = CARTESIAN_POINT('',(75.172545082676,7.157965416177,
    88.962645342063));
#1549 = CARTESIAN_POINT('',(75.222391683724,7.139684926194,
    88.919909773826));
#1550 = CARTESIAN_POINT('',(75.27005089286,7.120533276936,
    88.876057337726));
#1551 = CARTESIAN_POINT('',(75.315558041634,7.100638909899,
    88.831213298459));
#1552 = CARTESIAN_POINT('',(75.358951683487,7.08012443776,
    88.785491454138));
#1553 = CARTESIAN_POINT('',(75.500201613007,7.008279699366,
    88.626550523621));
#1554 = CARTESIAN_POINT('',(75.588069634676,6.954480186667,
    88.50950908877));
#1555 = CARTESIAN_POINT('',(75.664669072976,6.899233559653,
    88.389050889689));
#1556 = CARTESIAN_POINT('',(75.730727619383,6.843800416678,
    88.265881801498));
#1557 = CARTESIAN_POINT('',(75.786802483028,6.789289184175,
    88.140371806485));
#1558 = CARTESIAN_POINT('',(75.873721498487,6.691008178225,
    87.901126705397));
#1559 = CARTESIAN_POINT('',(75.906885719321,6.646725160839,
    87.787847608362));
#1560 = CARTESIAN_POINT('',(75.932798549007,6.604823414646,
    87.673139737879));
#1561 = CARTESIAN_POINT('',(75.951501538892,6.566161962074,
    87.557261389624));
#1562 = CARTESIAN_POINT('',(75.96297198333,6.531613297351,
    87.440413414007));
#1563 = CARTESIAN_POINT('',(75.970889992099,6.474485451675,
    87.213305359041));
#1564 = CARTESIAN_POINT('',(75.968334326632,6.451205544072,
    87.103019278004));
#1565 = CARTESIAN_POINT('',(75.959246984232,6.433030406099,
    86.992651421043));
#1566 = CARTESIAN_POINT('',(75.943628792979,6.420594985826,
    86.882791974009));
#1567 = CARTESIAN_POINT('',(75.921518178084,6.414242758021,
    86.773941338752));
#1568 = CARTESIAN_POINT('',(75.864310657851,6.413808401012,
    86.558639392552));
#1569 = CARTESIAN_POINT('',(75.829262074536,6.419789608527,
    86.452630982016));
#1570 = CARTESIAN_POINT('',(75.788010201134,6.431932059543,
    86.348989451277));
#1571 = CARTESIAN_POINT('',(75.740774033804,6.449898553875,
    86.248178862161));
#1572 = CARTESIAN_POINT('',(75.6878513865,6.473050644745,86.150722476922
    ));
#1573 = CARTESIAN_POINT('',(75.565700475128,6.530827223973,
    85.954058215016));
#1574 = CARTESIAN_POINT('',(75.4952728557,6.566426151155,85.855572692437
    ));
#1575 = CARTESIAN_POINT('',(75.418702512235,6.606401194793,
    85.76182253996));
#1576 = CARTESIAN_POINT('',(75.336118034795,6.649795618621,
    85.672984965456));
#1577 = CARTESIAN_POINT('',(75.247617940032,6.695669536502,
    85.589329885077));
#1578 = CARTESIAN_POINT('',(75.04968098405,6.795169650322,
    85.425461996812));
#1579 = CARTESIAN_POINT('',(74.938963727521,6.849154836902,
    85.346323233556));
#1580 = CARTESIAN_POINT('',(74.820920559782,6.903966049102,
    85.274085018382));
#1581 = CARTESIAN_POINT('',(74.695262049854,6.958527402678,
    85.209342497458));
#1582 = CARTESIAN_POINT('',(74.561722840363,7.011612703364,
    85.15305314576));
#1583 = CARTESIAN_POINT('',(74.312537302978,7.099885019133,
    85.071251385362));
#1584 = CARTESIAN_POINT('',(74.199970624139,7.136414408577,
    85.041508055568));
#1585 = CARTESIAN_POINT('',(74.082795385293,7.170530936693,
    85.01815352946));
#1586 = CARTESIAN_POINT('',(73.961378019461,7.201402343158,85.0019749281
    ));
#1587 = CARTESIAN_POINT('',(73.836181832374,7.228184199428,
    84.993774848359));
#1588 = CARTESIAN_POINT('',(73.548413657912,7.277170216385,
    84.995138702989));
#1589 = CARTESIAN_POINT('',(73.383753284282,7.296774322529,
    85.009464174236));
#1590 = CARTESIAN_POINT('',(73.217893532039,7.306674025997,
    85.039051128976));
#1591 = CARTESIAN_POINT('',(73.054790828173,7.30582860494,
    85.083971427382));
#1592 = CARTESIAN_POINT('',(72.898079722433,7.294598434734,
    85.142900906385));
#1593 = CARTESIAN_POINT('',(72.670676501828,7.263666414647,
    85.25122809066));
#1594 = CARTESIAN_POINT('',(72.593418209494,7.250172595606,
    85.292684384407));
#1595 = CARTESIAN_POINT('',(72.519214636978,7.234307512775,
    85.337108013259));
#1596 = CARTESIAN_POINT('',(72.448228182037,7.216332107539,
    85.384153578316));
#1597 = CARTESIAN_POINT('',(72.380590779842,7.196537862339,
    85.433448347062));
#1598 = CARTESIAN_POINT('',(72.264335491928,7.157965412711,
    85.526070955986));
#1599 = CARTESIAN_POINT('',(72.214488902544,7.139684927344,
    85.56880651355));
#1600 = CARTESIAN_POINT('',(72.16682970114,7.120533280623,
    85.612658943547));
#1601 = CARTESIAN_POINT('',(72.121322546916,7.100638910732,
    85.657502989093));
#1602 = CARTESIAN_POINT('',(72.07792889397,7.080124433899,
    85.703224844132));
#1603 = CARTESIAN_POINT('',(71.936678972041,7.008279699366,
    85.862165766106));
#1604 = CARTESIAN_POINT('',(71.848810950372,6.954480186668,
    85.979207200957));
#1605 = CARTESIAN_POINT('',(71.772211512073,6.899233559653,
    86.099665400038));
#1606 = CARTESIAN_POINT('',(71.706152965666,6.843800416678,
    86.222834488229));
#1607 = CARTESIAN_POINT('',(71.650078102021,6.789289184175,
    86.348344483243));
#1608 = CARTESIAN_POINT('',(71.563159086562,6.691008178225,
    86.587589584329));
#1609 = CARTESIAN_POINT('',(71.529994865728,6.646725160839,
    86.700868681364));
#1610 = CARTESIAN_POINT('',(71.504082036041,6.604823414646,
    86.815576551849));
#1611 = CARTESIAN_POINT('',(71.485379046157,6.566161962074,
    86.931454900104));
#1612 = CARTESIAN_POINT('',(71.473908601719,6.531613297351,
    87.048302875719));
#1613 = CARTESIAN_POINT('',(71.465963723511,6.474291590673,
    87.27618161256));
#1614 = CARTESIAN_POINT('',(71.46858241112,6.450876778739,
    87.387254695827));
#1615 = CARTESIAN_POINT('',(71.477827163847,6.432645328786,
    87.498406593687));
#1616 = CARTESIAN_POINT('',(71.493695834891,6.420244831901,
    87.609033336089));
#1617 = CARTESIAN_POINT('',(71.516147780845,6.414021540915,
    87.718623034749));
#1618 = CARTESIAN_POINT('',(71.545107183374,6.414021540915,
    87.826700996344));
#1619 = PCURVE('',#157,#1620);
#1620 = DEFINITIONAL_REPRESENTATION('',(#1621),#1724);
#1621 = B_SPLINE_CURVE_WITH_KNOTS('',6,(#1622,#1623,#1624,#1625,#1626,
    #1627,#1628,#1629,#1630,#1631,#1632,#1633,#1634,#1635,#1636,#1637,
    #1638,#1639,#1640,#1641,#1642,#1643,#1644,#1645,#1646,#1647,#1648,
    #1649,#1650,#1651,#1652,#1653,#1654,#1655,#1656,#1657,#1658,#1659,
    #1660,#1661,#1662,#1663,#1664,#1665,#1666,#1667,#1668,#1669,#1670,
    #1671,#1672,#1673,#1674,#1675,#1676,#1677,#1678,#1679,#1680,#1681,
    #1682,#1683,#1684,#1685,#1686,#1687,#1688,#1689,#1690,#1691,#1692,
    #1693,#1694,#1695,#1696,#1697,#1698,#1699,#1700,#1701,#1702,#1703,
    #1704,#1705,#1706,#1707,#1708,#1709,#1710,#1711,#1712,#1713,#1714,
    #1715,#1716,#1717,#1718,#1719,#1720,#1721,#1722,#1723),
  .UNSPECIFIED.,.T.,.F.,(7,5,5,5,5,5,5,5,5,5,5,5,5,5,5,5,5,5,5,5,7),(0.,
    5.083429650454E-02,0.107300323725,0.169295768239,0.216470908442,
    0.275019778099,0.306871043154,0.332706727113,0.395184688752,
    0.449749479719,0.500507973299,0.551524229431,0.607795100181,
    0.669576277609,0.716588372282,0.774934886824,0.806676068346,
    0.832422464836,0.894684515661,0.949060742082,1.),.UNSPECIFIED.);
#1622 = CARTESIAN_POINT('',(5.462634224371,17.1));
#1623 = CARTESIAN_POINT('',(5.462634224371,17.21088183611));
#1624 = CARTESIAN_POINT('',(5.459917974603,17.321547500038));
#1625 = CARTESIAN_POINT('',(5.454504970502,17.431528770055));
#1626 = CARTESIAN_POINT('',(5.446484856746,17.540332163603));
#1627 = CARTESIAN_POINT('',(5.436019200029,17.647388489058));
#1628 = CARTESIAN_POINT('',(5.409278958157,17.868227909381));
#1629 = CARTESIAN_POINT('',(5.392471985067,17.981585628365));
#1630 = CARTESIAN_POINT('',(5.373150828645,18.09195918504));
#1631 = CARTESIAN_POINT('',(5.351507831134,18.19914412819));
#1632 = CARTESIAN_POINT('',(5.32770101337,18.302854240846));
#1633 = CARTESIAN_POINT('',(5.273462951452,18.512368320123));
#1634 = CARTESIAN_POINT('',(5.242589663456,18.617466230121));
#1635 = CARTESIAN_POINT('',(5.209303783209,18.717794807683));
#1636 = CARTESIAN_POINT('',(5.17359983551,18.812854096226));
#1637 = CARTESIAN_POINT('',(5.135428907313,18.901787925522));
#1638 = CARTESIAN_POINT('',(5.063730181654,19.045296321332));
#1639 = CARTESIAN_POINT('',(5.031194785308,19.103160572083));
#1640 = CARTESIAN_POINT('',(4.997162370046,19.156046495443));
#1641 = CARTESIAN_POINT('',(4.96168842417,19.203098951003));
#1642 = CARTESIAN_POINT('',(4.924824305111,19.24342277739));
#1643 = CARTESIAN_POINT('',(4.839189817717,19.316585279111));
#1644 = CARTESIAN_POINT('',(4.789586016105,19.345365177128));
#1645 = CARTESIAN_POINT('',(4.738776859674,19.359714036121));
#1646 = CARTESIAN_POINT('',(4.687665783354,19.358538445834));
#1647 = CARTESIAN_POINT('',(4.637141066148,19.342176758879));
#1648 = CARTESIAN_POINT('',(4.561499938182,19.29639701831));
#1649 = CARTESIAN_POINT('',(4.535327319617,19.276349230965));
#1650 = CARTESIAN_POINT('',(4.509687814924,19.252644598341));
#1651 = CARTESIAN_POINT('',(4.484637495182,19.225574718523));
#1652 = CARTESIAN_POINT('',(4.460234420082,19.19546547614));
#1653 = CARTESIAN_POINT('',(4.41731909792,19.136087994023));
#1654 = CARTESIAN_POINT('',(4.398546469343,19.107709854646));
#1655 = CARTESIAN_POINT('',(4.380221088286,19.077686765071));
#1656 = CARTESIAN_POINT('',(4.362343092131,19.046148866179));
#1657 = CARTESIAN_POINT('',(4.344912940905,19.013216056872));
#1658 = CARTESIAN_POINT('',(4.286865309557,18.89624907911));
#1659 = CARTESIAN_POINT('',(4.248399398293,18.805937651905));
#1660 = CARTESIAN_POINT('',(4.212453610028,18.7094093599));
#1661 = CARTESIAN_POINT('',(4.178979070541,18.607534366518));
#1662 = CARTESIAN_POINT('',(4.147973319661,18.50081426354));
#1663 = CARTESIAN_POINT('',(4.094671248988,18.292217538169));
#1664 = CARTESIAN_POINT('',(4.071754472259,18.191381864732));
#1665 = CARTESIAN_POINT('',(4.05088065429,18.087289303988));
#1666 = CARTESIAN_POINT('',(4.032195660697,17.980200104684));
#1667 = CARTESIAN_POINT('',(4.015875391521,17.870302396763));
#1668 = CARTESIAN_POINT('',(3.989325573318,17.652982192581));
#1669 = CARTESIAN_POINT('',(3.978734836504,17.545792563731));
#1670 = CARTESIAN_POINT('',(3.970593497988,17.436833423018));
#1671 = CARTESIAN_POINT('',(3.965065271081,17.32667506052));
#1672 = CARTESIAN_POINT('',(3.962242055325,17.215810772484));
#1673 = CARTESIAN_POINT('',(3.962049007343,16.993038666439));
#1674 = CARTESIAN_POINT('',(3.964707324645,16.881571164032));
#1675 = CARTESIAN_POINT('',(3.970102789487,16.770784362333));
#1676 = CARTESIAN_POINT('',(3.978145005467,16.66118319102));
#1677 = CARTESIAN_POINT('',(3.988669321444,16.553350162541));
#1678 = CARTESIAN_POINT('',(4.015499002612,16.331772090619));
#1679 = CARTESIAN_POINT('',(4.032305975703,16.218414371635));
#1680 = CARTESIAN_POINT('',(4.051627132125,16.10804081496));
#1681 = CARTESIAN_POINT('',(4.073270129635,16.00085587181));
#1682 = CARTESIAN_POINT('',(4.0970769474,15.897145759154));
#1683 = CARTESIAN_POINT('',(4.151315009327,15.687631679841));
#1684 = CARTESIAN_POINT('',(4.1821882973,15.58253376994));
#1685 = CARTESIAN_POINT('',(4.215474177554,15.482205192304));
#1686 = CARTESIAN_POINT('',(4.251178125282,15.387145903736));
#1687 = CARTESIAN_POINT('',(4.289349053445,15.298212074502));
#1688 = CARTESIAN_POINT('',(4.361047779121,15.154703678657));
#1689 = CARTESIAN_POINT('',(4.39358317546,15.096839427923));
#1690 = CARTESIAN_POINT('',(4.427615590717,15.043953504566));
#1691 = CARTESIAN_POINT('',(4.463089536598,14.996901048996));
#1692 = CARTESIAN_POINT('',(4.499953655666,14.956577222604));
#1693 = CARTESIAN_POINT('',(4.585588143053,14.883414720889));
#1694 = CARTESIAN_POINT('',(4.635191944665,14.854634822872));
#1695 = CARTESIAN_POINT('',(4.686001101096,14.840285963879));
#1696 = CARTESIAN_POINT('',(4.737112177416,14.841461554166));
#1697 = CARTESIAN_POINT('',(4.787636894621,14.85782324112));
#1698 = CARTESIAN_POINT('',(4.863278022588,14.90360298169));
#1699 = CARTESIAN_POINT('',(4.889450641152,14.923650769035));
#1700 = CARTESIAN_POINT('',(4.915090145845,14.947355401659));
#1701 = CARTESIAN_POINT('',(4.940140465587,14.974425281477));
#1702 = CARTESIAN_POINT('',(4.964543540687,15.00453452386));
#1703 = CARTESIAN_POINT('',(5.007458866705,15.063912011312));
#1704 = CARTESIAN_POINT('',(5.026231490801,15.092290143398));
#1705 = CARTESIAN_POINT('',(5.04455686901,15.12231322908));
#1706 = CARTESIAN_POINT('',(5.062434867425,15.153851132627));
#1707 = CARTESIAN_POINT('',(5.079865022984,15.186783949415));
#1708 = CARTESIAN_POINT('',(5.137912651212,15.30375092089));
#1709 = CARTESIAN_POINT('',(5.176378562476,15.394062348095));
#1710 = CARTESIAN_POINT('',(5.212324350741,15.4905906401));
#1711 = CARTESIAN_POINT('',(5.245798890228,15.592465633482));
#1712 = CARTESIAN_POINT('',(5.276804641108,15.69918573646));
#1713 = CARTESIAN_POINT('',(5.330106711781,15.907782461831));
#1714 = CARTESIAN_POINT('',(5.35302348851,16.008618135268));
#1715 = CARTESIAN_POINT('',(5.373897306479,16.112710696012));
#1716 = CARTESIAN_POINT('',(5.392582300072,16.219799895317));
#1717 = CARTESIAN_POINT('',(5.408902569248,16.329697603236));
#1718 = CARTESIAN_POINT('',(5.435542483171,16.547755274623));
#1719 = CARTESIAN_POINT('',(5.446192686715,16.655721400581));
#1720 = CARTESIAN_POINT('',(5.454356927515,16.765478607439));
#1721 = CARTESIAN_POINT('',(5.459868332683,16.876442949289));
#1722 = CARTESIAN_POINT('',(5.462634224371,16.988109460733));
#1723 = CARTESIAN_POINT('',(5.462634224371,17.1));
#1724 = ( GEOMETRIC_REPRESENTATION_CONTEXT(2) 
PARAMETRIC_REPRESENTATION_CONTEXT() REPRESENTATION_CONTEXT('2D SPACE',''
  ) );
#1725 = PCURVE('',#482,#1726);
#1726 = DEFINITIONAL_REPRESENTATION('',(#1727),#1830);
#1727 = B_SPLINE_CURVE_WITH_KNOTS('',6,(#1728,#1729,#1730,#1731,#1732,
    #1733,#1734,#1735,#1736,#1737,#1738,#1739,#1740,#1741,#1742,#1743,
    #1744,#1745,#1746,#1747,#1748,#1749,#1750,#1751,#1752,#1753,#1754,
    #1755,#1756,#1757,#1758,#1759,#1760,#1761,#1762,#1763,#1764,#1765,
    #1766,#1767,#1768,#1769,#1770,#1771,#1772,#1773,#1774,#1775,#1776,
    #1777,#1778,#1779,#1780,#1781,#1782,#1783,#1784,#1785,#1786,#1787,
    #1788,#1789,#1790,#1791,#1792,#1793,#1794,#1795,#1796,#1797,#1798,
    #1799,#1800,#1801,#1802,#1803,#1804,#1805,#1806,#1807,#1808,#1809,
    #1810,#1811,#1812,#1813,#1814,#1815,#1816,#1817,#1818,#1819,#1820,
    #1821,#1822,#1823,#1824,#1825,#1826,#1827,#1828,#1829),
  .UNSPECIFIED.,.F.,.F.,(7,5,5,5,5,5,5,5,5,5,5,5,5,5,5,5,5,5,5,5,7),(0.,
    5.083429650454E-02,0.107300323725,0.169295768239,0.216470908442,
    0.275019778099,0.306871043154,0.332706727113,0.395184688752,
    0.449749479719,0.500507973299,0.551524229431,0.607795100181,
    0.669576277609,0.716588372282,0.774934886824,0.806676068346,
    0.832422464836,0.894684515661,0.949060742082,1.),.UNSPECIFIED.);
#1728 = CARTESIAN_POINT('',(0.,6.514021540915));
#1729 = CARTESIAN_POINT('',(4.92808160489E-02,6.514021540915));
#1730 = CARTESIAN_POINT('',(9.846550184421E-02,6.520133135217));
#1731 = CARTESIAN_POINT('',(0.147561754682,6.532312241099));
#1732 = CARTESIAN_POINT('',(0.196560234626,6.550224303147));
#1733 = CARTESIAN_POINT('',(0.245416250288,6.573243248473));
#1734 = CARTESIAN_POINT('',(0.347967341332,6.630827223973));
#1735 = CARTESIAN_POINT('',(0.401665417505,6.666426151155));
#1736 = CARTESIAN_POINT('',(0.455298809354,6.706401194793));
#1737 = CARTESIAN_POINT('',(0.509040267093,6.749795618621));
#1738 = CARTESIAN_POINT('',(0.563047924346,6.795669536502));
#1739 = CARTESIAN_POINT('',(0.677255206833,6.895169650305));
#1740 = CARTESIAN_POINT('',(0.737588877067,6.949154836929));
#1741 = CARTESIAN_POINT('',(0.798858686591,7.003966049102));
#1742 = CARTESIAN_POINT('',(0.861417370163,7.058527402652));
#1743 = CARTESIAN_POINT('',(0.925610441352,7.111612703379));
#1744 = CARTESIAN_POINT('',(1.042174383441,7.199885019127));
#1745 = CARTESIAN_POINT('',(1.093831123609,7.236414408581));
#1746 = CARTESIAN_POINT('',(1.146779254789,7.270530936699));
#1747 = CARTESIAN_POINT('',(1.201041618027,7.301402343157));
#1748 = CARTESIAN_POINT('',(1.256666742519,7.328184199423));
#1749 = CARTESIAN_POINT('',(1.384565145369,7.377170216385));
#1750 = CARTESIAN_POINT('',(1.457776765979,7.396774322529));
#1751 = CARTESIAN_POINT('',(1.532193841452,7.406674025997));
#1752 = CARTESIAN_POINT('',(1.606910550659,7.40582860494));
#1753 = CARTESIAN_POINT('',(1.681053541646,7.394598434734));
#1754 = CARTESIAN_POINT('',(1.793003268982,7.363666414647));
#1755 = CARTESIAN_POINT('',(1.831926634562,7.350172595606));
#1756 = CARTESIAN_POINT('',(1.870301855288,7.334307512775));
#1757 = CARTESIAN_POINT('',(1.908093857507,7.316332107539));
#1758 = CARTESIAN_POINT('',(1.945257172764,7.296537862339));
#1759 = CARTESIAN_POINT('',(2.01131997219,7.257965416177));
#1760 = CARTESIAN_POINT('',(2.040482761793,7.239684926194));
#1761 = CARTESIAN_POINT('',(2.069240647828,7.220533276936));
#1762 = CARTESIAN_POINT('',(2.097611673359,7.200638909899));
#1763 = CARTESIAN_POINT('',(2.12561272435,7.18012443776));
#1764 = CARTESIAN_POINT('',(2.220117292907,7.108279699366));
#1765 = CARTESIAN_POINT('',(2.284942039216,7.054480186667));
#1766 = CARTESIAN_POINT('',(2.348112436571,6.999233559653));
#1767 = CARTESIAN_POINT('',(2.409985244817,6.943800416678));
#1768 = CARTESIAN_POINT('',(2.470924785855,6.889289184175));
#1769 = CARTESIAN_POINT('',(2.584055876553,6.791008178225));
#1770 = CARTESIAN_POINT('',(2.636409149337,6.746725160839));
#1771 = CARTESIAN_POINT('',(2.688522655969,6.704823414646));
#1772 = CARTESIAN_POINT('',(2.740540202287,6.666161962074));
#1773 = CARTESIAN_POINT('',(2.792618764566,6.631613297351));
#1774 = CARTESIAN_POINT('',(2.893617005346,6.574485451675));
#1775 = CARTESIAN_POINT('',(2.942563652922,6.551205544072));
#1776 = CARTESIAN_POINT('',(2.991653335642,6.533030406099));
#1777 = CARTESIAN_POINT('',(3.040841897647,6.520594985826));
#1778 = CARTESIAN_POINT('',(3.090121089581,6.514242758021));
#1779 = CARTESIAN_POINT('',(3.18913113113,6.513808401012));
#1780 = CARTESIAN_POINT('',(3.23866611166,6.519789608527));
#1781 = CARTESIAN_POINT('',(3.288112795776,6.531932059543));
#1782 = CARTESIAN_POINT('',(3.337461359418,6.549898553875));
#1783 = CARTESIAN_POINT('',(3.386665896604,6.573050644745));
#1784 = CARTESIAN_POINT('',(3.489559994922,6.630827223973));
#1785 = CARTESIAN_POINT('',(3.543258071094,6.666426151155));
#1786 = CARTESIAN_POINT('',(3.596891462943,6.706401194793));
#1787 = CARTESIAN_POINT('',(3.650632920682,6.749795618621));
#1788 = CARTESIAN_POINT('',(3.704640577936,6.795669536502));
#1789 = CARTESIAN_POINT('',(3.818847860442,6.895169650322));
#1790 = CARTESIAN_POINT('',(3.879181530626,6.949154836902));
#1791 = CARTESIAN_POINT('',(3.940451340177,7.003966049102));
#1792 = CARTESIAN_POINT('',(4.003010023787,7.058527402678));
#1793 = CARTESIAN_POINT('',(4.067203094923,7.111612703364));
#1794 = CARTESIAN_POINT('',(4.183767037039,7.199885019133));
#1795 = CARTESIAN_POINT('',(4.235423777196,7.236414408577));
#1796 = CARTESIAN_POINT('',(4.288371908368,7.270530936693));
#1797 = CARTESIAN_POINT('',(4.342634271614,7.301402343158));
#1798 = CARTESIAN_POINT('',(4.39825939612,7.328184199428));
#1799 = CARTESIAN_POINT('',(4.526157798958,7.377170216385));
#1800 = CARTESIAN_POINT('',(4.599369419569,7.396774322529));
#1801 = CARTESIAN_POINT('',(4.673786495042,7.406674025997));
#1802 = CARTESIAN_POINT('',(4.748503204248,7.40582860494));
#1803 = CARTESIAN_POINT('',(4.822646195235,7.394598434734));
#1804 = CARTESIAN_POINT('',(4.934595922572,7.363666414647));
#1805 = CARTESIAN_POINT('',(4.973519288151,7.350172595606));
#1806 = CARTESIAN_POINT('',(5.011894508878,7.334307512775));
#1807 = CARTESIAN_POINT('',(5.049686511096,7.316332107539));
#1808 = CARTESIAN_POINT('',(5.086849826354,7.296537862339));
#1809 = CARTESIAN_POINT('',(5.152912631715,7.257965412711));
#1810 = CARTESIAN_POINT('',(5.182075414268,7.239684927344));
#1811 = CARTESIAN_POINT('',(5.210833295928,7.220533280623));
#1812 = CARTESIAN_POINT('',(5.23920432515,7.200638910732));
#1813 = CARTESIAN_POINT('',(5.267205383019,7.180124433899));
#1814 = CARTESIAN_POINT('',(5.361709946497,7.108279699366));
#1815 = CARTESIAN_POINT('',(5.426534692805,7.054480186668));
#1816 = CARTESIAN_POINT('',(5.489705090161,6.999233559653));
#1817 = CARTESIAN_POINT('',(5.551577898406,6.943800416678));
#1818 = CARTESIAN_POINT('',(5.612517439445,6.889289184175));
#1819 = CARTESIAN_POINT('',(5.725648530142,6.791008178225));
#1820 = CARTESIAN_POINT('',(5.778001802926,6.746725160839));
#1821 = CARTESIAN_POINT('',(5.830115309559,6.704823414646));
#1822 = CARTESIAN_POINT('',(5.882132855878,6.666161962074));
#1823 = CARTESIAN_POINT('',(5.934211418156,6.631613297351));
#1824 = CARTESIAN_POINT('',(6.035552392326,6.574291590673));
#1825 = CARTESIAN_POINT('',(6.084847627497,6.550876778739));
#1826 = CARTESIAN_POINT('',(6.134287553354,6.532645328786));
#1827 = CARTESIAN_POINT('',(6.183826674749,6.520244831901));
#1828 = CARTESIAN_POINT('',(6.233456178617,6.514021540915));
#1829 = CARTESIAN_POINT('',(6.28318530718,6.514021540915));
#1830 = ( GEOMETRIC_REPRESENTATION_CONTEXT(2) 
PARAMETRIC_REPRESENTATION_CONTEXT() REPRESENTATION_CONTEXT('2D SPACE',''
  ) );
#1831 = ADVANCED_FACE('',(#1832,#1838),#233,.T.);
#1832 = FACE_BOUND('',#1833,.T.);
#1833 = EDGE_LOOP('',(#1834,#1835,#1836,#1837));
#1834 = ORIENTED_EDGE('',*,*,#219,.F.);
#1835 = ORIENTED_EDGE('',*,*,#361,.T.);
#1836 = ORIENTED_EDGE('',*,*,#411,.T.);
#1837 = ORIENTED_EDGE('',*,*,#312,.F.);
#1838 = FACE_BOUND('',#1839,.T.);
#1839 = EDGE_LOOP('',(#1840));
#1840 = ORIENTED_EDGE('',*,*,#521,.F.);
#1841 = ADVANCED_FACE('',(#1842),#264,.F.);
#1842 = FACE_BOUND('',#1843,.F.);
#1843 = EDGE_LOOP('',(#1844,#1845,#1866,#1867));
#1844 = ORIENTED_EDGE('',*,*,#546,.F.);
#1845 = ORIENTED_EDGE('',*,*,#1846,.F.);
#1846 = EDGE_CURVE('',#248,#547,#1847,.T.);
#1847 = SEAM_CURVE('',#1848,(#1852,#1859),.PCURVE_S1.);
#1848 = LINE('',#1849,#1850);
#1849 = CARTESIAN_POINT('',(69.474554822554,-0.1,80.099294386032));
#1850 = VECTOR('',#1851,1.);
#1851 = DIRECTION('',(0.,1.,0.));
#1852 = PCURVE('',#264,#1853);
#1853 = DEFINITIONAL_REPRESENTATION('',(#1854),#1858);
#1854 = LINE('',#1855,#1856);
#1855 = CARTESIAN_POINT('',(6.28318530718,-0.));
#1856 = VECTOR('',#1857,1.);
#1857 = DIRECTION('',(0.,1.));
#1858 = ( GEOMETRIC_REPRESENTATION_CONTEXT(2) 
PARAMETRIC_REPRESENTATION_CONTEXT() REPRESENTATION_CONTEXT('2D SPACE',''
  ) );
#1859 = PCURVE('',#264,#1860);
#1860 = DEFINITIONAL_REPRESENTATION('',(#1861),#1865);
#1861 = LINE('',#1862,#1863);
#1862 = CARTESIAN_POINT('',(0.,-0.));
#1863 = VECTOR('',#1864,1.);
#1864 = DIRECTION('',(0.,1.));
#1865 = ( GEOMETRIC_REPRESENTATION_CONTEXT(2) 
PARAMETRIC_REPRESENTATION_CONTEXT() REPRESENTATION_CONTEXT('2D SPACE',''
  ) );
#1866 = ORIENTED_EDGE('',*,*,#247,.T.);
#1867 = ORIENTED_EDGE('',*,*,#1846,.T.);
#1868 = ADVANCED_FACE('',(#1869),#295,.F.);
#1869 = FACE_BOUND('',#1870,.F.);
#1870 = EDGE_LOOP('',(#1871,#1872,#1893,#1894));
#1871 = ORIENTED_EDGE('',*,*,#1190,.F.);
#1872 = ORIENTED_EDGE('',*,*,#1873,.F.);
#1873 = EDGE_CURVE('',#279,#1191,#1874,.T.);
#1874 = SEAM_CURVE('',#1875,(#1879,#1886),.PCURVE_S1.);
#1875 = LINE('',#1876,#1877);
#1876 = CARTESIAN_POINT('',(71.545107183374,-0.1,87.826700996344));
#1877 = VECTOR('',#1878,1.);
#1878 = DIRECTION('',(0.,1.,0.));
#1879 = PCURVE('',#295,#1880);
#1880 = DEFINITIONAL_REPRESENTATION('',(#1881),#1885);
#1881 = LINE('',#1882,#1883);
#1882 = CARTESIAN_POINT('',(6.28318530718,-0.));
#1883 = VECTOR('',#1884,1.);
#1884 = DIRECTION('',(0.,1.));
#1885 = ( GEOMETRIC_REPRESENTATION_CONTEXT(2) 
PARAMETRIC_REPRESENTATION_CONTEXT() REPRESENTATION_CONTEXT('2D SPACE',''
  ) );
#1886 = PCURVE('',#295,#1887);
#1887 = DEFINITIONAL_REPRESENTATION('',(#1888),#1892);
#1888 = LINE('',#1889,#1890);
#1889 = CARTESIAN_POINT('',(0.,-0.));
#1890 = VECTOR('',#1891,1.);
#1891 = DIRECTION('',(0.,1.));
#1892 = ( GEOMETRIC_REPRESENTATION_CONTEXT(2) 
PARAMETRIC_REPRESENTATION_CONTEXT() REPRESENTATION_CONTEXT('2D SPACE',''
  ) );
#1893 = ORIENTED_EDGE('',*,*,#278,.T.);
#1894 = ORIENTED_EDGE('',*,*,#1873,.T.);
#1895 = ADVANCED_FACE('',(#1896),#451,.F.);
#1896 = FACE_BOUND('',#1897,.F.);
#1897 = EDGE_LOOP('',(#1898,#1899,#1920,#1921));
#1898 = ORIENTED_EDGE('',*,*,#434,.F.);
#1899 = ORIENTED_EDGE('',*,*,#1900,.F.);
#1900 = EDGE_CURVE('',#869,#435,#1901,.T.);
#1901 = SEAM_CURVE('',#1902,(#1906,#1913),.PCURVE_S1.);
#1902 = LINE('',#1903,#1904);
#1903 = CARTESIAN_POINT('',(69.474554822554,-0.1,80.099294386032));
#1904 = VECTOR('',#1905,1.);
#1905 = DIRECTION('',(0.,1.,0.));
#1906 = PCURVE('',#451,#1907);
#1907 = DEFINITIONAL_REPRESENTATION('',(#1908),#1912);
#1908 = LINE('',#1909,#1910);
#1909 = CARTESIAN_POINT('',(6.28318530718,-0.));
#1910 = VECTOR('',#1911,1.);
#1911 = DIRECTION('',(0.,1.));
#1912 = ( GEOMETRIC_REPRESENTATION_CONTEXT(2) 
PARAMETRIC_REPRESENTATION_CONTEXT() REPRESENTATION_CONTEXT('2D SPACE',''
  ) );
#1913 = PCURVE('',#451,#1914);
#1914 = DEFINITIONAL_REPRESENTATION('',(#1915),#1919);
#1915 = LINE('',#1916,#1917);
#1916 = CARTESIAN_POINT('',(0.,-0.));
#1917 = VECTOR('',#1918,1.);
#1918 = DIRECTION('',(0.,1.));
#1919 = ( GEOMETRIC_REPRESENTATION_CONTEXT(2) 
PARAMETRIC_REPRESENTATION_CONTEXT() REPRESENTATION_CONTEXT('2D SPACE',''
  ) );
#1920 = ORIENTED_EDGE('',*,*,#868,.T.);
#1921 = ORIENTED_EDGE('',*,*,#1900,.T.);
#1922 = ADVANCED_FACE('',(#1923),#482,.F.);
#1923 = FACE_BOUND('',#1924,.F.);
#1924 = EDGE_LOOP('',(#1925,#1926,#1947,#1948));
#1925 = ORIENTED_EDGE('',*,*,#465,.F.);
#1926 = ORIENTED_EDGE('',*,*,#1927,.F.);
#1927 = EDGE_CURVE('',#1513,#466,#1928,.T.);
#1928 = SEAM_CURVE('',#1929,(#1933,#1940),.PCURVE_S1.);
#1929 = LINE('',#1930,#1931);
#1930 = CARTESIAN_POINT('',(71.545107183374,-0.1,87.826700996344));
#1931 = VECTOR('',#1932,1.);
#1932 = DIRECTION('',(0.,1.,0.));
#1933 = PCURVE('',#482,#1934);
#1934 = DEFINITIONAL_REPRESENTATION('',(#1935),#1939);
#1935 = LINE('',#1936,#1937);
#1936 = CARTESIAN_POINT('',(6.28318530718,-0.));
#1937 = VECTOR('',#1938,1.);
#1938 = DIRECTION('',(0.,1.));
#1939 = ( GEOMETRIC_REPRESENTATION_CONTEXT(2) 
PARAMETRIC_REPRESENTATION_CONTEXT() REPRESENTATION_CONTEXT('2D SPACE',''
  ) );
#1940 = PCURVE('',#482,#1941);
#1941 = DEFINITIONAL_REPRESENTATION('',(#1942),#1946);
#1942 = LINE('',#1943,#1944);
#1943 = CARTESIAN_POINT('',(0.,-0.));
#1944 = VECTOR('',#1945,1.);
#1945 = DIRECTION('',(0.,1.));
#1946 = ( GEOMETRIC_REPRESENTATION_CONTEXT(2) 
PARAMETRIC_REPRESENTATION_CONTEXT() REPRESENTATION_CONTEXT('2D SPACE',''
  ) );
#1947 = ORIENTED_EDGE('',*,*,#1512,.T.);
#1948 = ORIENTED_EDGE('',*,*,#1927,.T.);
#1949 = ( GEOMETRIC_REPRESENTATION_CONTEXT(3) 
GLOBAL_UNCERTAINTY_ASSIGNED_CONTEXT((#1953)) 
GLOBAL_UNIT_ASSIGNED_CONTEXT((#1950,#1951,#1952)) REPRESENTATION_CONTEXT
('Context #1','3D Context with UNIT and UNCERTAINTY') );
#1950 = ( LENGTH_UNIT() NAMED_UNIT(*) SI_UNIT(.MILLI.,.METRE.) );
#1951 = ( NAMED_UNIT(*) PLANE_ANGLE_UNIT() SI_UNIT($,.RADIAN.) );
#1952 = ( NAMED_UNIT(*) SI_UNIT($,.STERADIAN.) SOLID_ANGLE_UNIT() );
#1953 = UNCERTAINTY_MEASURE_WITH_UNIT(LENGTH_MEASURE(1.E-07),#1950,
  'distance_accuracy_value','confusion accuracy');
#1954 = PRODUCT_RELATED_PRODUCT_CATEGORY('part',$,(#7));
ENDSEC;
END-ISO-10303-21;
