ISO-10303-21;
HEADER;
FILE_DESCRIPTION(('Open CASCADE Model'),'2;1');
FILE_NAME('Open CASCADE Shape Model','2026-09-26T16:05:11',('Author'),(
    'Open CASCADE'),'Open CASCADE STEP processor 7.9','Open CASCADE 7.9'
  ,'Unknown');
FILE_SCHEMA(('AUTOMOTIVE_DESIGN { 1 0 10303 214 1 1 1 1 }'));
ENDSEC;
DATA;
#1 = APPLICATION_PROTOCOL_DEFINITION('international standard',
  'automotive_design',2000,#2);
#2 = APPLICATION_CONTEXT(
  'core data for automotive mechanical design processes');
#3 = SHAPE_DEFINITION_REPRESENTATION(#4,#10);
#4 = PRODUCT_DEFINITION_SHAPE('','',#5);
#5 = PRODUCT_DEFINITION('design','',#6,#9);
#6 = PRODUCT_DEFINITION_FORMATION('','',#7);
#7 = PRODUCT('Open CASCADE STEP translator 7.9 27',
  'Open CASCADE STEP translator 7.9 27','',(#8));
#8 = PRODUCT_CONTEXT('',#2,'mechanical');
#9 = PRODUCT_DEFINITION_CONTEXT('part definition',#2,'design');
#10 = ADVANCED_BREP_SHAPE_REPRESENTATION('',(#11,#15),#2209);
#11 = AXIS2_PLACEMENT_3D('',#12,#13,#14);
#12 = CARTESIAN_POINT('',(0.,0.,0.));
#13 = DIRECTION('',(0.,0.,1.));
#14 = DIRECTION('',(1.,0.,-0.));
#15 = MANIFOLD_SOLID_BREP('',#16);
#16 = CLOSED_SHELL('',(#17,#137,#213,#894,#943,#970,#977,#1053,#1102,
    #1151,#1200,#1249,#1276,#1352,#1401,#1450,#1499,#1548,#1575,#1651,
    #1700,#1749,#1798,#1847,#1874,#1950,#1999,#2048,#2097,#2146,#2173,
    #2182,#2191,#2200));
#17 = ADVANCED_FACE('',(#18),#32,.F.);
#18 = FACE_BOUND('',#19,.F.);
#19 = EDGE_LOOP('',(#20,#55,#83,#111));
#20 = ORIENTED_EDGE('',*,*,#21,.F.);
#21 = EDGE_CURVE('',#22,#24,#26,.T.);
#22 = VERTEX_POINT('',#23);
#23 = CARTESIAN_POINT('',(0.,0.,0.));
#24 = VERTEX_POINT('',#25);
#25 = CARTESIAN_POINT('',(0.,0.,8.));
#26 = SURFACE_CURVE('',#27,(#31,#43),.PCURVE_S1.);
#27 = LINE('',#28,#29);
#28 = CARTESIAN_POINT('',(0.,0.,0.));
#29 = VECTOR('',#30,1.);
#30 = DIRECTION('',(0.,0.,1.));
#31 = PCURVE('',#32,#37);
#32 = PLANE('',#33);
#33 = AXIS2_PLACEMENT_3D('',#34,#35,#36);
#34 = CARTESIAN_POINT('',(0.,0.,0.));
#35 = DIRECTION('',(1.,0.,0.));
#36 = DIRECTION('',(0.,0.,1.));
#37 = DEFINITIONAL_REPRESENTATION('',(#38),#42);
#38 = LINE('',#39,#40);
#39 = CARTESIAN_POINT('',(0.,0.));
#40 = VECTOR('',#41,1.);
#41 = DIRECTION('',(1.,0.));
#42 = ( GEOMETRIC_REPRESENTATION_CONTEXT(2) 
PARAMETRIC_REPRESENTATION_CONTEXT() REPRESENTATION_CONTEXT('2D SPACE',''
  ) );
#43 = PCURVE('',#44,#49);
#44 = PLANE('',#45);
#45 = AXIS2_PLACEMENT_3D('',#46,#47,#48);
#46 = CARTESIAN_POINT('',(0.,0.,0.));
#47 = DIRECTION('',(0.,1.,0.));
#48 = DIRECTION('',(0.,0.,1.));
#49 = DEFINITIONAL_REPRESENTATION('',(#50),#54);
#50 = LINE('',#51,#52);
#51 = CARTESIAN_POINT('',(0.,0.));
#52 = VECTOR('',#53,1.);
#53 = DIRECTION('',(1.,0.));
#54 = ( GEOMETRIC_REPRESENTATION_CONTEXT(2) 
PARAMETRIC_REPRESENTATION_CONTEXT() REPRESENTATION_CONTEXT('2D SPACE',''
  ) );
#55 = ORIENTED_EDGE('',*,*,#56,.T.);
#56 = EDGE_CURVE('',#22,#57,#59,.T.);
#57 = VERTEX_POINT('',#58);
#58 = CARTESIAN_POINT('',(0.,26.,0.));
#59 = SURFACE_CURVE('',#60,(#64,#71),.PCURVE_S1.);
#60 = LINE('',#61,#62);
#61 = CARTESIAN_POINT('',(0.,0.,0.));
#62 = VECTOR('',#63,1.);
#63 = DIRECTION('',(0.,1.,0.));
#64 = PCURVE('',#32,#65);
#65 = DEFINITIONAL_REPRESENTATION('',(#66),#70);
#66 = LINE('',#67,#68);
#67 = CARTESIAN_POINT('',(0.,0.));
#68 = VECTOR('',#69,1.);
#69 = DIRECTION('',(0.,-1.));
#70 = ( GEOMETRIC_REPRESENTATION_CONTEXT(2) 
PARAMETRIC_REPRESENTATION_CONTEXT() REPRESENTATION_CONTEXT('2D SPACE',''
  ) );
#71 = PCURVE('',#72,#77);
#72 = PLANE('',#73);
#73 = AXIS2_PLACEMENT_3D('',#74,#75,#76);
#74 = CARTESIAN_POINT('',(0.,0.,0.));
#75 = DIRECTION('',(0.,0.,1.));
#76 = DIRECTION('',(1.,0.,0.));
#77 = DEFINITIONAL_REPRESENTATION('',(#78),#82);
#78 = LINE('',#79,#80);
#79 = CARTESIAN_POINT('',(0.,0.));
#80 = VECTOR('',#81,1.);
#81 = DIRECTION('',(0.,1.));
#82 = ( GEOMETRIC_REPRESENTATION_CONTEXT(2) 
PARAMETRIC_REPRESENTATION_CONTEXT() REPRESENTATION_CONTEXT('2D SPACE',''
  ) );
#83 = ORIENTED_EDGE('',*,*,#84,.T.);
#84 = EDGE_CURVE('',#57,#85,#87,.T.);
#85 = VERTEX_POINT('',#86);
#86 = CARTESIAN_POINT('',(0.,26.,8.));
#87 = SURFACE_CURVE('',#88,(#92,#99),.PCURVE_S1.);
#88 = LINE('',#89,#90);
#89 = CARTESIAN_POINT('',(0.,26.,0.));
#90 = VECTOR('',#91,1.);
#91 = DIRECTION('',(0.,0.,1.));
#92 = PCURVE('',#32,#93);
#93 = DEFINITIONAL_REPRESENTATION('',(#94),#98);
#94 = LINE('',#95,#96);
#95 = CARTESIAN_POINT('',(0.,-26.));
#96 = VECTOR('',#97,1.);
#97 = DIRECTION('',(1.,0.));
#98 = ( GEOMETRIC_REPRESENTATION_CONTEXT(2) 
PARAMETRIC_REPRESENTATION_CONTEXT() REPRESENTATION_CONTEXT('2D SPACE',''
  ) );
#99 = PCURVE('',#100,#105);
#100 = PLANE('',#101);
#101 = AXIS2_PLACEMENT_3D('',#102,#103,#104);
#102 = CARTESIAN_POINT('',(0.,26.,0.));
#103 = DIRECTION('',(0.,1.,0.));
#104 = DIRECTION('',(0.,0.,1.));
#105 = DEFINITIONAL_REPRESENTATION('',(#106),#110);
#106 = LINE('',#107,#108);
#107 = CARTESIAN_POINT('',(0.,0.));
#108 = VECTOR('',#109,1.);
#109 = DIRECTION('',(1.,0.));
#110 = ( GEOMETRIC_REPRESENTATION_CONTEXT(2) 
PARAMETRIC_REPRESENTATION_CONTEXT() REPRESENTATION_CONTEXT('2D SPACE',''
  ) );
#111 = ORIENTED_EDGE('',*,*,#112,.F.);
#112 = EDGE_CURVE('',#24,#85,#113,.T.);
#113 = SURFACE_CURVE('',#114,(#118,#125),.PCURVE_S1.);
#114 = LINE('',#115,#116);
#115 = CARTESIAN_POINT('',(0.,0.,8.));
#116 = VECTOR('',#117,1.);
#117 = DIRECTION('',(0.,1.,0.));
#118 = PCURVE('',#32,#119);
#119 = DEFINITIONAL_REPRESENTATION('',(#120),#124);
#120 = LINE('',#121,#122);
#121 = CARTESIAN_POINT('',(8.,0.));
#122 = VECTOR('',#123,1.);
#123 = DIRECTION('',(0.,-1.));
#124 = ( GEOMETRIC_REPRESENTATION_CONTEXT(2) 
PARAMETRIC_REPRESENTATION_CONTEXT() REPRESENTATION_CONTEXT('2D SPACE',''
  ) );
#125 = PCURVE('',#126,#131);
#126 = PLANE('',#127);
#127 = AXIS2_PLACEMENT_3D('',#128,#129,#130);
#128 = CARTESIAN_POINT('',(0.,0.,8.));
#129 = DIRECTION('',(0.,0.,1.));
#130 = DIRECTION('',(1.,0.,0.));
#131 = DEFINITIONAL_REPRESENTATION('',(#132),#136);
#132 = LINE('',#133,#134);
#133 = CARTESIAN_POINT('',(0.,0.));
#134 = VECTOR('',#135,1.);
#135 = DIRECTION('',(0.,1.));
#136 = ( GEOMETRIC_REPRESENTATION_CONTEXT(2) 
PARAMETRIC_REPRESENTATION_CONTEXT() REPRESENTATION_CONTEXT('2D SPACE',''
  ) );
#137 = ADVANCED_FACE('',(#138),#44,.F.);
#138 = FACE_BOUND('',#139,.F.);
#139 = EDGE_LOOP('',(#140,#163,#164,#187));
#140 = ORIENTED_EDGE('',*,*,#141,.F.);
#141 = EDGE_CURVE('',#22,#142,#144,.T.);
#142 = VERTEX_POINT('',#143);
#143 = CARTESIAN_POINT('',(80.,0.,0.));
#144 = SURFACE_CURVE('',#145,(#149,#156),.PCURVE_S1.);
#145 = LINE('',#146,#147);
#146 = CARTESIAN_POINT('',(0.,0.,0.));
#147 = VECTOR('',#148,1.);
#148 = DIRECTION('',(1.,0.,0.));
#149 = PCURVE('',#44,#150);
#150 = DEFINITIONAL_REPRESENTATION('',(#151),#155);
#151 = LINE('',#152,#153);
#152 = CARTESIAN_POINT('',(0.,0.));
#153 = VECTOR('',#154,1.);
#154 = DIRECTION('',(0.,1.));
#155 = ( GEOMETRIC_REPRESENTATION_CONTEXT(2) 
PARAMETRIC_REPRESENTATION_CONTEXT() REPRESENTATION_CONTEXT('2D SPACE',''
  ) );
#156 = PCURVE('',#72,#157);
#157 = DEFINITIONAL_REPRESENTATION('',(#158),#162);
#158 = LINE('',#159,#160);
#159 = CARTESIAN_POINT('',(0.,0.));
#160 = VECTOR('',#161,1.);
#161 = DIRECTION('',(1.,0.));
#162 = ( GEOMETRIC_REPRESENTATION_CONTEXT(2) 
PARAMETRIC_REPRESENTATION_CONTEXT() REPRESENTATION_CONTEXT('2D SPACE',''
  ) );
#163 = ORIENTED_EDGE('',*,*,#21,.T.);
#164 = ORIENTED_EDGE('',*,*,#165,.T.);
#165 = EDGE_CURVE('',#24,#166,#168,.T.);
#166 = VERTEX_POINT('',#167);
#167 = CARTESIAN_POINT('',(80.,0.,8.));
#168 = SURFACE_CURVE('',#169,(#173,#180),.PCURVE_S1.);
#169 = LINE('',#170,#171);
#170 = CARTESIAN_POINT('',(0.,0.,8.));
#171 = VECTOR('',#172,1.);
#172 = DIRECTION('',(1.,0.,0.));
#173 = PCURVE('',#44,#174);
#174 = DEFINITIONAL_REPRESENTATION('',(#175),#179);
#175 = LINE('',#176,#177);
#176 = CARTESIAN_POINT('',(8.,0.));
#177 = VECTOR('',#178,1.);
#178 = DIRECTION('',(0.,1.));
#179 = ( GEOMETRIC_REPRESENTATION_CONTEXT(2) 
PARAMETRIC_REPRESENTATION_CONTEXT() REPRESENTATION_CONTEXT('2D SPACE',''
  ) );
#180 = PCURVE('',#126,#181);
#181 = DEFINITIONAL_REPRESENTATION('',(#182),#186);
#182 = LINE('',#183,#184);
#183 = CARTESIAN_POINT('',(0.,0.));
#184 = VECTOR('',#185,1.);
#185 = DIRECTION('',(1.,0.));
#186 = ( GEOMETRIC_REPRESENTATION_CONTEXT(2) 
PARAMETRIC_REPRESENTATION_CONTEXT() REPRESENTATION_CONTEXT('2D SPACE',''
  ) );
#187 = ORIENTED_EDGE('',*,*,#188,.F.);
#188 = EDGE_CURVE('',#142,#166,#189,.T.);
#189 = SURFACE_CURVE('',#190,(#194,#201),.PCURVE_S1.);
#190 = LINE('',#191,#192);
#191 = CARTESIAN_POINT('',(80.,0.,0.));
#192 = VECTOR('',#193,1.);
#193 = DIRECTION('',(0.,0.,1.));
#194 = PCURVE('',#44,#195);
#195 = DEFINITIONAL_REPRESENTATION('',(#196),#200);
#196 = LINE('',#197,#198);
#197 = CARTESIAN_POINT('',(0.,80.));
#198 = VECTOR('',#199,1.);
#199 = DIRECTION('',(1.,0.));
#200 = ( GEOMETRIC_REPRESENTATION_CONTEXT(2) 
PARAMETRIC_REPRESENTATION_CONTEXT() REPRESENTATION_CONTEXT('2D SPACE',''
  ) );
#201 = PCURVE('',#202,#207);
#202 = PLANE('',#203);
#203 = AXIS2_PLACEMENT_3D('',#204,#205,#206);
#204 = CARTESIAN_POINT('',(80.,0.,0.));
#205 = DIRECTION('',(1.,0.,0.));
#206 = DIRECTION('',(0.,0.,1.));
#207 = DEFINITIONAL_REPRESENTATION('',(#208),#212);
#208 = LINE('',#209,#210);
#209 = CARTESIAN_POINT('',(0.,0.));
#210 = VECTOR('',#211,1.);
#211 = DIRECTION('',(1.,0.));
#212 = ( GEOMETRIC_REPRESENTATION_CONTEXT(2) 
PARAMETRIC_REPRESENTATION_CONTEXT() REPRESENTATION_CONTEXT('2D SPACE',''
  ) );
#213 = ADVANCED_FACE('',(#214,#262,#420,#578,#736),#126,.T.);
#214 = FACE_BOUND('',#215,.T.);
#215 = EDGE_LOOP('',(#216,#217,#218,#241));
#216 = ORIENTED_EDGE('',*,*,#112,.F.);
#217 = ORIENTED_EDGE('',*,*,#165,.T.);
#218 = ORIENTED_EDGE('',*,*,#219,.T.);
#219 = EDGE_CURVE('',#166,#220,#222,.T.);
#220 = VERTEX_POINT('',#221);
#221 = CARTESIAN_POINT('',(80.,26.,8.));
#222 = SURFACE_CURVE('',#223,(#227,#234),.PCURVE_S1.);
#223 = LINE('',#224,#225);
#224 = CARTESIAN_POINT('',(80.,0.,8.));
#225 = VECTOR('',#226,1.);
#226 = DIRECTION('',(0.,1.,0.));
#227 = PCURVE('',#126,#228);
#228 = DEFINITIONAL_REPRESENTATION('',(#229),#233);
#229 = LINE('',#230,#231);
#230 = CARTESIAN_POINT('',(80.,0.));
#231 = VECTOR('',#232,1.);
#232 = DIRECTION('',(0.,1.));
#233 = ( GEOMETRIC_REPRESENTATION_CONTEXT(2) 
PARAMETRIC_REPRESENTATION_CONTEXT() REPRESENTATION_CONTEXT('2D SPACE',''
  ) );
#234 = PCURVE('',#202,#235);
#235 = DEFINITIONAL_REPRESENTATION('',(#236),#240);
#236 = LINE('',#237,#238);
#237 = CARTESIAN_POINT('',(8.,0.));
#238 = VECTOR('',#239,1.);
#239 = DIRECTION('',(0.,-1.));
#240 = ( GEOMETRIC_REPRESENTATION_CONTEXT(2) 
PARAMETRIC_REPRESENTATION_CONTEXT() REPRESENTATION_CONTEXT('2D SPACE',''
  ) );
#241 = ORIENTED_EDGE('',*,*,#242,.F.);
#242 = EDGE_CURVE('',#85,#220,#243,.T.);
#243 = SURFACE_CURVE('',#244,(#248,#255),.PCURVE_S1.);
#244 = LINE('',#245,#246);
#245 = CARTESIAN_POINT('',(0.,26.,8.));
#246 = VECTOR('',#247,1.);
#247 = DIRECTION('',(1.,0.,0.));
#248 = PCURVE('',#126,#249);
#249 = DEFINITIONAL_REPRESENTATION('',(#250),#254);
#250 = LINE('',#251,#252);
#251 = CARTESIAN_POINT('',(0.,26.));
#252 = VECTOR('',#253,1.);
#253 = DIRECTION('',(1.,0.));
#254 = ( GEOMETRIC_REPRESENTATION_CONTEXT(2) 
PARAMETRIC_REPRESENTATION_CONTEXT() REPRESENTATION_CONTEXT('2D SPACE',''
  ) );
#255 = PCURVE('',#100,#256);
#256 = DEFINITIONAL_REPRESENTATION('',(#257),#261);
#257 = LINE('',#258,#259);
#258 = CARTESIAN_POINT('',(8.,0.));
#259 = VECTOR('',#260,1.);
#260 = DIRECTION('',(0.,1.));
#261 = ( GEOMETRIC_REPRESENTATION_CONTEXT(2) 
PARAMETRIC_REPRESENTATION_CONTEXT() REPRESENTATION_CONTEXT('2D SPACE',''
  ) );
#262 = FACE_BOUND('',#263,.T.);
#263 = EDGE_LOOP('',(#264,#292,#318,#344,#370,#396));
#264 = ORIENTED_EDGE('',*,*,#265,.T.);
#265 = EDGE_CURVE('',#266,#268,#270,.T.);
#266 = VERTEX_POINT('',#267);
#267 = CARTESIAN_POINT('',(10.113248654052,18.,8.));
#268 = VERTEX_POINT('',#269);
#269 = CARTESIAN_POINT('',(15.886751345948,18.,8.));
#270 = SURFACE_CURVE('',#271,(#275,#281),.PCURVE_S1.);
#271 = LINE('',#272,#273);
#272 = CARTESIAN_POINT('',(7.943375672974,18.,8.));
#273 = VECTOR('',#274,1.);
#274 = DIRECTION('',(1.,-1.538370149107E-16,0.));
#275 = PCURVE('',#126,#276);
#276 = DEFINITIONAL_REPRESENTATION('',(#277),#280);
#277 = B_SPLINE_CURVE_WITH_KNOTS('',1,(#278,#279),.UNSPECIFIED.,.F.,.F.,
  (2,2),(2.169872981078,7.943375672974),.PIECEWISE_BEZIER_KNOTS.);
#278 = CARTESIAN_POINT('',(10.113248654052,18.));
#279 = CARTESIAN_POINT('',(15.886751345948,18.));
#280 = ( GEOMETRIC_REPRESENTATION_CONTEXT(2) 
PARAMETRIC_REPRESENTATION_CONTEXT() REPRESENTATION_CONTEXT('2D SPACE',''
  ) );
#281 = PCURVE('',#282,#287);
#282 = PLANE('',#283);
#283 = AXIS2_PLACEMENT_3D('',#284,#285,#286);
#284 = CARTESIAN_POINT('',(15.886751345948,18.,3.));
#285 = DIRECTION('',(-1.538370149107E-16,-1.,0.));
#286 = DIRECTION('',(-1.,1.538370149107E-16,0.));
#287 = DEFINITIONAL_REPRESENTATION('',(#288),#291);
#288 = B_SPLINE_CURVE_WITH_KNOTS('',1,(#289,#290),.UNSPECIFIED.,.F.,.F.,
  (2,2),(2.169872981078,7.943375672974),.PIECEWISE_BEZIER_KNOTS.);
#289 = CARTESIAN_POINT('',(5.773502691896,-5.));
#290 = CARTESIAN_POINT('',(0.,-5.));
#291 = ( GEOMETRIC_REPRESENTATION_CONTEXT(2) 
PARAMETRIC_REPRESENTATION_CONTEXT() REPRESENTATION_CONTEXT('2D SPACE',''
  ) );
#292 = ORIENTED_EDGE('',*,*,#293,.T.);
#293 = EDGE_CURVE('',#268,#294,#296,.T.);
#294 = VERTEX_POINT('',#295);
#295 = CARTESIAN_POINT('',(18.773502691896,13.,8.));
#296 = SURFACE_CURVE('',#297,(#301,#307),.PCURVE_S1.);
#297 = LINE('',#298,#299);
#298 = CARTESIAN_POINT('',(19.241397417709,12.189582562299,8.));
#299 = VECTOR('',#300,1.);
#300 = DIRECTION('',(0.5,-0.866025403784,0.));
#301 = PCURVE('',#126,#302);
#302 = DEFINITIONAL_REPRESENTATION('',(#303),#306);
#303 = B_SPLINE_CURVE_WITH_KNOTS('',1,(#304,#305),.UNSPECIFIED.,.F.,.F.,
  (2,2),(-6.709292143521,-0.935789451625),.PIECEWISE_BEZIER_KNOTS.);
#304 = CARTESIAN_POINT('',(15.886751345948,18.));
#305 = CARTESIAN_POINT('',(18.773502691896,13.));
#306 = ( GEOMETRIC_REPRESENTATION_CONTEXT(2) 
PARAMETRIC_REPRESENTATION_CONTEXT() REPRESENTATION_CONTEXT('2D SPACE',''
  ) );
#307 = PCURVE('',#308,#313);
#308 = PLANE('',#309);
#309 = AXIS2_PLACEMENT_3D('',#310,#311,#312);
#310 = CARTESIAN_POINT('',(18.773502691896,13.,3.));
#311 = DIRECTION('',(-0.866025403784,-0.5,0.));
#312 = DIRECTION('',(-0.5,0.866025403784,0.));
#313 = DEFINITIONAL_REPRESENTATION('',(#314),#317);
#314 = B_SPLINE_CURVE_WITH_KNOTS('',1,(#315,#316),.UNSPECIFIED.,.F.,.F.,
  (2,2),(-6.709292143521,-0.935789451625),.PIECEWISE_BEZIER_KNOTS.);
#315 = CARTESIAN_POINT('',(5.773502691896,-5.));
#316 = CARTESIAN_POINT('',(0.,-5.));
#317 = ( GEOMETRIC_REPRESENTATION_CONTEXT(2) 
PARAMETRIC_REPRESENTATION_CONTEXT() REPRESENTATION_CONTEXT('2D SPACE',''
  ) );
#318 = ORIENTED_EDGE('',*,*,#319,.T.);
#319 = EDGE_CURVE('',#294,#320,#322,.T.);
#320 = VERTEX_POINT('',#321);
#321 = CARTESIAN_POINT('',(15.886751345948,8.,8.));
#322 = SURFACE_CURVE('',#323,(#327,#333),.PCURVE_S1.);
#323 = LINE('',#324,#325);
#324 = CARTESIAN_POINT('',(12.168856620136,1.560417437701,8.));
#325 = VECTOR('',#326,1.);
#326 = DIRECTION('',(-0.5,-0.866025403784,0.));
#327 = PCURVE('',#126,#328);
#328 = DEFINITIONAL_REPRESENTATION('',(#329),#332);
#329 = B_SPLINE_CURVE_WITH_KNOTS('',1,(#330,#331),.UNSPECIFIED.,.F.,.F.,
  (2,2),(-13.20929214352,-7.435789451625),.PIECEWISE_BEZIER_KNOTS.);
#330 = CARTESIAN_POINT('',(18.773502691896,13.));
#331 = CARTESIAN_POINT('',(15.886751345948,8.));
#332 = ( GEOMETRIC_REPRESENTATION_CONTEXT(2) 
PARAMETRIC_REPRESENTATION_CONTEXT() REPRESENTATION_CONTEXT('2D SPACE',''
  ) );
#333 = PCURVE('',#334,#339);
#334 = PLANE('',#335);
#335 = AXIS2_PLACEMENT_3D('',#336,#337,#338);
#336 = CARTESIAN_POINT('',(15.886751345948,8.,3.));
#337 = DIRECTION('',(-0.866025403784,0.5,0.));
#338 = DIRECTION('',(0.5,0.866025403784,0.));
#339 = DEFINITIONAL_REPRESENTATION('',(#340),#343);
#340 = B_SPLINE_CURVE_WITH_KNOTS('',1,(#341,#342),.UNSPECIFIED.,.F.,.F.,
  (2,2),(-13.20929214352,-7.435789451625),.PIECEWISE_BEZIER_KNOTS.);
#341 = CARTESIAN_POINT('',(5.773502691896,-5.));
#342 = CARTESIAN_POINT('',(0.,-5.));
#343 = ( GEOMETRIC_REPRESENTATION_CONTEXT(2) 
PARAMETRIC_REPRESENTATION_CONTEXT() REPRESENTATION_CONTEXT('2D SPACE',''
  ) );
#344 = ORIENTED_EDGE('',*,*,#345,.T.);
#345 = EDGE_CURVE('',#320,#346,#348,.T.);
#346 = VERTEX_POINT('',#347);
#347 = CARTESIAN_POINT('',(10.113248654052,8.,8.));
#348 = SURFACE_CURVE('',#349,(#353,#359),.PCURVE_S1.);
#349 = LINE('',#350,#351);
#350 = CARTESIAN_POINT('',(5.056624327026,8.,8.));
#351 = VECTOR('',#352,1.);
#352 = DIRECTION('',(-1.,4.615110447321E-16,0.));
#353 = PCURVE('',#126,#354);
#354 = DEFINITIONAL_REPRESENTATION('',(#355),#358);
#355 = B_SPLINE_CURVE_WITH_KNOTS('',1,(#356,#357),.UNSPECIFIED.,.F.,.F.,
  (2,2),(-10.83012701892,-5.056624327026),.PIECEWISE_BEZIER_KNOTS.);
#356 = CARTESIAN_POINT('',(15.886751345948,8.));
#357 = CARTESIAN_POINT('',(10.113248654052,8.));
#358 = ( GEOMETRIC_REPRESENTATION_CONTEXT(2) 
PARAMETRIC_REPRESENTATION_CONTEXT() REPRESENTATION_CONTEXT('2D SPACE',''
  ) );
#359 = PCURVE('',#360,#365);
#360 = PLANE('',#361);
#361 = AXIS2_PLACEMENT_3D('',#362,#363,#364);
#362 = CARTESIAN_POINT('',(10.113248654052,8.,3.));
#363 = DIRECTION('',(4.615110447321E-16,1.,-0.));
#364 = DIRECTION('',(1.,-4.615110447321E-16,0.));
#365 = DEFINITIONAL_REPRESENTATION('',(#366),#369);
#366 = B_SPLINE_CURVE_WITH_KNOTS('',1,(#367,#368),.UNSPECIFIED.,.F.,.F.,
  (2,2),(-10.83012701892,-5.056624327026),.PIECEWISE_BEZIER_KNOTS.);
#367 = CARTESIAN_POINT('',(5.773502691896,-5.));
#368 = CARTESIAN_POINT('',(0.,-5.));
#369 = ( GEOMETRIC_REPRESENTATION_CONTEXT(2) 
PARAMETRIC_REPRESENTATION_CONTEXT() REPRESENTATION_CONTEXT('2D SPACE',''
  ) );
#370 = ORIENTED_EDGE('',*,*,#371,.T.);
#371 = EDGE_CURVE('',#346,#372,#374,.T.);
#372 = VERTEX_POINT('',#373);
#373 = CARTESIAN_POINT('',(7.226497308104,13.,8.));
#374 = SURFACE_CURVE('',#375,(#379,#385),.PCURVE_S1.);
#375 = LINE('',#376,#377);
#376 = CARTESIAN_POINT('',(9.13776770689,9.689582562299,8.));
#377 = VECTOR('',#378,1.);
#378 = DIRECTION('',(-0.5,0.866025403784,0.));
#379 = PCURVE('',#126,#380);
#380 = DEFINITIONAL_REPRESENTATION('',(#381),#384);
#381 = B_SPLINE_CURVE_WITH_KNOTS('',1,(#382,#383),.UNSPECIFIED.,.F.,.F.,
  (2,2),(-1.950961894323,3.822540797573),.PIECEWISE_BEZIER_KNOTS.);
#382 = CARTESIAN_POINT('',(10.113248654052,8.));
#383 = CARTESIAN_POINT('',(7.226497308104,13.));
#384 = ( GEOMETRIC_REPRESENTATION_CONTEXT(2) 
PARAMETRIC_REPRESENTATION_CONTEXT() REPRESENTATION_CONTEXT('2D SPACE',''
  ) );
#385 = PCURVE('',#386,#391);
#386 = PLANE('',#387);
#387 = AXIS2_PLACEMENT_3D('',#388,#389,#390);
#388 = CARTESIAN_POINT('',(7.226497308104,13.,3.));
#389 = DIRECTION('',(0.866025403784,0.5,-0.));
#390 = DIRECTION('',(0.5,-0.866025403784,0.));
#391 = DEFINITIONAL_REPRESENTATION('',(#392),#395);
#392 = B_SPLINE_CURVE_WITH_KNOTS('',1,(#393,#394),.UNSPECIFIED.,.F.,.F.,
  (2,2),(-1.950961894323,3.822540797573),.PIECEWISE_BEZIER_KNOTS.);
#393 = CARTESIAN_POINT('',(5.773502691896,-5.));
#394 = CARTESIAN_POINT('',(0.,-5.));
#395 = ( GEOMETRIC_REPRESENTATION_CONTEXT(2) 
PARAMETRIC_REPRESENTATION_CONTEXT() REPRESENTATION_CONTEXT('2D SPACE',''
  ) );
#396 = ORIENTED_EDGE('',*,*,#397,.T.);
#397 = EDGE_CURVE('',#372,#266,#398,.T.);
#398 = SURFACE_CURVE('',#399,(#403,#409),.PCURVE_S1.);
#399 = LINE('',#400,#401);
#400 = CARTESIAN_POINT('',(4.951978255265,9.060417437701,8.));
#401 = VECTOR('',#402,1.);
#402 = DIRECTION('',(0.5,0.866025403784,-0.));
#403 = PCURVE('',#126,#404);
#404 = DEFINITIONAL_REPRESENTATION('',(#405),#408);
#405 = B_SPLINE_CURVE_WITH_KNOTS('',1,(#406,#407),.UNSPECIFIED.,.F.,.F.,
  (2,2),(4.549038105677,10.322540797573),.PIECEWISE_BEZIER_KNOTS.);
#406 = CARTESIAN_POINT('',(7.226497308104,13.));
#407 = CARTESIAN_POINT('',(10.113248654052,18.));
#408 = ( GEOMETRIC_REPRESENTATION_CONTEXT(2) 
PARAMETRIC_REPRESENTATION_CONTEXT() REPRESENTATION_CONTEXT('2D SPACE',''
  ) );
#409 = PCURVE('',#410,#415);
#410 = PLANE('',#411);
#411 = AXIS2_PLACEMENT_3D('',#412,#413,#414);
#412 = CARTESIAN_POINT('',(10.113248654052,18.,3.));
#413 = DIRECTION('',(0.866025403784,-0.5,0.));
#414 = DIRECTION('',(-0.5,-0.866025403784,0.));
#415 = DEFINITIONAL_REPRESENTATION('',(#416),#419);
#416 = B_SPLINE_CURVE_WITH_KNOTS('',1,(#417,#418),.UNSPECIFIED.,.F.,.F.,
  (2,2),(4.549038105677,10.322540797573),.PIECEWISE_BEZIER_KNOTS.);
#417 = CARTESIAN_POINT('',(5.773502691896,-5.));
#418 = CARTESIAN_POINT('',(0.,-5.));
#419 = ( GEOMETRIC_REPRESENTATION_CONTEXT(2) 
PARAMETRIC_REPRESENTATION_CONTEXT() REPRESENTATION_CONTEXT('2D SPACE',''
  ) );
#420 = FACE_BOUND('',#421,.T.);
#421 = EDGE_LOOP('',(#422,#450,#476,#502,#528,#554));
#422 = ORIENTED_EDGE('',*,*,#423,.T.);
#423 = EDGE_CURVE('',#424,#426,#428,.T.);
#424 = VERTEX_POINT('',#425);
#425 = CARTESIAN_POINT('',(28.055513627133,18.1,8.));
#426 = VERTEX_POINT('',#427);
#427 = CARTESIAN_POINT('',(33.944486372867,18.1,8.));
#428 = SURFACE_CURVE('',#429,(#433,#439),.PCURVE_S1.);
#429 = LINE('',#430,#431);
#430 = CARTESIAN_POINT('',(16.972243186434,18.1,8.));
#431 = VECTOR('',#432,1.);
#432 = DIRECTION('',(1.,-1.508206028536E-16,0.));
#433 = PCURVE('',#126,#434);
#434 = DEFINITIONAL_REPRESENTATION('',(#435),#438);
#435 = B_SPLINE_CURVE_WITH_KNOTS('',1,(#436,#437),.UNSPECIFIED.,.F.,.F.,
  (2,2),(11.083270440699,16.972243186434),.PIECEWISE_BEZIER_KNOTS.);
#436 = CARTESIAN_POINT('',(28.055513627133,18.1));
#437 = CARTESIAN_POINT('',(33.944486372867,18.1));
#438 = ( GEOMETRIC_REPRESENTATION_CONTEXT(2) 
PARAMETRIC_REPRESENTATION_CONTEXT() REPRESENTATION_CONTEXT('2D SPACE',''
  ) );
#439 = PCURVE('',#440,#445);
#440 = PLANE('',#441);
#441 = AXIS2_PLACEMENT_3D('',#442,#443,#444);
#442 = CARTESIAN_POINT('',(33.944486372867,18.1,3.));
#443 = DIRECTION('',(-1.508206028536E-16,-1.,0.));
#444 = DIRECTION('',(-1.,1.508206028536E-16,0.));
#445 = DEFINITIONAL_REPRESENTATION('',(#446),#449);
#446 = B_SPLINE_CURVE_WITH_KNOTS('',1,(#447,#448),.UNSPECIFIED.,.F.,.F.,
  (2,2),(11.083270440699,16.972243186434),.PIECEWISE_BEZIER_KNOTS.);
#447 = CARTESIAN_POINT('',(5.888972745734,-5.));
#448 = CARTESIAN_POINT('',(0.,-5.));
#449 = ( GEOMETRIC_REPRESENTATION_CONTEXT(2) 
PARAMETRIC_REPRESENTATION_CONTEXT() REPRESENTATION_CONTEXT('2D SPACE',''
  ) );
#450 = ORIENTED_EDGE('',*,*,#451,.T.);
#451 = EDGE_CURVE('',#426,#452,#454,.T.);
#452 = VERTEX_POINT('',#453);
#453 = CARTESIAN_POINT('',(36.888972745734,13.,8.));
#454 = SURFACE_CURVE('',#455,(#459,#465),.PCURVE_S1.);
#455 = LINE('',#456,#457);
#456 = CARTESIAN_POINT('',(35.092433714817,16.111696879329,8.));
#457 = VECTOR('',#458,1.);
#458 = DIRECTION('',(0.5,-0.866025403784,0.));
#459 = PCURVE('',#126,#460);
#460 = DEFINITIONAL_REPRESENTATION('',(#461),#464);
#461 = B_SPLINE_CURVE_WITH_KNOTS('',1,(#462,#463),.UNSPECIFIED.,.F.,.F.,
  (2,2),(-2.295894683899,3.593078061835),.PIECEWISE_BEZIER_KNOTS.);
#462 = CARTESIAN_POINT('',(33.944486372867,18.1));
#463 = CARTESIAN_POINT('',(36.888972745734,13.));
#464 = ( GEOMETRIC_REPRESENTATION_CONTEXT(2) 
PARAMETRIC_REPRESENTATION_CONTEXT() REPRESENTATION_CONTEXT('2D SPACE',''
  ) );
#465 = PCURVE('',#466,#471);
#466 = PLANE('',#467);
#467 = AXIS2_PLACEMENT_3D('',#468,#469,#470);
#468 = CARTESIAN_POINT('',(36.888972745734,13.,3.));
#469 = DIRECTION('',(-0.866025403784,-0.5,0.));
#470 = DIRECTION('',(-0.5,0.866025403784,0.));
#471 = DEFINITIONAL_REPRESENTATION('',(#472),#475);
#472 = B_SPLINE_CURVE_WITH_KNOTS('',1,(#473,#474),.UNSPECIFIED.,.F.,.F.,
  (2,2),(-2.295894683899,3.593078061835),.PIECEWISE_BEZIER_KNOTS.);
#473 = CARTESIAN_POINT('',(5.888972745734,-5.));
#474 = CARTESIAN_POINT('',(0.,-5.));
#475 = ( GEOMETRIC_REPRESENTATION_CONTEXT(2) 
PARAMETRIC_REPRESENTATION_CONTEXT() REPRESENTATION_CONTEXT('2D SPACE',''
  ) );
#476 = ORIENTED_EDGE('',*,*,#477,.T.);
#477 = EDGE_CURVE('',#452,#478,#480,.T.);
#478 = VERTEX_POINT('',#479);
#479 = CARTESIAN_POINT('',(33.944486372867,7.9,8.));
#480 = SURFACE_CURVE('',#481,(#485,#491),.PCURVE_S1.);
#481 = LINE('',#482,#483);
#482 = CARTESIAN_POINT('',(27.991025403784,-2.411696879329,8.));
#483 = VECTOR('',#484,1.);
#484 = DIRECTION('',(-0.5,-0.866025403784,0.));
#485 = PCURVE('',#126,#486);
#486 = DEFINITIONAL_REPRESENTATION('',(#487),#490);
#487 = B_SPLINE_CURVE_WITH_KNOTS('',1,(#488,#489),.UNSPECIFIED.,.F.,.F.,
  (2,2),(-17.79589468389,-11.90692193816),.PIECEWISE_BEZIER_KNOTS.);
#488 = CARTESIAN_POINT('',(36.888972745734,13.));
#489 = CARTESIAN_POINT('',(33.944486372867,7.9));
#490 = ( GEOMETRIC_REPRESENTATION_CONTEXT(2) 
PARAMETRIC_REPRESENTATION_CONTEXT() REPRESENTATION_CONTEXT('2D SPACE',''
  ) );
#491 = PCURVE('',#492,#497);
#492 = PLANE('',#493);
#493 = AXIS2_PLACEMENT_3D('',#494,#495,#496);
#494 = CARTESIAN_POINT('',(33.944486372867,7.9,3.));
#495 = DIRECTION('',(-0.866025403784,0.5,0.));
#496 = DIRECTION('',(0.5,0.866025403784,0.));
#497 = DEFINITIONAL_REPRESENTATION('',(#498),#501);
#498 = B_SPLINE_CURVE_WITH_KNOTS('',1,(#499,#500),.UNSPECIFIED.,.F.,.F.,
  (2,2),(-17.79589468389,-11.90692193816),.PIECEWISE_BEZIER_KNOTS.);
#499 = CARTESIAN_POINT('',(5.888972745734,-5.));
#500 = CARTESIAN_POINT('',(0.,-5.));
#501 = ( GEOMETRIC_REPRESENTATION_CONTEXT(2) 
PARAMETRIC_REPRESENTATION_CONTEXT() REPRESENTATION_CONTEXT('2D SPACE',''
  ) );
#502 = ORIENTED_EDGE('',*,*,#503,.T.);
#503 = EDGE_CURVE('',#478,#504,#506,.T.);
#504 = VERTEX_POINT('',#505);
#505 = CARTESIAN_POINT('',(28.055513627133,7.9,8.));
#506 = SURFACE_CURVE('',#507,(#511,#517),.PCURVE_S1.);
#507 = LINE('',#508,#509);
#508 = CARTESIAN_POINT('',(14.027756813566,7.9,8.));
#509 = VECTOR('',#510,1.);
#510 = DIRECTION('',(-1.,6.032824114145E-16,0.));
#511 = PCURVE('',#126,#512);
#512 = DEFINITIONAL_REPRESENTATION('',(#513),#516);
#513 = B_SPLINE_CURVE_WITH_KNOTS('',1,(#514,#515),.UNSPECIFIED.,.F.,.F.,
  (2,2),(-19.9167295593,-14.02775681356),.PIECEWISE_BEZIER_KNOTS.);
#514 = CARTESIAN_POINT('',(33.944486372867,7.9));
#515 = CARTESIAN_POINT('',(28.055513627133,7.9));
#516 = ( GEOMETRIC_REPRESENTATION_CONTEXT(2) 
PARAMETRIC_REPRESENTATION_CONTEXT() REPRESENTATION_CONTEXT('2D SPACE',''
  ) );
#517 = PCURVE('',#518,#523);
#518 = PLANE('',#519);
#519 = AXIS2_PLACEMENT_3D('',#520,#521,#522);
#520 = CARTESIAN_POINT('',(28.055513627133,7.9,3.));
#521 = DIRECTION('',(6.032824114145E-16,1.,-0.));
#522 = DIRECTION('',(1.,-6.032824114145E-16,0.));
#523 = DEFINITIONAL_REPRESENTATION('',(#524),#527);
#524 = B_SPLINE_CURVE_WITH_KNOTS('',1,(#525,#526),.UNSPECIFIED.,.F.,.F.,
  (2,2),(-19.9167295593,-14.02775681356),.PIECEWISE_BEZIER_KNOTS.);
#525 = CARTESIAN_POINT('',(5.888972745734,-5.));
#526 = CARTESIAN_POINT('',(0.,-5.));
#527 = ( GEOMETRIC_REPRESENTATION_CONTEXT(2) 
PARAMETRIC_REPRESENTATION_CONTEXT() REPRESENTATION_CONTEXT('2D SPACE',''
  ) );
#528 = ORIENTED_EDGE('',*,*,#529,.T.);
#529 = EDGE_CURVE('',#504,#530,#532,.T.);
#530 = VERTEX_POINT('',#531);
#531 = CARTESIAN_POINT('',(25.111027254266,13.,8.));
#532 = SURFACE_CURVE('',#533,(#537,#543),.PCURVE_S1.);
#533 = LINE('',#534,#535);
#534 = CARTESIAN_POINT('',(24.786731409782,13.561696879329,8.));
#535 = VECTOR('',#536,1.);
#536 = DIRECTION('',(-0.5,0.866025403784,0.));
#537 = PCURVE('',#126,#538);
#538 = DEFINITIONAL_REPRESENTATION('',(#539),#542);
#539 = B_SPLINE_CURVE_WITH_KNOTS('',1,(#540,#541),.UNSPECIFIED.,.F.,.F.,
  (2,2),(-6.537564434702,-0.648591688968),.PIECEWISE_BEZIER_KNOTS.);
#540 = CARTESIAN_POINT('',(28.055513627133,7.9));
#541 = CARTESIAN_POINT('',(25.111027254266,13.));
#542 = ( GEOMETRIC_REPRESENTATION_CONTEXT(2) 
PARAMETRIC_REPRESENTATION_CONTEXT() REPRESENTATION_CONTEXT('2D SPACE',''
  ) );
#543 = PCURVE('',#544,#549);
#544 = PLANE('',#545);
#545 = AXIS2_PLACEMENT_3D('',#546,#547,#548);
#546 = CARTESIAN_POINT('',(25.111027254266,13.,3.));
#547 = DIRECTION('',(0.866025403784,0.5,-0.));
#548 = DIRECTION('',(0.5,-0.866025403784,0.));
#549 = DEFINITIONAL_REPRESENTATION('',(#550),#553);
#550 = B_SPLINE_CURVE_WITH_KNOTS('',1,(#551,#552),.UNSPECIFIED.,.F.,.F.,
  (2,2),(-6.537564434702,-0.648591688968),.PIECEWISE_BEZIER_KNOTS.);
#551 = CARTESIAN_POINT('',(5.888972745734,-5.));
#552 = CARTESIAN_POINT('',(0.,-5.));
#553 = ( GEOMETRIC_REPRESENTATION_CONTEXT(2) 
PARAMETRIC_REPRESENTATION_CONTEXT() REPRESENTATION_CONTEXT('2D SPACE',''
  ) );
#554 = ORIENTED_EDGE('',*,*,#555,.T.);
#555 = EDGE_CURVE('',#530,#424,#556,.T.);
#556 = SURFACE_CURVE('',#557,(#561,#567),.PCURVE_S1.);
#557 = LINE('',#558,#559);
#558 = CARTESIAN_POINT('',(20.629809471617,5.238303120671,8.));
#559 = VECTOR('',#560,1.);
#560 = DIRECTION('',(0.5,0.866025403784,-0.));
#561 = PCURVE('',#126,#562);
#562 = DEFINITIONAL_REPRESENTATION('',(#563),#566);
#563 = B_SPLINE_CURVE_WITH_KNOTS('',1,(#564,#565),.UNSPECIFIED.,.F.,.F.,
  (2,2),(8.962435565298,14.851408311032),.PIECEWISE_BEZIER_KNOTS.);
#564 = CARTESIAN_POINT('',(25.111027254266,13.));
#565 = CARTESIAN_POINT('',(28.055513627133,18.1));
#566 = ( GEOMETRIC_REPRESENTATION_CONTEXT(2) 
PARAMETRIC_REPRESENTATION_CONTEXT() REPRESENTATION_CONTEXT('2D SPACE',''
  ) );
#567 = PCURVE('',#568,#573);
#568 = PLANE('',#569);
#569 = AXIS2_PLACEMENT_3D('',#570,#571,#572);
#570 = CARTESIAN_POINT('',(28.055513627133,18.1,3.));
#571 = DIRECTION('',(0.866025403784,-0.5,0.));
#572 = DIRECTION('',(-0.5,-0.866025403784,0.));
#573 = DEFINITIONAL_REPRESENTATION('',(#574),#577);
#574 = B_SPLINE_CURVE_WITH_KNOTS('',1,(#575,#576),.UNSPECIFIED.,.F.,.F.,
  (2,2),(8.962435565298,14.851408311032),.PIECEWISE_BEZIER_KNOTS.);
#575 = CARTESIAN_POINT('',(5.888972745734,-5.));
#576 = CARTESIAN_POINT('',(0.,-5.));
#577 = ( GEOMETRIC_REPRESENTATION_CONTEXT(2) 
PARAMETRIC_REPRESENTATION_CONTEXT() REPRESENTATION_CONTEXT('2D SPACE',''
  ) );
#578 = FACE_BOUND('',#579,.T.);
#579 = EDGE_LOOP('',(#580,#608,#634,#660,#686,#712));
#580 = ORIENTED_EDGE('',*,*,#581,.T.);
#581 = EDGE_CURVE('',#582,#584,#586,.T.);
#582 = VERTEX_POINT('',#583);
#583 = CARTESIAN_POINT('',(45.997778600214,18.2,8.));
#584 = VERTEX_POINT('',#585);
#585 = CARTESIAN_POINT('',(52.002221399786,18.2,8.));
#586 = SURFACE_CURVE('',#587,(#591,#597),.PCURVE_S1.);
#587 = LINE('',#588,#589);
#588 = CARTESIAN_POINT('',(26.001110699893,18.2,8.));
#589 = VECTOR('',#590,1.);
#590 = DIRECTION('',(1.,0.,-0.));
#591 = PCURVE('',#126,#592);
#592 = DEFINITIONAL_REPRESENTATION('',(#593),#596);
#593 = B_SPLINE_CURVE_WITH_KNOTS('',1,(#594,#595),.UNSPECIFIED.,.F.,.F.,
  (2,2),(19.996667900321,26.001110699893),.PIECEWISE_BEZIER_KNOTS.);
#594 = CARTESIAN_POINT('',(45.997778600214,18.2));
#595 = CARTESIAN_POINT('',(52.002221399786,18.2));
#596 = ( GEOMETRIC_REPRESENTATION_CONTEXT(2) 
PARAMETRIC_REPRESENTATION_CONTEXT() REPRESENTATION_CONTEXT('2D SPACE',''
  ) );
#597 = PCURVE('',#598,#603);
#598 = PLANE('',#599);
#599 = AXIS2_PLACEMENT_3D('',#600,#601,#602);
#600 = CARTESIAN_POINT('',(52.002221399786,18.2,3.));
#601 = DIRECTION('',(0.,-1.,0.));
#602 = DIRECTION('',(-1.,0.,0.));
#603 = DEFINITIONAL_REPRESENTATION('',(#604),#607);
#604 = B_SPLINE_CURVE_WITH_KNOTS('',1,(#605,#606),.UNSPECIFIED.,.F.,.F.,
  (2,2),(19.996667900321,26.001110699893),.PIECEWISE_BEZIER_KNOTS.);
#605 = CARTESIAN_POINT('',(6.004442799572,-5.));
#606 = CARTESIAN_POINT('',(0.,-5.));
#607 = ( GEOMETRIC_REPRESENTATION_CONTEXT(2) 
PARAMETRIC_REPRESENTATION_CONTEXT() REPRESENTATION_CONTEXT('2D SPACE',''
  ) );
#608 = ORIENTED_EDGE('',*,*,#609,.T.);
#609 = EDGE_CURVE('',#584,#610,#612,.T.);
#610 = VERTEX_POINT('',#611);
#611 = CARTESIAN_POINT('',(55.004442799572,13.,8.));
#612 = SURFACE_CURVE('',#613,(#617,#623),.PCURVE_S1.);
#613 = LINE('',#614,#615);
#614 = CARTESIAN_POINT('',(50.943470011925,20.033811196359,8.));
#615 = VECTOR('',#616,1.);
#616 = DIRECTION('',(0.5,-0.866025403784,0.));
#617 = PCURVE('',#126,#618);
#618 = DEFINITIONAL_REPRESENTATION('',(#619),#622);
#619 = B_SPLINE_CURVE_WITH_KNOTS('',1,(#620,#621),.UNSPECIFIED.,.F.,.F.,
  (2,2),(2.117502775722,8.121945575294),.PIECEWISE_BEZIER_KNOTS.);
#620 = CARTESIAN_POINT('',(52.002221399786,18.2));
#621 = CARTESIAN_POINT('',(55.004442799572,13.));
#622 = ( GEOMETRIC_REPRESENTATION_CONTEXT(2) 
PARAMETRIC_REPRESENTATION_CONTEXT() REPRESENTATION_CONTEXT('2D SPACE',''
  ) );
#623 = PCURVE('',#624,#629);
#624 = PLANE('',#625);
#625 = AXIS2_PLACEMENT_3D('',#626,#627,#628);
#626 = CARTESIAN_POINT('',(55.004442799572,13.,3.));
#627 = DIRECTION('',(-0.866025403784,-0.5,0.));
#628 = DIRECTION('',(-0.5,0.866025403784,0.));
#629 = DEFINITIONAL_REPRESENTATION('',(#630),#633);
#630 = B_SPLINE_CURVE_WITH_KNOTS('',1,(#631,#632),.UNSPECIFIED.,.F.,.F.,
  (2,2),(2.117502775722,8.121945575294),.PIECEWISE_BEZIER_KNOTS.);
#631 = CARTESIAN_POINT('',(6.004442799572,-5.));
#632 = CARTESIAN_POINT('',(0.,-5.));
#633 = ( GEOMETRIC_REPRESENTATION_CONTEXT(2) 
PARAMETRIC_REPRESENTATION_CONTEXT() REPRESENTATION_CONTEXT('2D SPACE',''
  ) );
#634 = ORIENTED_EDGE('',*,*,#635,.T.);
#635 = EDGE_CURVE('',#610,#636,#638,.T.);
#636 = VERTEX_POINT('',#637);
#637 = CARTESIAN_POINT('',(52.002221399786,7.8,8.));
#638 = SURFACE_CURVE('',#639,(#643,#649),.PCURVE_S1.);
#639 = LINE('',#640,#641);
#640 = CARTESIAN_POINT('',(43.813194187433,-6.383811196359,8.));
#641 = VECTOR('',#642,1.);
#642 = DIRECTION('',(-0.5,-0.866025403784,0.));
#643 = PCURVE('',#126,#644);
#644 = DEFINITIONAL_REPRESENTATION('',(#645),#648);
#645 = B_SPLINE_CURVE_WITH_KNOTS('',1,(#646,#647),.UNSPECIFIED.,.F.,.F.,
  (2,2),(-22.38249722427,-16.3780544247),.PIECEWISE_BEZIER_KNOTS.);
#646 = CARTESIAN_POINT('',(55.004442799572,13.));
#647 = CARTESIAN_POINT('',(52.002221399786,7.8));
#648 = ( GEOMETRIC_REPRESENTATION_CONTEXT(2) 
PARAMETRIC_REPRESENTATION_CONTEXT() REPRESENTATION_CONTEXT('2D SPACE',''
  ) );
#649 = PCURVE('',#650,#655);
#650 = PLANE('',#651);
#651 = AXIS2_PLACEMENT_3D('',#652,#653,#654);
#652 = CARTESIAN_POINT('',(52.002221399786,7.8,3.));
#653 = DIRECTION('',(-0.866025403784,0.5,0.));
#654 = DIRECTION('',(0.5,0.866025403784,0.));
#655 = DEFINITIONAL_REPRESENTATION('',(#656),#659);
#656 = B_SPLINE_CURVE_WITH_KNOTS('',1,(#657,#658),.UNSPECIFIED.,.F.,.F.,
  (2,2),(-22.38249722427,-16.3780544247),.PIECEWISE_BEZIER_KNOTS.);
#657 = CARTESIAN_POINT('',(6.004442799572,-5.));
#658 = CARTESIAN_POINT('',(0.,-5.));
#659 = ( GEOMETRIC_REPRESENTATION_CONTEXT(2) 
PARAMETRIC_REPRESENTATION_CONTEXT() REPRESENTATION_CONTEXT('2D SPACE',''
  ) );
#660 = ORIENTED_EDGE('',*,*,#661,.T.);
#661 = EDGE_CURVE('',#636,#662,#664,.T.);
#662 = VERTEX_POINT('',#663);
#663 = CARTESIAN_POINT('',(45.997778600214,7.8,8.));
#664 = SURFACE_CURVE('',#665,(#669,#675),.PCURVE_S1.);
#665 = LINE('',#666,#667);
#666 = CARTESIAN_POINT('',(22.998889300107,7.8,8.));
#667 = VECTOR('',#668,1.);
#668 = DIRECTION('',(-1.,5.916808265796E-16,0.));
#669 = PCURVE('',#126,#670);
#670 = DEFINITIONAL_REPRESENTATION('',(#671),#674);
#671 = B_SPLINE_CURVE_WITH_KNOTS('',1,(#672,#673),.UNSPECIFIED.,.F.,.F.,
  (2,2),(-29.00333209967,-22.9988893001),.PIECEWISE_BEZIER_KNOTS.);
#672 = CARTESIAN_POINT('',(52.002221399786,7.8));
#673 = CARTESIAN_POINT('',(45.997778600214,7.8));
#674 = ( GEOMETRIC_REPRESENTATION_CONTEXT(2) 
PARAMETRIC_REPRESENTATION_CONTEXT() REPRESENTATION_CONTEXT('2D SPACE',''
  ) );
#675 = PCURVE('',#676,#681);
#676 = PLANE('',#677);
#677 = AXIS2_PLACEMENT_3D('',#678,#679,#680);
#678 = CARTESIAN_POINT('',(45.997778600214,7.8,3.));
#679 = DIRECTION('',(5.916808265796E-16,1.,-0.));
#680 = DIRECTION('',(1.,-5.916808265796E-16,0.));
#681 = DEFINITIONAL_REPRESENTATION('',(#682),#685);
#682 = B_SPLINE_CURVE_WITH_KNOTS('',1,(#683,#684),.UNSPECIFIED.,.F.,.F.,
  (2,2),(-29.00333209967,-22.9988893001),.PIECEWISE_BEZIER_KNOTS.);
#683 = CARTESIAN_POINT('',(6.004442799572,-5.));
#684 = CARTESIAN_POINT('',(0.,-5.));
#685 = ( GEOMETRIC_REPRESENTATION_CONTEXT(2) 
PARAMETRIC_REPRESENTATION_CONTEXT() REPRESENTATION_CONTEXT('2D SPACE',''
  ) );
#686 = ORIENTED_EDGE('',*,*,#687,.T.);
#687 = EDGE_CURVE('',#662,#688,#690,.T.);
#688 = VERTEX_POINT('',#689);
#689 = CARTESIAN_POINT('',(42.995557200428,13.,8.));
#690 = SURFACE_CURVE('',#691,(#695,#701),.PCURVE_S1.);
#691 = LINE('',#692,#693);
#692 = CARTESIAN_POINT('',(40.435695112674,17.433811196359,8.));
#693 = VECTOR('',#694,1.);
#694 = DIRECTION('',(-0.5,0.866025403784,0.));
#695 = PCURVE('',#126,#696);
#696 = DEFINITIONAL_REPRESENTATION('',(#697),#700);
#697 = B_SPLINE_CURVE_WITH_KNOTS('',1,(#698,#699),.UNSPECIFIED.,.F.,.F.,
  (2,2),(-11.12416697508,-5.119724175508),.PIECEWISE_BEZIER_KNOTS.);
#698 = CARTESIAN_POINT('',(45.997778600214,7.8));
#699 = CARTESIAN_POINT('',(42.995557200428,13.));
#700 = ( GEOMETRIC_REPRESENTATION_CONTEXT(2) 
PARAMETRIC_REPRESENTATION_CONTEXT() REPRESENTATION_CONTEXT('2D SPACE',''
  ) );
#701 = PCURVE('',#702,#707);
#702 = PLANE('',#703);
#703 = AXIS2_PLACEMENT_3D('',#704,#705,#706);
#704 = CARTESIAN_POINT('',(42.995557200428,13.,3.));
#705 = DIRECTION('',(0.866025403784,0.5,-0.));
#706 = DIRECTION('',(0.5,-0.866025403784,0.));
#707 = DEFINITIONAL_REPRESENTATION('',(#708),#711);
#708 = B_SPLINE_CURVE_WITH_KNOTS('',1,(#709,#710),.UNSPECIFIED.,.F.,.F.,
  (2,2),(-11.12416697508,-5.119724175508),.PIECEWISE_BEZIER_KNOTS.);
#709 = CARTESIAN_POINT('',(6.004442799572,-5.));
#710 = CARTESIAN_POINT('',(0.,-5.));
#711 = ( GEOMETRIC_REPRESENTATION_CONTEXT(2) 
PARAMETRIC_REPRESENTATION_CONTEXT() REPRESENTATION_CONTEXT('2D SPACE',''
  ) );
#712 = ORIENTED_EDGE('',*,*,#713,.T.);
#713 = EDGE_CURVE('',#688,#582,#714,.T.);
#714 = SURFACE_CURVE('',#715,(#719,#725),.PCURVE_S1.);
#715 = LINE('',#716,#717);
#716 = CARTESIAN_POINT('',(36.307640687968,1.416188803641,8.));
#717 = VECTOR('',#718,1.);
#718 = DIRECTION('',(0.5,0.866025403784,-0.));
#719 = PCURVE('',#126,#720);
#720 = DEFINITIONAL_REPRESENTATION('',(#721),#724);
#721 = B_SPLINE_CURVE_WITH_KNOTS('',1,(#722,#723),.UNSPECIFIED.,.F.,.F.,
  (2,2),(13.37583302492,19.380275824492),.PIECEWISE_BEZIER_KNOTS.);
#722 = CARTESIAN_POINT('',(42.995557200428,13.));
#723 = CARTESIAN_POINT('',(45.997778600214,18.2));
#724 = ( GEOMETRIC_REPRESENTATION_CONTEXT(2) 
PARAMETRIC_REPRESENTATION_CONTEXT() REPRESENTATION_CONTEXT('2D SPACE',''
  ) );
#725 = PCURVE('',#726,#731);
#726 = PLANE('',#727);
#727 = AXIS2_PLACEMENT_3D('',#728,#729,#730);
#728 = CARTESIAN_POINT('',(45.997778600214,18.2,3.));
#729 = DIRECTION('',(0.866025403784,-0.5,0.));
#730 = DIRECTION('',(-0.5,-0.866025403784,0.));
#731 = DEFINITIONAL_REPRESENTATION('',(#732),#735);
#732 = B_SPLINE_CURVE_WITH_KNOTS('',1,(#733,#734),.UNSPECIFIED.,.F.,.F.,
  (2,2),(13.37583302492,19.380275824492),.PIECEWISE_BEZIER_KNOTS.);
#733 = CARTESIAN_POINT('',(6.004442799572,-5.));
#734 = CARTESIAN_POINT('',(0.,-5.));
#735 = ( GEOMETRIC_REPRESENTATION_CONTEXT(2) 
PARAMETRIC_REPRESENTATION_CONTEXT() REPRESENTATION_CONTEXT('2D SPACE',''
  ) );
#736 = FACE_BOUND('',#737,.T.);
#737 = EDGE_LOOP('',(#738,#766,#792,#818,#844,#870));
#738 = ORIENTED_EDGE('',*,*,#739,.T.);
#739 = EDGE_CURVE('',#740,#742,#744,.T.);
#740 = VERTEX_POINT('',#741);
#741 = CARTESIAN_POINT('',(63.940043573295,18.3,8.));
#742 = VERTEX_POINT('',#743);
#743 = CARTESIAN_POINT('',(70.059956426705,18.3,8.));
#744 = SURFACE_CURVE('',#745,(#749,#755),.PCURVE_S1.);
#745 = LINE('',#746,#747);
#746 = CARTESIAN_POINT('',(35.029978213353,18.3,8.));
#747 = VECTOR('',#748,1.);
#748 = DIRECTION('',(1.,-1.451292593497E-16,0.));
#749 = PCURVE('',#126,#750);
#750 = DEFINITIONAL_REPRESENTATION('',(#751),#754);
#751 = B_SPLINE_CURVE_WITH_KNOTS('',1,(#752,#753),.UNSPECIFIED.,.F.,.F.,
  (2,2),(28.910065359942,35.029978213353),.PIECEWISE_BEZIER_KNOTS.);
#752 = CARTESIAN_POINT('',(63.940043573295,18.3));
#753 = CARTESIAN_POINT('',(70.059956426705,18.3));
#754 = ( GEOMETRIC_REPRESENTATION_CONTEXT(2) 
PARAMETRIC_REPRESENTATION_CONTEXT() REPRESENTATION_CONTEXT('2D SPACE',''
  ) );
#755 = PCURVE('',#756,#761);
#756 = PLANE('',#757);
#757 = AXIS2_PLACEMENT_3D('',#758,#759,#760);
#758 = CARTESIAN_POINT('',(70.059956426705,18.3,3.));
#759 = DIRECTION('',(-1.451292593497E-16,-1.,0.));
#760 = DIRECTION('',(-1.,1.451292593497E-16,0.));
#761 = DEFINITIONAL_REPRESENTATION('',(#762),#765);
#762 = B_SPLINE_CURVE_WITH_KNOTS('',1,(#763,#764),.UNSPECIFIED.,.F.,.F.,
  (2,2),(28.910065359942,35.029978213353),.PIECEWISE_BEZIER_KNOTS.);
#763 = CARTESIAN_POINT('',(6.11991285341,-5.));
#764 = CARTESIAN_POINT('',(0.,-5.));
#765 = ( GEOMETRIC_REPRESENTATION_CONTEXT(2) 
PARAMETRIC_REPRESENTATION_CONTEXT() REPRESENTATION_CONTEXT('2D SPACE',''
  ) );
#766 = ORIENTED_EDGE('',*,*,#767,.T.);
#767 = EDGE_CURVE('',#742,#768,#770,.T.);
#768 = VERTEX_POINT('',#769);
#769 = CARTESIAN_POINT('',(73.11991285341,13.,8.));
#770 = SURFACE_CURVE('',#771,(#775,#781),.PCURVE_S1.);
#771 = LINE('',#772,#773);
#772 = CARTESIAN_POINT('',(66.794506309033,23.955925513389,8.));
#773 = VECTOR('',#774,1.);
#774 = DIRECTION('',(0.5,-0.866025403784,0.));
#775 = PCURVE('',#126,#776);
#776 = DEFINITIONAL_REPRESENTATION('',(#777),#780);
#777 = B_SPLINE_CURVE_WITH_KNOTS('',1,(#778,#779),.UNSPECIFIED.,.F.,.F.,
  (2,2),(6.530900235344,12.650813088754),.PIECEWISE_BEZIER_KNOTS.);
#778 = CARTESIAN_POINT('',(70.059956426705,18.3));
#779 = CARTESIAN_POINT('',(73.11991285341,13.));
#780 = ( GEOMETRIC_REPRESENTATION_CONTEXT(2) 
PARAMETRIC_REPRESENTATION_CONTEXT() REPRESENTATION_CONTEXT('2D SPACE',''
  ) );
#781 = PCURVE('',#782,#787);
#782 = PLANE('',#783);
#783 = AXIS2_PLACEMENT_3D('',#784,#785,#786);
#784 = CARTESIAN_POINT('',(73.11991285341,13.,3.));
#785 = DIRECTION('',(-0.866025403784,-0.5,0.));
#786 = DIRECTION('',(-0.5,0.866025403784,0.));
#787 = DEFINITIONAL_REPRESENTATION('',(#788),#791);
#788 = B_SPLINE_CURVE_WITH_KNOTS('',1,(#789,#790),.UNSPECIFIED.,.F.,.F.,
  (2,2),(6.530900235344,12.650813088754),.PIECEWISE_BEZIER_KNOTS.);
#789 = CARTESIAN_POINT('',(6.11991285341,-5.));
#790 = CARTESIAN_POINT('',(0.,-5.));
#791 = ( GEOMETRIC_REPRESENTATION_CONTEXT(2) 
PARAMETRIC_REPRESENTATION_CONTEXT() REPRESENTATION_CONTEXT('2D SPACE',''
  ) );
#792 = ORIENTED_EDGE('',*,*,#793,.T.);
#793 = EDGE_CURVE('',#768,#794,#796,.T.);
#794 = VERTEX_POINT('',#795);
#795 = CARTESIAN_POINT('',(70.059956426705,7.7,8.));
#796 = SURFACE_CURVE('',#797,(#801,#807),.PCURVE_S1.);
#797 = LINE('',#798,#799);
#798 = CARTESIAN_POINT('',(59.635362971082,-10.35592551338,8.));
#799 = VECTOR('',#800,1.);
#800 = DIRECTION('',(-0.5,-0.866025403784,0.));
#801 = PCURVE('',#126,#802);
#802 = DEFINITIONAL_REPRESENTATION('',(#803),#806);
#803 = B_SPLINE_CURVE_WITH_KNOTS('',1,(#804,#805),.UNSPECIFIED.,.F.,.F.,
  (2,2),(-26.96909976465,-20.84918691124),.PIECEWISE_BEZIER_KNOTS.);
#804 = CARTESIAN_POINT('',(73.11991285341,13.));
#805 = CARTESIAN_POINT('',(70.059956426705,7.7));
#806 = ( GEOMETRIC_REPRESENTATION_CONTEXT(2) 
PARAMETRIC_REPRESENTATION_CONTEXT() REPRESENTATION_CONTEXT('2D SPACE',''
  ) );
#807 = PCURVE('',#808,#813);
#808 = PLANE('',#809);
#809 = AXIS2_PLACEMENT_3D('',#810,#811,#812);
#810 = CARTESIAN_POINT('',(70.059956426705,7.7,3.));
#811 = DIRECTION('',(-0.866025403784,0.5,0.));
#812 = DIRECTION('',(0.5,0.866025403784,0.));
#813 = DEFINITIONAL_REPRESENTATION('',(#814),#817);
#814 = B_SPLINE_CURVE_WITH_KNOTS('',1,(#815,#816),.UNSPECIFIED.,.F.,.F.,
  (2,2),(-26.96909976465,-20.84918691124),.PIECEWISE_BEZIER_KNOTS.);
#815 = CARTESIAN_POINT('',(6.11991285341,-5.));
#816 = CARTESIAN_POINT('',(0.,-5.));
#817 = ( GEOMETRIC_REPRESENTATION_CONTEXT(2) 
PARAMETRIC_REPRESENTATION_CONTEXT() REPRESENTATION_CONTEXT('2D SPACE',''
  ) );
#818 = ORIENTED_EDGE('',*,*,#819,.T.);
#819 = EDGE_CURVE('',#794,#820,#822,.T.);
#820 = VERTEX_POINT('',#821);
#821 = CARTESIAN_POINT('',(63.940043573295,7.7,8.));
#822 = SURFACE_CURVE('',#823,(#827,#833),.PCURVE_S1.);
#823 = LINE('',#824,#825);
#824 = CARTESIAN_POINT('',(31.970021786647,7.7,8.));
#825 = VECTOR('',#826,1.);
#826 = DIRECTION('',(-1.,4.353877780491E-16,0.));
#827 = PCURVE('',#126,#828);
#828 = DEFINITIONAL_REPRESENTATION('',(#829),#832);
#829 = B_SPLINE_CURVE_WITH_KNOTS('',1,(#830,#831),.UNSPECIFIED.,.F.,.F.,
  (2,2),(-38.08993464005,-31.97002178664),.PIECEWISE_BEZIER_KNOTS.);
#830 = CARTESIAN_POINT('',(70.059956426705,7.7));
#831 = CARTESIAN_POINT('',(63.940043573295,7.7));
#832 = ( GEOMETRIC_REPRESENTATION_CONTEXT(2) 
PARAMETRIC_REPRESENTATION_CONTEXT() REPRESENTATION_CONTEXT('2D SPACE',''
  ) );
#833 = PCURVE('',#834,#839);
#834 = PLANE('',#835);
#835 = AXIS2_PLACEMENT_3D('',#836,#837,#838);
#836 = CARTESIAN_POINT('',(63.940043573295,7.7,3.));
#837 = DIRECTION('',(4.353877780491E-16,1.,-0.));
#838 = DIRECTION('',(1.,-4.353877780491E-16,0.));
#839 = DEFINITIONAL_REPRESENTATION('',(#840),#843);
#840 = B_SPLINE_CURVE_WITH_KNOTS('',1,(#841,#842),.UNSPECIFIED.,.F.,.F.,
  (2,2),(-38.08993464005,-31.97002178664),.PIECEWISE_BEZIER_KNOTS.);
#841 = CARTESIAN_POINT('',(6.11991285341,-5.));
#842 = CARTESIAN_POINT('',(0.,-5.));
#843 = ( GEOMETRIC_REPRESENTATION_CONTEXT(2) 
PARAMETRIC_REPRESENTATION_CONTEXT() REPRESENTATION_CONTEXT('2D SPACE',''
  ) );
#844 = ORIENTED_EDGE('',*,*,#845,.T.);
#845 = EDGE_CURVE('',#820,#846,#848,.T.);
#846 = VERTEX_POINT('',#847);
#847 = CARTESIAN_POINT('',(60.88008714659,13.,8.));
#848 = SURFACE_CURVE('',#849,(#853,#859),.PCURVE_S1.);
#849 = LINE('',#850,#851);
#850 = CARTESIAN_POINT('',(56.084658815566,21.305925513389,8.));
#851 = VECTOR('',#852,1.);
#852 = DIRECTION('',(-0.5,0.866025403784,0.));
#853 = PCURVE('',#126,#854);
#854 = DEFINITIONAL_REPRESENTATION('',(#855),#858);
#855 = B_SPLINE_CURVE_WITH_KNOTS('',1,(#856,#857),.UNSPECIFIED.,.F.,.F.,
  (2,2),(-15.71076951545,-9.590856662049),.PIECEWISE_BEZIER_KNOTS.);
#856 = CARTESIAN_POINT('',(63.940043573295,7.7));
#857 = CARTESIAN_POINT('',(60.88008714659,13.));
#858 = ( GEOMETRIC_REPRESENTATION_CONTEXT(2) 
PARAMETRIC_REPRESENTATION_CONTEXT() REPRESENTATION_CONTEXT('2D SPACE',''
  ) );
#859 = PCURVE('',#860,#865);
#860 = PLANE('',#861);
#861 = AXIS2_PLACEMENT_3D('',#862,#863,#864);
#862 = CARTESIAN_POINT('',(60.88008714659,13.,3.));
#863 = DIRECTION('',(0.866025403784,0.5,-0.));
#864 = DIRECTION('',(0.5,-0.866025403784,0.));
#865 = DEFINITIONAL_REPRESENTATION('',(#866),#869);
#866 = B_SPLINE_CURVE_WITH_KNOTS('',1,(#867,#868),.UNSPECIFIED.,.F.,.F.,
  (2,2),(-15.71076951545,-9.590856662049),.PIECEWISE_BEZIER_KNOTS.);
#867 = CARTESIAN_POINT('',(6.11991285341,-5.));
#868 = CARTESIAN_POINT('',(0.,-5.));
#869 = ( GEOMETRIC_REPRESENTATION_CONTEXT(2) 
PARAMETRIC_REPRESENTATION_CONTEXT() REPRESENTATION_CONTEXT('2D SPACE',''
  ) );
#870 = ORIENTED_EDGE('',*,*,#871,.T.);
#871 = EDGE_CURVE('',#846,#740,#872,.T.);
#872 = SURFACE_CURVE('',#873,(#877,#883),.PCURVE_S1.);
#873 = LINE('',#874,#875);
#874 = CARTESIAN_POINT('',(51.985471904319,-2.405925513389,8.));
#875 = VECTOR('',#876,1.);
#876 = DIRECTION('',(0.5,0.866025403784,-0.));
#877 = PCURVE('',#126,#878);
#878 = DEFINITIONAL_REPRESENTATION('',(#879),#882);
#879 = B_SPLINE_CURVE_WITH_KNOTS('',1,(#880,#881),.UNSPECIFIED.,.F.,.F.,
  (2,2),(17.789230484541,23.909143337951),.PIECEWISE_BEZIER_KNOTS.);
#880 = CARTESIAN_POINT('',(60.88008714659,13.));
#881 = CARTESIAN_POINT('',(63.940043573295,18.3));
#882 = ( GEOMETRIC_REPRESENTATION_CONTEXT(2) 
PARAMETRIC_REPRESENTATION_CONTEXT() REPRESENTATION_CONTEXT('2D SPACE',''
  ) );
#883 = PCURVE('',#884,#889);
#884 = PLANE('',#885);
#885 = AXIS2_PLACEMENT_3D('',#886,#887,#888);
#886 = CARTESIAN_POINT('',(63.940043573295,18.3,3.));
#887 = DIRECTION('',(0.866025403784,-0.5,0.));
#888 = DIRECTION('',(-0.5,-0.866025403784,0.));
#889 = DEFINITIONAL_REPRESENTATION('',(#890),#893);
#890 = B_SPLINE_CURVE_WITH_KNOTS('',1,(#891,#892),.UNSPECIFIED.,.F.,.F.,
  (2,2),(17.789230484541,23.909143337951),.PIECEWISE_BEZIER_KNOTS.);
#891 = CARTESIAN_POINT('',(6.11991285341,-5.));
#892 = CARTESIAN_POINT('',(0.,-5.));
#893 = ( GEOMETRIC_REPRESENTATION_CONTEXT(2) 
PARAMETRIC_REPRESENTATION_CONTEXT() REPRESENTATION_CONTEXT('2D SPACE',''
  ) );
#894 = ADVANCED_FACE('',(#895),#100,.T.);
#895 = FACE_BOUND('',#896,.T.);
#896 = EDGE_LOOP('',(#897,#920,#921,#922));
#897 = ORIENTED_EDGE('',*,*,#898,.F.);
#898 = EDGE_CURVE('',#57,#899,#901,.T.);
#899 = VERTEX_POINT('',#900);
#900 = CARTESIAN_POINT('',(80.,26.,0.));
#901 = SURFACE_CURVE('',#902,(#906,#913),.PCURVE_S1.);
#902 = LINE('',#903,#904);
#903 = CARTESIAN_POINT('',(0.,26.,0.));
#904 = VECTOR('',#905,1.);
#905 = DIRECTION('',(1.,0.,0.));
#906 = PCURVE('',#100,#907);
#907 = DEFINITIONAL_REPRESENTATION('',(#908),#912);
#908 = LINE('',#909,#910);
#909 = CARTESIAN_POINT('',(0.,0.));
#910 = VECTOR('',#911,1.);
#911 = DIRECTION('',(0.,1.));
#912 = ( GEOMETRIC_REPRESENTATION_CONTEXT(2) 
PARAMETRIC_REPRESENTATION_CONTEXT() REPRESENTATION_CONTEXT('2D SPACE',''
  ) );
#913 = PCURVE('',#72,#914);
#914 = DEFINITIONAL_REPRESENTATION('',(#915),#919);
#915 = LINE('',#916,#917);
#916 = CARTESIAN_POINT('',(0.,26.));
#917 = VECTOR('',#918,1.);
#918 = DIRECTION('',(1.,0.));
#919 = ( GEOMETRIC_REPRESENTATION_CONTEXT(2) 
PARAMETRIC_REPRESENTATION_CONTEXT() REPRESENTATION_CONTEXT('2D SPACE',''
  ) );
#920 = ORIENTED_EDGE('',*,*,#84,.T.);
#921 = ORIENTED_EDGE('',*,*,#242,.T.);
#922 = ORIENTED_EDGE('',*,*,#923,.F.);
#923 = EDGE_CURVE('',#899,#220,#924,.T.);
#924 = SURFACE_CURVE('',#925,(#929,#936),.PCURVE_S1.);
#925 = LINE('',#926,#927);
#926 = CARTESIAN_POINT('',(80.,26.,0.));
#927 = VECTOR('',#928,1.);
#928 = DIRECTION('',(0.,0.,1.));
#929 = PCURVE('',#100,#930);
#930 = DEFINITIONAL_REPRESENTATION('',(#931),#935);
#931 = LINE('',#932,#933);
#932 = CARTESIAN_POINT('',(0.,80.));
#933 = VECTOR('',#934,1.);
#934 = DIRECTION('',(1.,0.));
#935 = ( GEOMETRIC_REPRESENTATION_CONTEXT(2) 
PARAMETRIC_REPRESENTATION_CONTEXT() REPRESENTATION_CONTEXT('2D SPACE',''
  ) );
#936 = PCURVE('',#202,#937);
#937 = DEFINITIONAL_REPRESENTATION('',(#938),#942);
#938 = LINE('',#939,#940);
#939 = CARTESIAN_POINT('',(0.,-26.));
#940 = VECTOR('',#941,1.);
#941 = DIRECTION('',(1.,0.));
#942 = ( GEOMETRIC_REPRESENTATION_CONTEXT(2) 
PARAMETRIC_REPRESENTATION_CONTEXT() REPRESENTATION_CONTEXT('2D SPACE',''
  ) );
#943 = ADVANCED_FACE('',(#944),#72,.F.);
#944 = FACE_BOUND('',#945,.F.);
#945 = EDGE_LOOP('',(#946,#947,#948,#969));
#946 = ORIENTED_EDGE('',*,*,#56,.F.);
#947 = ORIENTED_EDGE('',*,*,#141,.T.);
#948 = ORIENTED_EDGE('',*,*,#949,.T.);
#949 = EDGE_CURVE('',#142,#899,#950,.T.);
#950 = SURFACE_CURVE('',#951,(#955,#962),.PCURVE_S1.);
#951 = LINE('',#952,#953);
#952 = CARTESIAN_POINT('',(80.,0.,0.));
#953 = VECTOR('',#954,1.);
#954 = DIRECTION('',(0.,1.,0.));
#955 = PCURVE('',#72,#956);
#956 = DEFINITIONAL_REPRESENTATION('',(#957),#961);
#957 = LINE('',#958,#959);
#958 = CARTESIAN_POINT('',(80.,0.));
#959 = VECTOR('',#960,1.);
#960 = DIRECTION('',(0.,1.));
#961 = ( GEOMETRIC_REPRESENTATION_CONTEXT(2) 
PARAMETRIC_REPRESENTATION_CONTEXT() REPRESENTATION_CONTEXT('2D SPACE',''
  ) );
#962 = PCURVE('',#202,#963);
#963 = DEFINITIONAL_REPRESENTATION('',(#964),#968);
#964 = LINE('',#965,#966);
#965 = CARTESIAN_POINT('',(0.,0.));
#966 = VECTOR('',#967,1.);
#967 = DIRECTION('',(0.,-1.));
#968 = ( GEOMETRIC_REPRESENTATION_CONTEXT(2) 
PARAMETRIC_REPRESENTATION_CONTEXT() REPRESENTATION_CONTEXT('2D SPACE',''
  ) );
#969 = ORIENTED_EDGE('',*,*,#898,.F.);
#970 = ADVANCED_FACE('',(#971),#202,.T.);
#971 = FACE_BOUND('',#972,.T.);
#972 = EDGE_LOOP('',(#973,#974,#975,#976));
#973 = ORIENTED_EDGE('',*,*,#188,.F.);
#974 = ORIENTED_EDGE('',*,*,#949,.T.);
#975 = ORIENTED_EDGE('',*,*,#923,.T.);
#976 = ORIENTED_EDGE('',*,*,#219,.F.);
#977 = ADVANCED_FACE('',(#978),#282,.T.);
#978 = FACE_BOUND('',#979,.T.);
#979 = EDGE_LOOP('',(#980,#1010,#1031,#1032));
#980 = ORIENTED_EDGE('',*,*,#981,.F.);
#981 = EDGE_CURVE('',#982,#984,#986,.T.);
#982 = VERTEX_POINT('',#983);
#983 = CARTESIAN_POINT('',(15.886751345948,18.,3.));
#984 = VERTEX_POINT('',#985);
#985 = CARTESIAN_POINT('',(10.113248654052,18.,3.));
#986 = SURFACE_CURVE('',#987,(#991,#998),.PCURVE_S1.);
#987 = LINE('',#988,#989);
#988 = CARTESIAN_POINT('',(15.886751345948,18.,3.));
#989 = VECTOR('',#990,1.);
#990 = DIRECTION('',(-1.,1.538370149107E-16,0.));
#991 = PCURVE('',#282,#992);
#992 = DEFINITIONAL_REPRESENTATION('',(#993),#997);
#993 = LINE('',#994,#995);
#994 = CARTESIAN_POINT('',(0.,0.));
#995 = VECTOR('',#996,1.);
#996 = DIRECTION('',(1.,0.));
#997 = ( GEOMETRIC_REPRESENTATION_CONTEXT(2) 
PARAMETRIC_REPRESENTATION_CONTEXT() REPRESENTATION_CONTEXT('2D SPACE',''
  ) );
#998 = PCURVE('',#999,#1004);
#999 = PLANE('',#1000);
#1000 = AXIS2_PLACEMENT_3D('',#1001,#1002,#1003);
#1001 = CARTESIAN_POINT('',(13.,13.,3.));
#1002 = DIRECTION('',(0.,0.,1.));
#1003 = DIRECTION('',(1.,0.,-0.));
#1004 = DEFINITIONAL_REPRESENTATION('',(#1005),#1009);
#1005 = LINE('',#1006,#1007);
#1006 = CARTESIAN_POINT('',(2.886751345948,5.));
#1007 = VECTOR('',#1008,1.);
#1008 = DIRECTION('',(-1.,1.538370149107E-16));
#1009 = ( GEOMETRIC_REPRESENTATION_CONTEXT(2) 
PARAMETRIC_REPRESENTATION_CONTEXT() REPRESENTATION_CONTEXT('2D SPACE',''
  ) );
#1010 = ORIENTED_EDGE('',*,*,#1011,.T.);
#1011 = EDGE_CURVE('',#982,#268,#1012,.T.);
#1012 = SURFACE_CURVE('',#1013,(#1017,#1024),.PCURVE_S1.);
#1013 = LINE('',#1014,#1015);
#1014 = CARTESIAN_POINT('',(15.886751345948,18.,3.));
#1015 = VECTOR('',#1016,1.);
#1016 = DIRECTION('',(0.,0.,1.));
#1017 = PCURVE('',#282,#1018);
#1018 = DEFINITIONAL_REPRESENTATION('',(#1019),#1023);
#1019 = LINE('',#1020,#1021);
#1020 = CARTESIAN_POINT('',(0.,0.));
#1021 = VECTOR('',#1022,1.);
#1022 = DIRECTION('',(0.,-1.));
#1023 = ( GEOMETRIC_REPRESENTATION_CONTEXT(2) 
PARAMETRIC_REPRESENTATION_CONTEXT() REPRESENTATION_CONTEXT('2D SPACE',''
  ) );
#1024 = PCURVE('',#308,#1025);
#1025 = DEFINITIONAL_REPRESENTATION('',(#1026),#1030);
#1026 = LINE('',#1027,#1028);
#1027 = CARTESIAN_POINT('',(5.773502691896,0.));
#1028 = VECTOR('',#1029,1.);
#1029 = DIRECTION('',(0.,-1.));
#1030 = ( GEOMETRIC_REPRESENTATION_CONTEXT(2) 
PARAMETRIC_REPRESENTATION_CONTEXT() REPRESENTATION_CONTEXT('2D SPACE',''
  ) );
#1031 = ORIENTED_EDGE('',*,*,#265,.F.);
#1032 = ORIENTED_EDGE('',*,*,#1033,.F.);
#1033 = EDGE_CURVE('',#984,#266,#1034,.T.);
#1034 = SURFACE_CURVE('',#1035,(#1039,#1046),.PCURVE_S1.);
#1035 = LINE('',#1036,#1037);
#1036 = CARTESIAN_POINT('',(10.113248654052,18.,3.));
#1037 = VECTOR('',#1038,1.);
#1038 = DIRECTION('',(0.,0.,1.));
#1039 = PCURVE('',#282,#1040);
#1040 = DEFINITIONAL_REPRESENTATION('',(#1041),#1045);
#1041 = LINE('',#1042,#1043);
#1042 = CARTESIAN_POINT('',(5.773502691896,0.));
#1043 = VECTOR('',#1044,1.);
#1044 = DIRECTION('',(0.,-1.));
#1045 = ( GEOMETRIC_REPRESENTATION_CONTEXT(2) 
PARAMETRIC_REPRESENTATION_CONTEXT() REPRESENTATION_CONTEXT('2D SPACE',''
  ) );
#1046 = PCURVE('',#410,#1047);
#1047 = DEFINITIONAL_REPRESENTATION('',(#1048),#1052);
#1048 = LINE('',#1049,#1050);
#1049 = CARTESIAN_POINT('',(0.,0.));
#1050 = VECTOR('',#1051,1.);
#1051 = DIRECTION('',(0.,-1.));
#1052 = ( GEOMETRIC_REPRESENTATION_CONTEXT(2) 
PARAMETRIC_REPRESENTATION_CONTEXT() REPRESENTATION_CONTEXT('2D SPACE',''
  ) );
#1053 = ADVANCED_FACE('',(#1054),#410,.T.);
#1054 = FACE_BOUND('',#1055,.T.);
#1055 = EDGE_LOOP('',(#1056,#1079,#1080,#1081));
#1056 = ORIENTED_EDGE('',*,*,#1057,.F.);
#1057 = EDGE_CURVE('',#984,#1058,#1060,.T.);
#1058 = VERTEX_POINT('',#1059);
#1059 = CARTESIAN_POINT('',(7.226497308104,13.,3.));
#1060 = SURFACE_CURVE('',#1061,(#1065,#1072),.PCURVE_S1.);
#1061 = LINE('',#1062,#1063);
#1062 = CARTESIAN_POINT('',(10.113248654052,18.,3.));
#1063 = VECTOR('',#1064,1.);
#1064 = DIRECTION('',(-0.5,-0.866025403784,0.));
#1065 = PCURVE('',#410,#1066);
#1066 = DEFINITIONAL_REPRESENTATION('',(#1067),#1071);
#1067 = LINE('',#1068,#1069);
#1068 = CARTESIAN_POINT('',(0.,0.));
#1069 = VECTOR('',#1070,1.);
#1070 = DIRECTION('',(1.,0.));
#1071 = ( GEOMETRIC_REPRESENTATION_CONTEXT(2) 
PARAMETRIC_REPRESENTATION_CONTEXT() REPRESENTATION_CONTEXT('2D SPACE',''
  ) );
#1072 = PCURVE('',#999,#1073);
#1073 = DEFINITIONAL_REPRESENTATION('',(#1074),#1078);
#1074 = LINE('',#1075,#1076);
#1075 = CARTESIAN_POINT('',(-2.886751345948,5.));
#1076 = VECTOR('',#1077,1.);
#1077 = DIRECTION('',(-0.5,-0.866025403784));
#1078 = ( GEOMETRIC_REPRESENTATION_CONTEXT(2) 
PARAMETRIC_REPRESENTATION_CONTEXT() REPRESENTATION_CONTEXT('2D SPACE',''
  ) );
#1079 = ORIENTED_EDGE('',*,*,#1033,.T.);
#1080 = ORIENTED_EDGE('',*,*,#397,.F.);
#1081 = ORIENTED_EDGE('',*,*,#1082,.F.);
#1082 = EDGE_CURVE('',#1058,#372,#1083,.T.);
#1083 = SURFACE_CURVE('',#1084,(#1088,#1095),.PCURVE_S1.);
#1084 = LINE('',#1085,#1086);
#1085 = CARTESIAN_POINT('',(7.226497308104,13.,3.));
#1086 = VECTOR('',#1087,1.);
#1087 = DIRECTION('',(0.,0.,1.));
#1088 = PCURVE('',#410,#1089);
#1089 = DEFINITIONAL_REPRESENTATION('',(#1090),#1094);
#1090 = LINE('',#1091,#1092);
#1091 = CARTESIAN_POINT('',(5.773502691896,0.));
#1092 = VECTOR('',#1093,1.);
#1093 = DIRECTION('',(0.,-1.));
#1094 = ( GEOMETRIC_REPRESENTATION_CONTEXT(2) 
PARAMETRIC_REPRESENTATION_CONTEXT() REPRESENTATION_CONTEXT('2D SPACE',''
  ) );
#1095 = PCURVE('',#386,#1096);
#1096 = DEFINITIONAL_REPRESENTATION('',(#1097),#1101);
#1097 = LINE('',#1098,#1099);
#1098 = CARTESIAN_POINT('',(0.,0.));
#1099 = VECTOR('',#1100,1.);
#1100 = DIRECTION('',(0.,-1.));
#1101 = ( GEOMETRIC_REPRESENTATION_CONTEXT(2) 
PARAMETRIC_REPRESENTATION_CONTEXT() REPRESENTATION_CONTEXT('2D SPACE',''
  ) );
#1102 = ADVANCED_FACE('',(#1103),#308,.T.);
#1103 = FACE_BOUND('',#1104,.T.);
#1104 = EDGE_LOOP('',(#1105,#1128,#1149,#1150));
#1105 = ORIENTED_EDGE('',*,*,#1106,.F.);
#1106 = EDGE_CURVE('',#1107,#982,#1109,.T.);
#1107 = VERTEX_POINT('',#1108);
#1108 = CARTESIAN_POINT('',(18.773502691896,13.,3.));
#1109 = SURFACE_CURVE('',#1110,(#1114,#1121),.PCURVE_S1.);
#1110 = LINE('',#1111,#1112);
#1111 = CARTESIAN_POINT('',(18.773502691896,13.,3.));
#1112 = VECTOR('',#1113,1.);
#1113 = DIRECTION('',(-0.5,0.866025403784,0.));
#1114 = PCURVE('',#308,#1115);
#1115 = DEFINITIONAL_REPRESENTATION('',(#1116),#1120);
#1116 = LINE('',#1117,#1118);
#1117 = CARTESIAN_POINT('',(0.,0.));
#1118 = VECTOR('',#1119,1.);
#1119 = DIRECTION('',(1.,0.));
#1120 = ( GEOMETRIC_REPRESENTATION_CONTEXT(2) 
PARAMETRIC_REPRESENTATION_CONTEXT() REPRESENTATION_CONTEXT('2D SPACE',''
  ) );
#1121 = PCURVE('',#999,#1122);
#1122 = DEFINITIONAL_REPRESENTATION('',(#1123),#1127);
#1123 = LINE('',#1124,#1125);
#1124 = CARTESIAN_POINT('',(5.773502691896,0.));
#1125 = VECTOR('',#1126,1.);
#1126 = DIRECTION('',(-0.5,0.866025403784));
#1127 = ( GEOMETRIC_REPRESENTATION_CONTEXT(2) 
PARAMETRIC_REPRESENTATION_CONTEXT() REPRESENTATION_CONTEXT('2D SPACE',''
  ) );
#1128 = ORIENTED_EDGE('',*,*,#1129,.T.);
#1129 = EDGE_CURVE('',#1107,#294,#1130,.T.);
#1130 = SURFACE_CURVE('',#1131,(#1135,#1142),.PCURVE_S1.);
#1131 = LINE('',#1132,#1133);
#1132 = CARTESIAN_POINT('',(18.773502691896,13.,3.));
#1133 = VECTOR('',#1134,1.);
#1134 = DIRECTION('',(0.,0.,1.));
#1135 = PCURVE('',#308,#1136);
#1136 = DEFINITIONAL_REPRESENTATION('',(#1137),#1141);
#1137 = LINE('',#1138,#1139);
#1138 = CARTESIAN_POINT('',(0.,0.));
#1139 = VECTOR('',#1140,1.);
#1140 = DIRECTION('',(0.,-1.));
#1141 = ( GEOMETRIC_REPRESENTATION_CONTEXT(2) 
PARAMETRIC_REPRESENTATION_CONTEXT() REPRESENTATION_CONTEXT('2D SPACE',''
  ) );
#1142 = PCURVE('',#334,#1143);
#1143 = DEFINITIONAL_REPRESENTATION('',(#1144),#1148);
#1144 = LINE('',#1145,#1146);
#1145 = CARTESIAN_POINT('',(5.773502691896,0.));
#1146 = VECTOR('',#1147,1.);
#1147 = DIRECTION('',(0.,-1.));
#1148 = ( GEOMETRIC_REPRESENTATION_CONTEXT(2) 
PARAMETRIC_REPRESENTATION_CONTEXT() REPRESENTATION_CONTEXT('2D SPACE',''
  ) );
#1149 = ORIENTED_EDGE('',*,*,#293,.F.);
#1150 = ORIENTED_EDGE('',*,*,#1011,.F.);
#1151 = ADVANCED_FACE('',(#1152),#386,.T.);
#1152 = FACE_BOUND('',#1153,.T.);
#1153 = EDGE_LOOP('',(#1154,#1177,#1178,#1179));
#1154 = ORIENTED_EDGE('',*,*,#1155,.F.);
#1155 = EDGE_CURVE('',#1058,#1156,#1158,.T.);
#1156 = VERTEX_POINT('',#1157);
#1157 = CARTESIAN_POINT('',(10.113248654052,8.,3.));
#1158 = SURFACE_CURVE('',#1159,(#1163,#1170),.PCURVE_S1.);
#1159 = LINE('',#1160,#1161);
#1160 = CARTESIAN_POINT('',(7.226497308104,13.,3.));
#1161 = VECTOR('',#1162,1.);
#1162 = DIRECTION('',(0.5,-0.866025403784,0.));
#1163 = PCURVE('',#386,#1164);
#1164 = DEFINITIONAL_REPRESENTATION('',(#1165),#1169);
#1165 = LINE('',#1166,#1167);
#1166 = CARTESIAN_POINT('',(0.,0.));
#1167 = VECTOR('',#1168,1.);
#1168 = DIRECTION('',(1.,0.));
#1169 = ( GEOMETRIC_REPRESENTATION_CONTEXT(2) 
PARAMETRIC_REPRESENTATION_CONTEXT() REPRESENTATION_CONTEXT('2D SPACE',''
  ) );
#1170 = PCURVE('',#999,#1171);
#1171 = DEFINITIONAL_REPRESENTATION('',(#1172),#1176);
#1172 = LINE('',#1173,#1174);
#1173 = CARTESIAN_POINT('',(-5.773502691896,0.));
#1174 = VECTOR('',#1175,1.);
#1175 = DIRECTION('',(0.5,-0.866025403784));
#1176 = ( GEOMETRIC_REPRESENTATION_CONTEXT(2) 
PARAMETRIC_REPRESENTATION_CONTEXT() REPRESENTATION_CONTEXT('2D SPACE',''
  ) );
#1177 = ORIENTED_EDGE('',*,*,#1082,.T.);
#1178 = ORIENTED_EDGE('',*,*,#371,.F.);
#1179 = ORIENTED_EDGE('',*,*,#1180,.F.);
#1180 = EDGE_CURVE('',#1156,#346,#1181,.T.);
#1181 = SURFACE_CURVE('',#1182,(#1186,#1193),.PCURVE_S1.);
#1182 = LINE('',#1183,#1184);
#1183 = CARTESIAN_POINT('',(10.113248654052,8.,3.));
#1184 = VECTOR('',#1185,1.);
#1185 = DIRECTION('',(0.,0.,1.));
#1186 = PCURVE('',#386,#1187);
#1187 = DEFINITIONAL_REPRESENTATION('',(#1188),#1192);
#1188 = LINE('',#1189,#1190);
#1189 = CARTESIAN_POINT('',(5.773502691896,0.));
#1190 = VECTOR('',#1191,1.);
#1191 = DIRECTION('',(0.,-1.));
#1192 = ( GEOMETRIC_REPRESENTATION_CONTEXT(2) 
PARAMETRIC_REPRESENTATION_CONTEXT() REPRESENTATION_CONTEXT('2D SPACE',''
  ) );
#1193 = PCURVE('',#360,#1194);
#1194 = DEFINITIONAL_REPRESENTATION('',(#1195),#1199);
#1195 = LINE('',#1196,#1197);
#1196 = CARTESIAN_POINT('',(0.,0.));
#1197 = VECTOR('',#1198,1.);
#1198 = DIRECTION('',(0.,-1.));
#1199 = ( GEOMETRIC_REPRESENTATION_CONTEXT(2) 
PARAMETRIC_REPRESENTATION_CONTEXT() REPRESENTATION_CONTEXT('2D SPACE',''
  ) );
#1200 = ADVANCED_FACE('',(#1201),#334,.T.);
#1201 = FACE_BOUND('',#1202,.T.);
#1202 = EDGE_LOOP('',(#1203,#1226,#1247,#1248));
#1203 = ORIENTED_EDGE('',*,*,#1204,.F.);
#1204 = EDGE_CURVE('',#1205,#1107,#1207,.T.);
#1205 = VERTEX_POINT('',#1206);
#1206 = CARTESIAN_POINT('',(15.886751345948,8.,3.));
#1207 = SURFACE_CURVE('',#1208,(#1212,#1219),.PCURVE_S1.);
#1208 = LINE('',#1209,#1210);
#1209 = CARTESIAN_POINT('',(15.886751345948,8.,3.));
#1210 = VECTOR('',#1211,1.);
#1211 = DIRECTION('',(0.5,0.866025403784,0.));
#1212 = PCURVE('',#334,#1213);
#1213 = DEFINITIONAL_REPRESENTATION('',(#1214),#1218);
#1214 = LINE('',#1215,#1216);
#1215 = CARTESIAN_POINT('',(0.,0.));
#1216 = VECTOR('',#1217,1.);
#1217 = DIRECTION('',(1.,0.));
#1218 = ( GEOMETRIC_REPRESENTATION_CONTEXT(2) 
PARAMETRIC_REPRESENTATION_CONTEXT() REPRESENTATION_CONTEXT('2D SPACE',''
  ) );
#1219 = PCURVE('',#999,#1220);
#1220 = DEFINITIONAL_REPRESENTATION('',(#1221),#1225);
#1221 = LINE('',#1222,#1223);
#1222 = CARTESIAN_POINT('',(2.886751345948,-5.));
#1223 = VECTOR('',#1224,1.);
#1224 = DIRECTION('',(0.5,0.866025403784));
#1225 = ( GEOMETRIC_REPRESENTATION_CONTEXT(2) 
PARAMETRIC_REPRESENTATION_CONTEXT() REPRESENTATION_CONTEXT('2D SPACE',''
  ) );
#1226 = ORIENTED_EDGE('',*,*,#1227,.T.);
#1227 = EDGE_CURVE('',#1205,#320,#1228,.T.);
#1228 = SURFACE_CURVE('',#1229,(#1233,#1240),.PCURVE_S1.);
#1229 = LINE('',#1230,#1231);
#1230 = CARTESIAN_POINT('',(15.886751345948,8.,3.));
#1231 = VECTOR('',#1232,1.);
#1232 = DIRECTION('',(0.,0.,1.));
#1233 = PCURVE('',#334,#1234);
#1234 = DEFINITIONAL_REPRESENTATION('',(#1235),#1239);
#1235 = LINE('',#1236,#1237);
#1236 = CARTESIAN_POINT('',(0.,0.));
#1237 = VECTOR('',#1238,1.);
#1238 = DIRECTION('',(0.,-1.));
#1239 = ( GEOMETRIC_REPRESENTATION_CONTEXT(2) 
PARAMETRIC_REPRESENTATION_CONTEXT() REPRESENTATION_CONTEXT('2D SPACE',''
  ) );
#1240 = PCURVE('',#360,#1241);
#1241 = DEFINITIONAL_REPRESENTATION('',(#1242),#1246);
#1242 = LINE('',#1243,#1244);
#1243 = CARTESIAN_POINT('',(5.773502691896,0.));
#1244 = VECTOR('',#1245,1.);
#1245 = DIRECTION('',(0.,-1.));
#1246 = ( GEOMETRIC_REPRESENTATION_CONTEXT(2) 
PARAMETRIC_REPRESENTATION_CONTEXT() REPRESENTATION_CONTEXT('2D SPACE',''
  ) );
#1247 = ORIENTED_EDGE('',*,*,#319,.F.);
#1248 = ORIENTED_EDGE('',*,*,#1129,.F.);
#1249 = ADVANCED_FACE('',(#1250),#360,.T.);
#1250 = FACE_BOUND('',#1251,.T.);
#1251 = EDGE_LOOP('',(#1252,#1273,#1274,#1275));
#1252 = ORIENTED_EDGE('',*,*,#1253,.F.);
#1253 = EDGE_CURVE('',#1156,#1205,#1254,.T.);
#1254 = SURFACE_CURVE('',#1255,(#1259,#1266),.PCURVE_S1.);
#1255 = LINE('',#1256,#1257);
#1256 = CARTESIAN_POINT('',(10.113248654052,8.,3.));
#1257 = VECTOR('',#1258,1.);
#1258 = DIRECTION('',(1.,-4.615110447321E-16,0.));
#1259 = PCURVE('',#360,#1260);
#1260 = DEFINITIONAL_REPRESENTATION('',(#1261),#1265);
#1261 = LINE('',#1262,#1263);
#1262 = CARTESIAN_POINT('',(0.,0.));
#1263 = VECTOR('',#1264,1.);
#1264 = DIRECTION('',(1.,0.));
#1265 = ( GEOMETRIC_REPRESENTATION_CONTEXT(2) 
PARAMETRIC_REPRESENTATION_CONTEXT() REPRESENTATION_CONTEXT('2D SPACE',''
  ) );
#1266 = PCURVE('',#999,#1267);
#1267 = DEFINITIONAL_REPRESENTATION('',(#1268),#1272);
#1268 = LINE('',#1269,#1270);
#1269 = CARTESIAN_POINT('',(-2.886751345948,-5.));
#1270 = VECTOR('',#1271,1.);
#1271 = DIRECTION('',(1.,-4.615110447321E-16));
#1272 = ( GEOMETRIC_REPRESENTATION_CONTEXT(2) 
PARAMETRIC_REPRESENTATION_CONTEXT() REPRESENTATION_CONTEXT('2D SPACE',''
  ) );
#1273 = ORIENTED_EDGE('',*,*,#1180,.T.);
#1274 = ORIENTED_EDGE('',*,*,#345,.F.);
#1275 = ORIENTED_EDGE('',*,*,#1227,.F.);
#1276 = ADVANCED_FACE('',(#1277),#440,.T.);
#1277 = FACE_BOUND('',#1278,.T.);
#1278 = EDGE_LOOP('',(#1279,#1309,#1330,#1331));
#1279 = ORIENTED_EDGE('',*,*,#1280,.F.);
#1280 = EDGE_CURVE('',#1281,#1283,#1285,.T.);
#1281 = VERTEX_POINT('',#1282);
#1282 = CARTESIAN_POINT('',(33.944486372867,18.1,3.));
#1283 = VERTEX_POINT('',#1284);
#1284 = CARTESIAN_POINT('',(28.055513627133,18.1,3.));
#1285 = SURFACE_CURVE('',#1286,(#1290,#1297),.PCURVE_S1.);
#1286 = LINE('',#1287,#1288);
#1287 = CARTESIAN_POINT('',(33.944486372867,18.1,3.));
#1288 = VECTOR('',#1289,1.);
#1289 = DIRECTION('',(-1.,1.508206028536E-16,0.));
#1290 = PCURVE('',#440,#1291);
#1291 = DEFINITIONAL_REPRESENTATION('',(#1292),#1296);
#1292 = LINE('',#1293,#1294);
#1293 = CARTESIAN_POINT('',(0.,0.));
#1294 = VECTOR('',#1295,1.);
#1295 = DIRECTION('',(1.,0.));
#1296 = ( GEOMETRIC_REPRESENTATION_CONTEXT(2) 
PARAMETRIC_REPRESENTATION_CONTEXT() REPRESENTATION_CONTEXT('2D SPACE',''
  ) );
#1297 = PCURVE('',#1298,#1303);
#1298 = PLANE('',#1299);
#1299 = AXIS2_PLACEMENT_3D('',#1300,#1301,#1302);
#1300 = CARTESIAN_POINT('',(31.,13.,3.));
#1301 = DIRECTION('',(0.,0.,1.));
#1302 = DIRECTION('',(1.,0.,-0.));
#1303 = DEFINITIONAL_REPRESENTATION('',(#1304),#1308);
#1304 = LINE('',#1305,#1306);
#1305 = CARTESIAN_POINT('',(2.944486372867,5.1));
#1306 = VECTOR('',#1307,1.);
#1307 = DIRECTION('',(-1.,1.508206028536E-16));
#1308 = ( GEOMETRIC_REPRESENTATION_CONTEXT(2) 
PARAMETRIC_REPRESENTATION_CONTEXT() REPRESENTATION_CONTEXT('2D SPACE',''
  ) );
#1309 = ORIENTED_EDGE('',*,*,#1310,.T.);
#1310 = EDGE_CURVE('',#1281,#426,#1311,.T.);
#1311 = SURFACE_CURVE('',#1312,(#1316,#1323),.PCURVE_S1.);
#1312 = LINE('',#1313,#1314);
#1313 = CARTESIAN_POINT('',(33.944486372867,18.1,3.));
#1314 = VECTOR('',#1315,1.);
#1315 = DIRECTION('',(0.,0.,1.));
#1316 = PCURVE('',#440,#1317);
#1317 = DEFINITIONAL_REPRESENTATION('',(#1318),#1322);
#1318 = LINE('',#1319,#1320);
#1319 = CARTESIAN_POINT('',(0.,0.));
#1320 = VECTOR('',#1321,1.);
#1321 = DIRECTION('',(0.,-1.));
#1322 = ( GEOMETRIC_REPRESENTATION_CONTEXT(2) 
PARAMETRIC_REPRESENTATION_CONTEXT() REPRESENTATION_CONTEXT('2D SPACE',''
  ) );
#1323 = PCURVE('',#466,#1324);
#1324 = DEFINITIONAL_REPRESENTATION('',(#1325),#1329);
#1325 = LINE('',#1326,#1327);
#1326 = CARTESIAN_POINT('',(5.888972745734,0.));
#1327 = VECTOR('',#1328,1.);
#1328 = DIRECTION('',(0.,-1.));
#1329 = ( GEOMETRIC_REPRESENTATION_CONTEXT(2) 
PARAMETRIC_REPRESENTATION_CONTEXT() REPRESENTATION_CONTEXT('2D SPACE',''
  ) );
#1330 = ORIENTED_EDGE('',*,*,#423,.F.);
#1331 = ORIENTED_EDGE('',*,*,#1332,.F.);
#1332 = EDGE_CURVE('',#1283,#424,#1333,.T.);
#1333 = SURFACE_CURVE('',#1334,(#1338,#1345),.PCURVE_S1.);
#1334 = LINE('',#1335,#1336);
#1335 = CARTESIAN_POINT('',(28.055513627133,18.1,3.));
#1336 = VECTOR('',#1337,1.);
#1337 = DIRECTION('',(0.,0.,1.));
#1338 = PCURVE('',#440,#1339);
#1339 = DEFINITIONAL_REPRESENTATION('',(#1340),#1344);
#1340 = LINE('',#1341,#1342);
#1341 = CARTESIAN_POINT('',(5.888972745734,0.));
#1342 = VECTOR('',#1343,1.);
#1343 = DIRECTION('',(0.,-1.));
#1344 = ( GEOMETRIC_REPRESENTATION_CONTEXT(2) 
PARAMETRIC_REPRESENTATION_CONTEXT() REPRESENTATION_CONTEXT('2D SPACE',''
  ) );
#1345 = PCURVE('',#568,#1346);
#1346 = DEFINITIONAL_REPRESENTATION('',(#1347),#1351);
#1347 = LINE('',#1348,#1349);
#1348 = CARTESIAN_POINT('',(0.,0.));
#1349 = VECTOR('',#1350,1.);
#1350 = DIRECTION('',(0.,-1.));
#1351 = ( GEOMETRIC_REPRESENTATION_CONTEXT(2) 
PARAMETRIC_REPRESENTATION_CONTEXT() REPRESENTATION_CONTEXT('2D SPACE',''
  ) );
#1352 = ADVANCED_FACE('',(#1353),#568,.T.);
#1353 = FACE_BOUND('',#1354,.T.);
#1354 = EDGE_LOOP('',(#1355,#1378,#1379,#1380));
#1355 = ORIENTED_EDGE('',*,*,#1356,.F.);
#1356 = EDGE_CURVE('',#1283,#1357,#1359,.T.);
#1357 = VERTEX_POINT('',#1358);
#1358 = CARTESIAN_POINT('',(25.111027254266,13.,3.));
#1359 = SURFACE_CURVE('',#1360,(#1364,#1371),.PCURVE_S1.);
#1360 = LINE('',#1361,#1362);
#1361 = CARTESIAN_POINT('',(28.055513627133,18.1,3.));
#1362 = VECTOR('',#1363,1.);
#1363 = DIRECTION('',(-0.5,-0.866025403784,0.));
#1364 = PCURVE('',#568,#1365);
#1365 = DEFINITIONAL_REPRESENTATION('',(#1366),#1370);
#1366 = LINE('',#1367,#1368);
#1367 = CARTESIAN_POINT('',(0.,0.));
#1368 = VECTOR('',#1369,1.);
#1369 = DIRECTION('',(1.,0.));
#1370 = ( GEOMETRIC_REPRESENTATION_CONTEXT(2) 
PARAMETRIC_REPRESENTATION_CONTEXT() REPRESENTATION_CONTEXT('2D SPACE',''
  ) );
#1371 = PCURVE('',#1298,#1372);
#1372 = DEFINITIONAL_REPRESENTATION('',(#1373),#1377);
#1373 = LINE('',#1374,#1375);
#1374 = CARTESIAN_POINT('',(-2.944486372867,5.1));
#1375 = VECTOR('',#1376,1.);
#1376 = DIRECTION('',(-0.5,-0.866025403784));
#1377 = ( GEOMETRIC_REPRESENTATION_CONTEXT(2) 
PARAMETRIC_REPRESENTATION_CONTEXT() REPRESENTATION_CONTEXT('2D SPACE',''
  ) );
#1378 = ORIENTED_EDGE('',*,*,#1332,.T.);
#1379 = ORIENTED_EDGE('',*,*,#555,.F.);
#1380 = ORIENTED_EDGE('',*,*,#1381,.F.);
#1381 = EDGE_CURVE('',#1357,#530,#1382,.T.);
#1382 = SURFACE_CURVE('',#1383,(#1387,#1394),.PCURVE_S1.);
#1383 = LINE('',#1384,#1385);
#1384 = CARTESIAN_POINT('',(25.111027254266,13.,3.));
#1385 = VECTOR('',#1386,1.);
#1386 = DIRECTION('',(0.,0.,1.));
#1387 = PCURVE('',#568,#1388);
#1388 = DEFINITIONAL_REPRESENTATION('',(#1389),#1393);
#1389 = LINE('',#1390,#1391);
#1390 = CARTESIAN_POINT('',(5.888972745734,0.));
#1391 = VECTOR('',#1392,1.);
#1392 = DIRECTION('',(0.,-1.));
#1393 = ( GEOMETRIC_REPRESENTATION_CONTEXT(2) 
PARAMETRIC_REPRESENTATION_CONTEXT() REPRESENTATION_CONTEXT('2D SPACE',''
  ) );
#1394 = PCURVE('',#544,#1395);
#1395 = DEFINITIONAL_REPRESENTATION('',(#1396),#1400);
#1396 = LINE('',#1397,#1398);
#1397 = CARTESIAN_POINT('',(0.,0.));
#1398 = VECTOR('',#1399,1.);
#1399 = DIRECTION('',(0.,-1.));
#1400 = ( GEOMETRIC_REPRESENTATION_CONTEXT(2) 
PARAMETRIC_REPRESENTATION_CONTEXT() REPRESENTATION_CONTEXT('2D SPACE',''
  ) );
#1401 = ADVANCED_FACE('',(#1402),#466,.T.);
#1402 = FACE_BOUND('',#1403,.T.);
#1403 = EDGE_LOOP('',(#1404,#1427,#1448,#1449));
#1404 = ORIENTED_EDGE('',*,*,#1405,.F.);
#1405 = EDGE_CURVE('',#1406,#1281,#1408,.T.);
#1406 = VERTEX_POINT('',#1407);
#1407 = CARTESIAN_POINT('',(36.888972745734,13.,3.));
#1408 = SURFACE_CURVE('',#1409,(#1413,#1420),.PCURVE_S1.);
#1409 = LINE('',#1410,#1411);
#1410 = CARTESIAN_POINT('',(36.888972745734,13.,3.));
#1411 = VECTOR('',#1412,1.);
#1412 = DIRECTION('',(-0.5,0.866025403784,0.));
#1413 = PCURVE('',#466,#1414);
#1414 = DEFINITIONAL_REPRESENTATION('',(#1415),#1419);
#1415 = LINE('',#1416,#1417);
#1416 = CARTESIAN_POINT('',(0.,0.));
#1417 = VECTOR('',#1418,1.);
#1418 = DIRECTION('',(1.,0.));
#1419 = ( GEOMETRIC_REPRESENTATION_CONTEXT(2) 
PARAMETRIC_REPRESENTATION_CONTEXT() REPRESENTATION_CONTEXT('2D SPACE',''
  ) );
#1420 = PCURVE('',#1298,#1421);
#1421 = DEFINITIONAL_REPRESENTATION('',(#1422),#1426);
#1422 = LINE('',#1423,#1424);
#1423 = CARTESIAN_POINT('',(5.888972745734,-5.329070518201E-15));
#1424 = VECTOR('',#1425,1.);
#1425 = DIRECTION('',(-0.5,0.866025403784));
#1426 = ( GEOMETRIC_REPRESENTATION_CONTEXT(2) 
PARAMETRIC_REPRESENTATION_CONTEXT() REPRESENTATION_CONTEXT('2D SPACE',''
  ) );
#1427 = ORIENTED_EDGE('',*,*,#1428,.T.);
#1428 = EDGE_CURVE('',#1406,#452,#1429,.T.);
#1429 = SURFACE_CURVE('',#1430,(#1434,#1441),.PCURVE_S1.);
#1430 = LINE('',#1431,#1432);
#1431 = CARTESIAN_POINT('',(36.888972745734,13.,3.));
#1432 = VECTOR('',#1433,1.);
#1433 = DIRECTION('',(0.,0.,1.));
#1434 = PCURVE('',#466,#1435);
#1435 = DEFINITIONAL_REPRESENTATION('',(#1436),#1440);
#1436 = LINE('',#1437,#1438);
#1437 = CARTESIAN_POINT('',(0.,0.));
#1438 = VECTOR('',#1439,1.);
#1439 = DIRECTION('',(0.,-1.));
#1440 = ( GEOMETRIC_REPRESENTATION_CONTEXT(2) 
PARAMETRIC_REPRESENTATION_CONTEXT() REPRESENTATION_CONTEXT('2D SPACE',''
  ) );
#1441 = PCURVE('',#492,#1442);
#1442 = DEFINITIONAL_REPRESENTATION('',(#1443),#1447);
#1443 = LINE('',#1444,#1445);
#1444 = CARTESIAN_POINT('',(5.888972745734,0.));
#1445 = VECTOR('',#1446,1.);
#1446 = DIRECTION('',(0.,-1.));
#1447 = ( GEOMETRIC_REPRESENTATION_CONTEXT(2) 
PARAMETRIC_REPRESENTATION_CONTEXT() REPRESENTATION_CONTEXT('2D SPACE',''
  ) );
#1448 = ORIENTED_EDGE('',*,*,#451,.F.);
#1449 = ORIENTED_EDGE('',*,*,#1310,.F.);
#1450 = ADVANCED_FACE('',(#1451),#544,.T.);
#1451 = FACE_BOUND('',#1452,.T.);
#1452 = EDGE_LOOP('',(#1453,#1476,#1477,#1478));
#1453 = ORIENTED_EDGE('',*,*,#1454,.F.);
#1454 = EDGE_CURVE('',#1357,#1455,#1457,.T.);
#1455 = VERTEX_POINT('',#1456);
#1456 = CARTESIAN_POINT('',(28.055513627133,7.9,3.));
#1457 = SURFACE_CURVE('',#1458,(#1462,#1469),.PCURVE_S1.);
#1458 = LINE('',#1459,#1460);
#1459 = CARTESIAN_POINT('',(25.111027254266,13.,3.));
#1460 = VECTOR('',#1461,1.);
#1461 = DIRECTION('',(0.5,-0.866025403784,0.));
#1462 = PCURVE('',#544,#1463);
#1463 = DEFINITIONAL_REPRESENTATION('',(#1464),#1468);
#1464 = LINE('',#1465,#1466);
#1465 = CARTESIAN_POINT('',(0.,0.));
#1466 = VECTOR('',#1467,1.);
#1467 = DIRECTION('',(1.,0.));
#1468 = ( GEOMETRIC_REPRESENTATION_CONTEXT(2) 
PARAMETRIC_REPRESENTATION_CONTEXT() REPRESENTATION_CONTEXT('2D SPACE',''
  ) );
#1469 = PCURVE('',#1298,#1470);
#1470 = DEFINITIONAL_REPRESENTATION('',(#1471),#1475);
#1471 = LINE('',#1472,#1473);
#1472 = CARTESIAN_POINT('',(-5.888972745734,-5.329070518201E-15));
#1473 = VECTOR('',#1474,1.);
#1474 = DIRECTION('',(0.5,-0.866025403784));
#1475 = ( GEOMETRIC_REPRESENTATION_CONTEXT(2) 
PARAMETRIC_REPRESENTATION_CONTEXT() REPRESENTATION_CONTEXT('2D SPACE',''
  ) );
#1476 = ORIENTED_EDGE('',*,*,#1381,.T.);
#1477 = ORIENTED_EDGE('',*,*,#529,.F.);
#1478 = ORIENTED_EDGE('',*,*,#1479,.F.);
#1479 = EDGE_CURVE('',#1455,#504,#1480,.T.);
#1480 = SURFACE_CURVE('',#1481,(#1485,#1492),.PCURVE_S1.);
#1481 = LINE('',#1482,#1483);
#1482 = CARTESIAN_POINT('',(28.055513627133,7.9,3.));
#1483 = VECTOR('',#1484,1.);
#1484 = DIRECTION('',(0.,0.,1.));
#1485 = PCURVE('',#544,#1486);
#1486 = DEFINITIONAL_REPRESENTATION('',(#1487),#1491);
#1487 = LINE('',#1488,#1489);
#1488 = CARTESIAN_POINT('',(5.888972745734,0.));
#1489 = VECTOR('',#1490,1.);
#1490 = DIRECTION('',(0.,-1.));
#1491 = ( GEOMETRIC_REPRESENTATION_CONTEXT(2) 
PARAMETRIC_REPRESENTATION_CONTEXT() REPRESENTATION_CONTEXT('2D SPACE',''
  ) );
#1492 = PCURVE('',#518,#1493);
#1493 = DEFINITIONAL_REPRESENTATION('',(#1494),#1498);
#1494 = LINE('',#1495,#1496);
#1495 = CARTESIAN_POINT('',(0.,0.));
#1496 = VECTOR('',#1497,1.);
#1497 = DIRECTION('',(0.,-1.));
#1498 = ( GEOMETRIC_REPRESENTATION_CONTEXT(2) 
PARAMETRIC_REPRESENTATION_CONTEXT() REPRESENTATION_CONTEXT('2D SPACE',''
  ) );
#1499 = ADVANCED_FACE('',(#1500),#492,.T.);
#1500 = FACE_BOUND('',#1501,.T.);
#1501 = EDGE_LOOP('',(#1502,#1525,#1546,#1547));
#1502 = ORIENTED_EDGE('',*,*,#1503,.F.);
#1503 = EDGE_CURVE('',#1504,#1406,#1506,.T.);
#1504 = VERTEX_POINT('',#1505);
#1505 = CARTESIAN_POINT('',(33.944486372867,7.9,3.));
#1506 = SURFACE_CURVE('',#1507,(#1511,#1518),.PCURVE_S1.);
#1507 = LINE('',#1508,#1509);
#1508 = CARTESIAN_POINT('',(33.944486372867,7.9,3.));
#1509 = VECTOR('',#1510,1.);
#1510 = DIRECTION('',(0.5,0.866025403784,0.));
#1511 = PCURVE('',#492,#1512);
#1512 = DEFINITIONAL_REPRESENTATION('',(#1513),#1517);
#1513 = LINE('',#1514,#1515);
#1514 = CARTESIAN_POINT('',(0.,0.));
#1515 = VECTOR('',#1516,1.);
#1516 = DIRECTION('',(1.,0.));
#1517 = ( GEOMETRIC_REPRESENTATION_CONTEXT(2) 
PARAMETRIC_REPRESENTATION_CONTEXT() REPRESENTATION_CONTEXT('2D SPACE',''
  ) );
#1518 = PCURVE('',#1298,#1519);
#1519 = DEFINITIONAL_REPRESENTATION('',(#1520),#1524);
#1520 = LINE('',#1521,#1522);
#1521 = CARTESIAN_POINT('',(2.944486372867,-5.1));
#1522 = VECTOR('',#1523,1.);
#1523 = DIRECTION('',(0.5,0.866025403784));
#1524 = ( GEOMETRIC_REPRESENTATION_CONTEXT(2) 
PARAMETRIC_REPRESENTATION_CONTEXT() REPRESENTATION_CONTEXT('2D SPACE',''
  ) );
#1525 = ORIENTED_EDGE('',*,*,#1526,.T.);
#1526 = EDGE_CURVE('',#1504,#478,#1527,.T.);
#1527 = SURFACE_CURVE('',#1528,(#1532,#1539),.PCURVE_S1.);
#1528 = LINE('',#1529,#1530);
#1529 = CARTESIAN_POINT('',(33.944486372867,7.9,3.));
#1530 = VECTOR('',#1531,1.);
#1531 = DIRECTION('',(0.,0.,1.));
#1532 = PCURVE('',#492,#1533);
#1533 = DEFINITIONAL_REPRESENTATION('',(#1534),#1538);
#1534 = LINE('',#1535,#1536);
#1535 = CARTESIAN_POINT('',(0.,0.));
#1536 = VECTOR('',#1537,1.);
#1537 = DIRECTION('',(0.,-1.));
#1538 = ( GEOMETRIC_REPRESENTATION_CONTEXT(2) 
PARAMETRIC_REPRESENTATION_CONTEXT() REPRESENTATION_CONTEXT('2D SPACE',''
  ) );
#1539 = PCURVE('',#518,#1540);
#1540 = DEFINITIONAL_REPRESENTATION('',(#1541),#1545);
#1541 = LINE('',#1542,#1543);
#1542 = CARTESIAN_POINT('',(5.888972745734,0.));
#1543 = VECTOR('',#1544,1.);
#1544 = DIRECTION('',(0.,-1.));
#1545 = ( GEOMETRIC_REPRESENTATION_CONTEXT(2) 
PARAMETRIC_REPRESENTATION_CONTEXT() REPRESENTATION_CONTEXT('2D SPACE',''
  ) );
#1546 = ORIENTED_EDGE('',*,*,#477,.F.);
#1547 = ORIENTED_EDGE('',*,*,#1428,.F.);
#1548 = ADVANCED_FACE('',(#1549),#518,.T.);
#1549 = FACE_BOUND('',#1550,.T.);
#1550 = EDGE_LOOP('',(#1551,#1572,#1573,#1574));
#1551 = ORIENTED_EDGE('',*,*,#1552,.F.);
#1552 = EDGE_CURVE('',#1455,#1504,#1553,.T.);
#1553 = SURFACE_CURVE('',#1554,(#1558,#1565),.PCURVE_S1.);
#1554 = LINE('',#1555,#1556);
#1555 = CARTESIAN_POINT('',(28.055513627133,7.9,3.));
#1556 = VECTOR('',#1557,1.);
#1557 = DIRECTION('',(1.,-6.032824114145E-16,0.));
#1558 = PCURVE('',#518,#1559);
#1559 = DEFINITIONAL_REPRESENTATION('',(#1560),#1564);
#1560 = LINE('',#1561,#1562);
#1561 = CARTESIAN_POINT('',(0.,0.));
#1562 = VECTOR('',#1563,1.);
#1563 = DIRECTION('',(1.,0.));
#1564 = ( GEOMETRIC_REPRESENTATION_CONTEXT(2) 
PARAMETRIC_REPRESENTATION_CONTEXT() REPRESENTATION_CONTEXT('2D SPACE',''
  ) );
#1565 = PCURVE('',#1298,#1566);
#1566 = DEFINITIONAL_REPRESENTATION('',(#1567),#1571);
#1567 = LINE('',#1568,#1569);
#1568 = CARTESIAN_POINT('',(-2.944486372867,-5.1));
#1569 = VECTOR('',#1570,1.);
#1570 = DIRECTION('',(1.,-6.032824114145E-16));
#1571 = ( GEOMETRIC_REPRESENTATION_CONTEXT(2) 
PARAMETRIC_REPRESENTATION_CONTEXT() REPRESENTATION_CONTEXT('2D SPACE',''
  ) );
#1572 = ORIENTED_EDGE('',*,*,#1479,.T.);
#1573 = ORIENTED_EDGE('',*,*,#503,.F.);
#1574 = ORIENTED_EDGE('',*,*,#1526,.F.);
#1575 = ADVANCED_FACE('',(#1576),#598,.T.);
#1576 = FACE_BOUND('',#1577,.T.);
#1577 = EDGE_LOOP('',(#1578,#1608,#1629,#1630));
#1578 = ORIENTED_EDGE('',*,*,#1579,.F.);
#1579 = EDGE_CURVE('',#1580,#1582,#1584,.T.);
#1580 = VERTEX_POINT('',#1581);
#1581 = CARTESIAN_POINT('',(52.002221399786,18.2,3.));
#1582 = VERTEX_POINT('',#1583);
#1583 = CARTESIAN_POINT('',(45.997778600214,18.2,3.));
#1584 = SURFACE_CURVE('',#1585,(#1589,#1596),.PCURVE_S1.);
#1585 = LINE('',#1586,#1587);
#1586 = CARTESIAN_POINT('',(52.002221399786,18.2,3.));
#1587 = VECTOR('',#1588,1.);
#1588 = DIRECTION('',(-1.,0.,0.));
#1589 = PCURVE('',#598,#1590);
#1590 = DEFINITIONAL_REPRESENTATION('',(#1591),#1595);
#1591 = LINE('',#1592,#1593);
#1592 = CARTESIAN_POINT('',(0.,-0.));
#1593 = VECTOR('',#1594,1.);
#1594 = DIRECTION('',(1.,0.));
#1595 = ( GEOMETRIC_REPRESENTATION_CONTEXT(2) 
PARAMETRIC_REPRESENTATION_CONTEXT() REPRESENTATION_CONTEXT('2D SPACE',''
  ) );
#1596 = PCURVE('',#1597,#1602);
#1597 = PLANE('',#1598);
#1598 = AXIS2_PLACEMENT_3D('',#1599,#1600,#1601);
#1599 = CARTESIAN_POINT('',(49.,13.,3.));
#1600 = DIRECTION('',(0.,0.,1.));
#1601 = DIRECTION('',(1.,0.,-0.));
#1602 = DEFINITIONAL_REPRESENTATION('',(#1603),#1607);
#1603 = LINE('',#1604,#1605);
#1604 = CARTESIAN_POINT('',(3.002221399786,5.2));
#1605 = VECTOR('',#1606,1.);
#1606 = DIRECTION('',(-1.,0.));
#1607 = ( GEOMETRIC_REPRESENTATION_CONTEXT(2) 
PARAMETRIC_REPRESENTATION_CONTEXT() REPRESENTATION_CONTEXT('2D SPACE',''
  ) );
#1608 = ORIENTED_EDGE('',*,*,#1609,.T.);
#1609 = EDGE_CURVE('',#1580,#584,#1610,.T.);
#1610 = SURFACE_CURVE('',#1611,(#1615,#1622),.PCURVE_S1.);
#1611 = LINE('',#1612,#1613);
#1612 = CARTESIAN_POINT('',(52.002221399786,18.2,3.));
#1613 = VECTOR('',#1614,1.);
#1614 = DIRECTION('',(0.,0.,1.));
#1615 = PCURVE('',#598,#1616);
#1616 = DEFINITIONAL_REPRESENTATION('',(#1617),#1621);
#1617 = LINE('',#1618,#1619);
#1618 = CARTESIAN_POINT('',(0.,-0.));
#1619 = VECTOR('',#1620,1.);
#1620 = DIRECTION('',(0.,-1.));
#1621 = ( GEOMETRIC_REPRESENTATION_CONTEXT(2) 
PARAMETRIC_REPRESENTATION_CONTEXT() REPRESENTATION_CONTEXT('2D SPACE',''
  ) );
#1622 = PCURVE('',#624,#1623);
#1623 = DEFINITIONAL_REPRESENTATION('',(#1624),#1628);
#1624 = LINE('',#1625,#1626);
#1625 = CARTESIAN_POINT('',(6.004442799572,0.));
#1626 = VECTOR('',#1627,1.);
#1627 = DIRECTION('',(0.,-1.));
#1628 = ( GEOMETRIC_REPRESENTATION_CONTEXT(2) 
PARAMETRIC_REPRESENTATION_CONTEXT() REPRESENTATION_CONTEXT('2D SPACE',''
  ) );
#1629 = ORIENTED_EDGE('',*,*,#581,.F.);
#1630 = ORIENTED_EDGE('',*,*,#1631,.F.);
#1631 = EDGE_CURVE('',#1582,#582,#1632,.T.);
#1632 = SURFACE_CURVE('',#1633,(#1637,#1644),.PCURVE_S1.);
#1633 = LINE('',#1634,#1635);
#1634 = CARTESIAN_POINT('',(45.997778600214,18.2,3.));
#1635 = VECTOR('',#1636,1.);
#1636 = DIRECTION('',(0.,0.,1.));
#1637 = PCURVE('',#598,#1638);
#1638 = DEFINITIONAL_REPRESENTATION('',(#1639),#1643);
#1639 = LINE('',#1640,#1641);
#1640 = CARTESIAN_POINT('',(6.004442799572,0.));
#1641 = VECTOR('',#1642,1.);
#1642 = DIRECTION('',(0.,-1.));
#1643 = ( GEOMETRIC_REPRESENTATION_CONTEXT(2) 
PARAMETRIC_REPRESENTATION_CONTEXT() REPRESENTATION_CONTEXT('2D SPACE',''
  ) );
#1644 = PCURVE('',#726,#1645);
#1645 = DEFINITIONAL_REPRESENTATION('',(#1646),#1650);
#1646 = LINE('',#1647,#1648);
#1647 = CARTESIAN_POINT('',(0.,0.));
#1648 = VECTOR('',#1649,1.);
#1649 = DIRECTION('',(0.,-1.));
#1650 = ( GEOMETRIC_REPRESENTATION_CONTEXT(2) 
PARAMETRIC_REPRESENTATION_CONTEXT() REPRESENTATION_CONTEXT('2D SPACE',''
  ) );
#1651 = ADVANCED_FACE('',(#1652),#726,.T.);
#1652 = FACE_BOUND('',#1653,.T.);
#1653 = EDGE_LOOP('',(#1654,#1677,#1678,#1679));
#1654 = ORIENTED_EDGE('',*,*,#1655,.F.);
#1655 = EDGE_CURVE('',#1582,#1656,#1658,.T.);
#1656 = VERTEX_POINT('',#1657);
#1657 = CARTESIAN_POINT('',(42.995557200428,13.,3.));
#1658 = SURFACE_CURVE('',#1659,(#1663,#1670),.PCURVE_S1.);
#1659 = LINE('',#1660,#1661);
#1660 = CARTESIAN_POINT('',(45.997778600214,18.2,3.));
#1661 = VECTOR('',#1662,1.);
#1662 = DIRECTION('',(-0.5,-0.866025403784,0.));
#1663 = PCURVE('',#726,#1664);
#1664 = DEFINITIONAL_REPRESENTATION('',(#1665),#1669);
#1665 = LINE('',#1666,#1667);
#1666 = CARTESIAN_POINT('',(0.,0.));
#1667 = VECTOR('',#1668,1.);
#1668 = DIRECTION('',(1.,0.));
#1669 = ( GEOMETRIC_REPRESENTATION_CONTEXT(2) 
PARAMETRIC_REPRESENTATION_CONTEXT() REPRESENTATION_CONTEXT('2D SPACE',''
  ) );
#1670 = PCURVE('',#1597,#1671);
#1671 = DEFINITIONAL_REPRESENTATION('',(#1672),#1676);
#1672 = LINE('',#1673,#1674);
#1673 = CARTESIAN_POINT('',(-3.002221399786,5.2));
#1674 = VECTOR('',#1675,1.);
#1675 = DIRECTION('',(-0.5,-0.866025403784));
#1676 = ( GEOMETRIC_REPRESENTATION_CONTEXT(2) 
PARAMETRIC_REPRESENTATION_CONTEXT() REPRESENTATION_CONTEXT('2D SPACE',''
  ) );
#1677 = ORIENTED_EDGE('',*,*,#1631,.T.);
#1678 = ORIENTED_EDGE('',*,*,#713,.F.);
#1679 = ORIENTED_EDGE('',*,*,#1680,.F.);
#1680 = EDGE_CURVE('',#1656,#688,#1681,.T.);
#1681 = SURFACE_CURVE('',#1682,(#1686,#1693),.PCURVE_S1.);
#1682 = LINE('',#1683,#1684);
#1683 = CARTESIAN_POINT('',(42.995557200428,13.,3.));
#1684 = VECTOR('',#1685,1.);
#1685 = DIRECTION('',(0.,0.,1.));
#1686 = PCURVE('',#726,#1687);
#1687 = DEFINITIONAL_REPRESENTATION('',(#1688),#1692);
#1688 = LINE('',#1689,#1690);
#1689 = CARTESIAN_POINT('',(6.004442799572,0.));
#1690 = VECTOR('',#1691,1.);
#1691 = DIRECTION('',(0.,-1.));
#1692 = ( GEOMETRIC_REPRESENTATION_CONTEXT(2) 
PARAMETRIC_REPRESENTATION_CONTEXT() REPRESENTATION_CONTEXT('2D SPACE',''
  ) );
#1693 = PCURVE('',#702,#1694);
#1694 = DEFINITIONAL_REPRESENTATION('',(#1695),#1699);
#1695 = LINE('',#1696,#1697);
#1696 = CARTESIAN_POINT('',(0.,0.));
#1697 = VECTOR('',#1698,1.);
#1698 = DIRECTION('',(0.,-1.));
#1699 = ( GEOMETRIC_REPRESENTATION_CONTEXT(2) 
PARAMETRIC_REPRESENTATION_CONTEXT() REPRESENTATION_CONTEXT('2D SPACE',''
  ) );
#1700 = ADVANCED_FACE('',(#1701),#624,.T.);
#1701 = FACE_BOUND('',#1702,.T.);
#1702 = EDGE_LOOP('',(#1703,#1726,#1747,#1748));
#1703 = ORIENTED_EDGE('',*,*,#1704,.F.);
#1704 = EDGE_CURVE('',#1705,#1580,#1707,.T.);
#1705 = VERTEX_POINT('',#1706);
#1706 = CARTESIAN_POINT('',(55.004442799572,13.,3.));
#1707 = SURFACE_CURVE('',#1708,(#1712,#1719),.PCURVE_S1.);
#1708 = LINE('',#1709,#1710);
#1709 = CARTESIAN_POINT('',(55.004442799572,13.,3.));
#1710 = VECTOR('',#1711,1.);
#1711 = DIRECTION('',(-0.5,0.866025403784,0.));
#1712 = PCURVE('',#624,#1713);
#1713 = DEFINITIONAL_REPRESENTATION('',(#1714),#1718);
#1714 = LINE('',#1715,#1716);
#1715 = CARTESIAN_POINT('',(0.,0.));
#1716 = VECTOR('',#1717,1.);
#1717 = DIRECTION('',(1.,0.));
#1718 = ( GEOMETRIC_REPRESENTATION_CONTEXT(2) 
PARAMETRIC_REPRESENTATION_CONTEXT() REPRESENTATION_CONTEXT('2D SPACE',''
  ) );
#1719 = PCURVE('',#1597,#1720);
#1720 = DEFINITIONAL_REPRESENTATION('',(#1721),#1725);
#1721 = LINE('',#1722,#1723);
#1722 = CARTESIAN_POINT('',(6.004442799572,3.552713678801E-15));
#1723 = VECTOR('',#1724,1.);
#1724 = DIRECTION('',(-0.5,0.866025403784));
#1725 = ( GEOMETRIC_REPRESENTATION_CONTEXT(2) 
PARAMETRIC_REPRESENTATION_CONTEXT() REPRESENTATION_CONTEXT('2D SPACE',''
  ) );
#1726 = ORIENTED_EDGE('',*,*,#1727,.T.);
#1727 = EDGE_CURVE('',#1705,#610,#1728,.T.);
#1728 = SURFACE_CURVE('',#1729,(#1733,#1740),.PCURVE_S1.);
#1729 = LINE('',#1730,#1731);
#1730 = CARTESIAN_POINT('',(55.004442799572,13.,3.));
#1731 = VECTOR('',#1732,1.);
#1732 = DIRECTION('',(0.,0.,1.));
#1733 = PCURVE('',#624,#1734);
#1734 = DEFINITIONAL_REPRESENTATION('',(#1735),#1739);
#1735 = LINE('',#1736,#1737);
#1736 = CARTESIAN_POINT('',(0.,0.));
#1737 = VECTOR('',#1738,1.);
#1738 = DIRECTION('',(0.,-1.));
#1739 = ( GEOMETRIC_REPRESENTATION_CONTEXT(2) 
PARAMETRIC_REPRESENTATION_CONTEXT() REPRESENTATION_CONTEXT('2D SPACE',''
  ) );
#1740 = PCURVE('',#650,#1741);
#1741 = DEFINITIONAL_REPRESENTATION('',(#1742),#1746);
#1742 = LINE('',#1743,#1744);
#1743 = CARTESIAN_POINT('',(6.004442799572,0.));
#1744 = VECTOR('',#1745,1.);
#1745 = DIRECTION('',(0.,-1.));
#1746 = ( GEOMETRIC_REPRESENTATION_CONTEXT(2) 
PARAMETRIC_REPRESENTATION_CONTEXT() REPRESENTATION_CONTEXT('2D SPACE',''
  ) );
#1747 = ORIENTED_EDGE('',*,*,#609,.F.);
#1748 = ORIENTED_EDGE('',*,*,#1609,.F.);
#1749 = ADVANCED_FACE('',(#1750),#702,.T.);
#1750 = FACE_BOUND('',#1751,.T.);
#1751 = EDGE_LOOP('',(#1752,#1775,#1776,#1777));
#1752 = ORIENTED_EDGE('',*,*,#1753,.F.);
#1753 = EDGE_CURVE('',#1656,#1754,#1756,.T.);
#1754 = VERTEX_POINT('',#1755);
#1755 = CARTESIAN_POINT('',(45.997778600214,7.8,3.));
#1756 = SURFACE_CURVE('',#1757,(#1761,#1768),.PCURVE_S1.);
#1757 = LINE('',#1758,#1759);
#1758 = CARTESIAN_POINT('',(42.995557200428,13.,3.));
#1759 = VECTOR('',#1760,1.);
#1760 = DIRECTION('',(0.5,-0.866025403784,0.));
#1761 = PCURVE('',#702,#1762);
#1762 = DEFINITIONAL_REPRESENTATION('',(#1763),#1767);
#1763 = LINE('',#1764,#1765);
#1764 = CARTESIAN_POINT('',(0.,0.));
#1765 = VECTOR('',#1766,1.);
#1766 = DIRECTION('',(1.,0.));
#1767 = ( GEOMETRIC_REPRESENTATION_CONTEXT(2) 
PARAMETRIC_REPRESENTATION_CONTEXT() REPRESENTATION_CONTEXT('2D SPACE',''
  ) );
#1768 = PCURVE('',#1597,#1769);
#1769 = DEFINITIONAL_REPRESENTATION('',(#1770),#1774);
#1770 = LINE('',#1771,#1772);
#1771 = CARTESIAN_POINT('',(-6.004442799572,3.552713678801E-15));
#1772 = VECTOR('',#1773,1.);
#1773 = DIRECTION('',(0.5,-0.866025403784));
#1774 = ( GEOMETRIC_REPRESENTATION_CONTEXT(2) 
PARAMETRIC_REPRESENTATION_CONTEXT() REPRESENTATION_CONTEXT('2D SPACE',''
  ) );
#1775 = ORIENTED_EDGE('',*,*,#1680,.T.);
#1776 = ORIENTED_EDGE('',*,*,#687,.F.);
#1777 = ORIENTED_EDGE('',*,*,#1778,.F.);
#1778 = EDGE_CURVE('',#1754,#662,#1779,.T.);
#1779 = SURFACE_CURVE('',#1780,(#1784,#1791),.PCURVE_S1.);
#1780 = LINE('',#1781,#1782);
#1781 = CARTESIAN_POINT('',(45.997778600214,7.8,3.));
#1782 = VECTOR('',#1783,1.);
#1783 = DIRECTION('',(0.,0.,1.));
#1784 = PCURVE('',#702,#1785);
#1785 = DEFINITIONAL_REPRESENTATION('',(#1786),#1790);
#1786 = LINE('',#1787,#1788);
#1787 = CARTESIAN_POINT('',(6.004442799572,0.));
#1788 = VECTOR('',#1789,1.);
#1789 = DIRECTION('',(0.,-1.));
#1790 = ( GEOMETRIC_REPRESENTATION_CONTEXT(2) 
PARAMETRIC_REPRESENTATION_CONTEXT() REPRESENTATION_CONTEXT('2D SPACE',''
  ) );
#1791 = PCURVE('',#676,#1792);
#1792 = DEFINITIONAL_REPRESENTATION('',(#1793),#1797);
#1793 = LINE('',#1794,#1795);
#1794 = CARTESIAN_POINT('',(0.,0.));
#1795 = VECTOR('',#1796,1.);
#1796 = DIRECTION('',(0.,-1.));
#1797 = ( GEOMETRIC_REPRESENTATION_CONTEXT(2) 
PARAMETRIC_REPRESENTATION_CONTEXT() REPRESENTATION_CONTEXT('2D SPACE',''
  ) );
#1798 = ADVANCED_FACE('',(#1799),#650,.T.);
#1799 = FACE_BOUND('',#1800,.T.);
#1800 = EDGE_LOOP('',(#1801,#1824,#1845,#1846));
#1801 = ORIENTED_EDGE('',*,*,#1802,.F.);
#1802 = EDGE_CURVE('',#1803,#1705,#1805,.T.);
#1803 = VERTEX_POINT('',#1804);
#1804 = CARTESIAN_POINT('',(52.002221399786,7.8,3.));
#1805 = SURFACE_CURVE('',#1806,(#1810,#1817),.PCURVE_S1.);
#1806 = LINE('',#1807,#1808);
#1807 = CARTESIAN_POINT('',(52.002221399786,7.8,3.));
#1808 = VECTOR('',#1809,1.);
#1809 = DIRECTION('',(0.5,0.866025403784,0.));
#1810 = PCURVE('',#650,#1811);
#1811 = DEFINITIONAL_REPRESENTATION('',(#1812),#1816);
#1812 = LINE('',#1813,#1814);
#1813 = CARTESIAN_POINT('',(0.,0.));
#1814 = VECTOR('',#1815,1.);
#1815 = DIRECTION('',(1.,0.));
#1816 = ( GEOMETRIC_REPRESENTATION_CONTEXT(2) 
PARAMETRIC_REPRESENTATION_CONTEXT() REPRESENTATION_CONTEXT('2D SPACE',''
  ) );
#1817 = PCURVE('',#1597,#1818);
#1818 = DEFINITIONAL_REPRESENTATION('',(#1819),#1823);
#1819 = LINE('',#1820,#1821);
#1820 = CARTESIAN_POINT('',(3.002221399786,-5.2));
#1821 = VECTOR('',#1822,1.);
#1822 = DIRECTION('',(0.5,0.866025403784));
#1823 = ( GEOMETRIC_REPRESENTATION_CONTEXT(2) 
PARAMETRIC_REPRESENTATION_CONTEXT() REPRESENTATION_CONTEXT('2D SPACE',''
  ) );
#1824 = ORIENTED_EDGE('',*,*,#1825,.T.);
#1825 = EDGE_CURVE('',#1803,#636,#1826,.T.);
#1826 = SURFACE_CURVE('',#1827,(#1831,#1838),.PCURVE_S1.);
#1827 = LINE('',#1828,#1829);
#1828 = CARTESIAN_POINT('',(52.002221399786,7.8,3.));
#1829 = VECTOR('',#1830,1.);
#1830 = DIRECTION('',(0.,0.,1.));
#1831 = PCURVE('',#650,#1832);
#1832 = DEFINITIONAL_REPRESENTATION('',(#1833),#1837);
#1833 = LINE('',#1834,#1835);
#1834 = CARTESIAN_POINT('',(0.,0.));
#1835 = VECTOR('',#1836,1.);
#1836 = DIRECTION('',(0.,-1.));
#1837 = ( GEOMETRIC_REPRESENTATION_CONTEXT(2) 
PARAMETRIC_REPRESENTATION_CONTEXT() REPRESENTATION_CONTEXT('2D SPACE',''
  ) );
#1838 = PCURVE('',#676,#1839);
#1839 = DEFINITIONAL_REPRESENTATION('',(#1840),#1844);
#1840 = LINE('',#1841,#1842);
#1841 = CARTESIAN_POINT('',(6.004442799572,0.));
#1842 = VECTOR('',#1843,1.);
#1843 = DIRECTION('',(0.,-1.));
#1844 = ( GEOMETRIC_REPRESENTATION_CONTEXT(2) 
PARAMETRIC_REPRESENTATION_CONTEXT() REPRESENTATION_CONTEXT('2D SPACE',''
  ) );
#1845 = ORIENTED_EDGE('',*,*,#635,.F.);
#1846 = ORIENTED_EDGE('',*,*,#1727,.F.);
#1847 = ADVANCED_FACE('',(#1848),#676,.T.);
#1848 = FACE_BOUND('',#1849,.T.);
#1849 = EDGE_LOOP('',(#1850,#1871,#1872,#1873));
#1850 = ORIENTED_EDGE('',*,*,#1851,.F.);
#1851 = EDGE_CURVE('',#1754,#1803,#1852,.T.);
#1852 = SURFACE_CURVE('',#1853,(#1857,#1864),.PCURVE_S1.);
#1853 = LINE('',#1854,#1855);
#1854 = CARTESIAN_POINT('',(45.997778600214,7.8,3.));
#1855 = VECTOR('',#1856,1.);
#1856 = DIRECTION('',(1.,-5.916808265796E-16,0.));
#1857 = PCURVE('',#676,#1858);
#1858 = DEFINITIONAL_REPRESENTATION('',(#1859),#1863);
#1859 = LINE('',#1860,#1861);
#1860 = CARTESIAN_POINT('',(0.,0.));
#1861 = VECTOR('',#1862,1.);
#1862 = DIRECTION('',(1.,0.));
#1863 = ( GEOMETRIC_REPRESENTATION_CONTEXT(2) 
PARAMETRIC_REPRESENTATION_CONTEXT() REPRESENTATION_CONTEXT('2D SPACE',''
  ) );
#1864 = PCURVE('',#1597,#1865);
#1865 = DEFINITIONAL_REPRESENTATION('',(#1866),#1870);
#1866 = LINE('',#1867,#1868);
#1867 = CARTESIAN_POINT('',(-3.002221399786,-5.2));
#1868 = VECTOR('',#1869,1.);
#1869 = DIRECTION('',(1.,-5.916808265796E-16));
#1870 = ( GEOMETRIC_REPRESENTATION_CONTEXT(2) 
PARAMETRIC_REPRESENTATION_CONTEXT() REPRESENTATION_CONTEXT('2D SPACE',''
  ) );
#1871 = ORIENTED_EDGE('',*,*,#1778,.T.);
#1872 = ORIENTED_EDGE('',*,*,#661,.F.);
#1873 = ORIENTED_EDGE('',*,*,#1825,.F.);
#1874 = ADVANCED_FACE('',(#1875),#756,.T.);
#1875 = FACE_BOUND('',#1876,.T.);
#1876 = EDGE_LOOP('',(#1877,#1907,#1928,#1929));
#1877 = ORIENTED_EDGE('',*,*,#1878,.F.);
#1878 = EDGE_CURVE('',#1879,#1881,#1883,.T.);
#1879 = VERTEX_POINT('',#1880);
#1880 = CARTESIAN_POINT('',(70.059956426705,18.3,3.));
#1881 = VERTEX_POINT('',#1882);
#1882 = CARTESIAN_POINT('',(63.940043573295,18.3,3.));
#1883 = SURFACE_CURVE('',#1884,(#1888,#1895),.PCURVE_S1.);
#1884 = LINE('',#1885,#1886);
#1885 = CARTESIAN_POINT('',(70.059956426705,18.3,3.));
#1886 = VECTOR('',#1887,1.);
#1887 = DIRECTION('',(-1.,1.451292593497E-16,0.));
#1888 = PCURVE('',#756,#1889);
#1889 = DEFINITIONAL_REPRESENTATION('',(#1890),#1894);
#1890 = LINE('',#1891,#1892);
#1891 = CARTESIAN_POINT('',(0.,0.));
#1892 = VECTOR('',#1893,1.);
#1893 = DIRECTION('',(1.,0.));
#1894 = ( GEOMETRIC_REPRESENTATION_CONTEXT(2) 
PARAMETRIC_REPRESENTATION_CONTEXT() REPRESENTATION_CONTEXT('2D SPACE',''
  ) );
#1895 = PCURVE('',#1896,#1901);
#1896 = PLANE('',#1897);
#1897 = AXIS2_PLACEMENT_3D('',#1898,#1899,#1900);
#1898 = CARTESIAN_POINT('',(67.,13.,3.));
#1899 = DIRECTION('',(0.,0.,1.));
#1900 = DIRECTION('',(1.,0.,-0.));
#1901 = DEFINITIONAL_REPRESENTATION('',(#1902),#1906);
#1902 = LINE('',#1903,#1904);
#1903 = CARTESIAN_POINT('',(3.059956426705,5.3));
#1904 = VECTOR('',#1905,1.);
#1905 = DIRECTION('',(-1.,1.451292593497E-16));
#1906 = ( GEOMETRIC_REPRESENTATION_CONTEXT(2) 
PARAMETRIC_REPRESENTATION_CONTEXT() REPRESENTATION_CONTEXT('2D SPACE',''
  ) );
#1907 = ORIENTED_EDGE('',*,*,#1908,.T.);
#1908 = EDGE_CURVE('',#1879,#742,#1909,.T.);
#1909 = SURFACE_CURVE('',#1910,(#1914,#1921),.PCURVE_S1.);
#1910 = LINE('',#1911,#1912);
#1911 = CARTESIAN_POINT('',(70.059956426705,18.3,3.));
#1912 = VECTOR('',#1913,1.);
#1913 = DIRECTION('',(0.,0.,1.));
#1914 = PCURVE('',#756,#1915);
#1915 = DEFINITIONAL_REPRESENTATION('',(#1916),#1920);
#1916 = LINE('',#1917,#1918);
#1917 = CARTESIAN_POINT('',(0.,0.));
#1918 = VECTOR('',#1919,1.);
#1919 = DIRECTION('',(0.,-1.));
#1920 = ( GEOMETRIC_REPRESENTATION_CONTEXT(2) 
PARAMETRIC_REPRESENTATION_CONTEXT() REPRESENTATION_CONTEXT('2D SPACE',''
  ) );
#1921 = PCURVE('',#782,#1922);
#1922 = DEFINITIONAL_REPRESENTATION('',(#1923),#1927);
#1923 = LINE('',#1924,#1925);
#1924 = CARTESIAN_POINT('',(6.11991285341,0.));
#1925 = VECTOR('',#1926,1.);
#1926 = DIRECTION('',(0.,-1.));
#1927 = ( GEOMETRIC_REPRESENTATION_CONTEXT(2) 
PARAMETRIC_REPRESENTATION_CONTEXT() REPRESENTATION_CONTEXT('2D SPACE',''
  ) );
#1928 = ORIENTED_EDGE('',*,*,#739,.F.);
#1929 = ORIENTED_EDGE('',*,*,#1930,.F.);
#1930 = EDGE_CURVE('',#1881,#740,#1931,.T.);
#1931 = SURFACE_CURVE('',#1932,(#1936,#1943),.PCURVE_S1.);
#1932 = LINE('',#1933,#1934);
#1933 = CARTESIAN_POINT('',(63.940043573295,18.3,3.));
#1934 = VECTOR('',#1935,1.);
#1935 = DIRECTION('',(0.,0.,1.));
#1936 = PCURVE('',#756,#1937);
#1937 = DEFINITIONAL_REPRESENTATION('',(#1938),#1942);
#1938 = LINE('',#1939,#1940);
#1939 = CARTESIAN_POINT('',(6.11991285341,0.));
#1940 = VECTOR('',#1941,1.);
#1941 = DIRECTION('',(0.,-1.));
#1942 = ( GEOMETRIC_REPRESENTATION_CONTEXT(2) 
PARAMETRIC_REPRESENTATION_CONTEXT() REPRESENTATION_CONTEXT('2D SPACE',''
  ) );
#1943 = PCURVE('',#884,#1944);
#1944 = DEFINITIONAL_REPRESENTATION('',(#1945),#1949);
#1945 = LINE('',#1946,#1947);
#1946 = CARTESIAN_POINT('',(0.,0.));
#1947 = VECTOR('',#1948,1.);
#1948 = DIRECTION('',(0.,-1.));
#1949 = ( GEOMETRIC_REPRESENTATION_CONTEXT(2) 
PARAMETRIC_REPRESENTATION_CONTEXT() REPRESENTATION_CONTEXT('2D SPACE',''
  ) );
#1950 = ADVANCED_FACE('',(#1951),#884,.T.);
#1951 = FACE_BOUND('',#1952,.T.);
#1952 = EDGE_LOOP('',(#1953,#1976,#1977,#1978));
#1953 = ORIENTED_EDGE('',*,*,#1954,.F.);
#1954 = EDGE_CURVE('',#1881,#1955,#1957,.T.);
#1955 = VERTEX_POINT('',#1956);
#1956 = CARTESIAN_POINT('',(60.88008714659,13.,3.));
#1957 = SURFACE_CURVE('',#1958,(#1962,#1969),.PCURVE_S1.);
#1958 = LINE('',#1959,#1960);
#1959 = CARTESIAN_POINT('',(63.940043573295,18.3,3.));
#1960 = VECTOR('',#1961,1.);
#1961 = DIRECTION('',(-0.5,-0.866025403784,0.));
#1962 = PCURVE('',#884,#1963);
#1963 = DEFINITIONAL_REPRESENTATION('',(#1964),#1968);
#1964 = LINE('',#1965,#1966);
#1965 = CARTESIAN_POINT('',(0.,0.));
#1966 = VECTOR('',#1967,1.);
#1967 = DIRECTION('',(1.,0.));
#1968 = ( GEOMETRIC_REPRESENTATION_CONTEXT(2) 
PARAMETRIC_REPRESENTATION_CONTEXT() REPRESENTATION_CONTEXT('2D SPACE',''
  ) );
#1969 = PCURVE('',#1896,#1970);
#1970 = DEFINITIONAL_REPRESENTATION('',(#1971),#1975);
#1971 = LINE('',#1972,#1973);
#1972 = CARTESIAN_POINT('',(-3.059956426705,5.3));
#1973 = VECTOR('',#1974,1.);
#1974 = DIRECTION('',(-0.5,-0.866025403784));
#1975 = ( GEOMETRIC_REPRESENTATION_CONTEXT(2) 
PARAMETRIC_REPRESENTATION_CONTEXT() REPRESENTATION_CONTEXT('2D SPACE',''
  ) );
#1976 = ORIENTED_EDGE('',*,*,#1930,.T.);
#1977 = ORIENTED_EDGE('',*,*,#871,.F.);
#1978 = ORIENTED_EDGE('',*,*,#1979,.F.);
#1979 = EDGE_CURVE('',#1955,#846,#1980,.T.);
#1980 = SURFACE_CURVE('',#1981,(#1985,#1992),.PCURVE_S1.);
#1981 = LINE('',#1982,#1983);
#1982 = CARTESIAN_POINT('',(60.88008714659,13.,3.));
#1983 = VECTOR('',#1984,1.);
#1984 = DIRECTION('',(0.,0.,1.));
#1985 = PCURVE('',#884,#1986);
#1986 = DEFINITIONAL_REPRESENTATION('',(#1987),#1991);
#1987 = LINE('',#1988,#1989);
#1988 = CARTESIAN_POINT('',(6.11991285341,0.));
#1989 = VECTOR('',#1990,1.);
#1990 = DIRECTION('',(0.,-1.));
#1991 = ( GEOMETRIC_REPRESENTATION_CONTEXT(2) 
PARAMETRIC_REPRESENTATION_CONTEXT() REPRESENTATION_CONTEXT('2D SPACE',''
  ) );
#1992 = PCURVE('',#860,#1993);
#1993 = DEFINITIONAL_REPRESENTATION('',(#1994),#1998);
#1994 = LINE('',#1995,#1996);
#1995 = CARTESIAN_POINT('',(0.,0.));
#1996 = VECTOR('',#1997,1.);
#1997 = DIRECTION('',(0.,-1.));
#1998 = ( GEOMETRIC_REPRESENTATION_CONTEXT(2) 
PARAMETRIC_REPRESENTATION_CONTEXT() REPRESENTATION_CONTEXT('2D SPACE',''
  ) );
#1999 = ADVANCED_FACE('',(#2000),#860,.T.);
#2000 = FACE_BOUND('',#2001,.T.);
#2001 = EDGE_LOOP('',(#2002,#2025,#2026,#2027));
#2002 = ORIENTED_EDGE('',*,*,#2003,.F.);
#2003 = EDGE_CURVE('',#1955,#2004,#2006,.T.);
#2004 = VERTEX_POINT('',#2005);
#2005 = CARTESIAN_POINT('',(63.940043573295,7.7,3.));
#2006 = SURFACE_CURVE('',#2007,(#2011,#2018),.PCURVE_S1.);
#2007 = LINE('',#2008,#2009);
#2008 = CARTESIAN_POINT('',(60.88008714659,13.,3.));
#2009 = VECTOR('',#2010,1.);
#2010 = DIRECTION('',(0.5,-0.866025403784,0.));
#2011 = PCURVE('',#860,#2012);
#2012 = DEFINITIONAL_REPRESENTATION('',(#2013),#2017);
#2013 = LINE('',#2014,#2015);
#2014 = CARTESIAN_POINT('',(0.,0.));
#2015 = VECTOR('',#2016,1.);
#2016 = DIRECTION('',(1.,0.));
#2017 = ( GEOMETRIC_REPRESENTATION_CONTEXT(2) 
PARAMETRIC_REPRESENTATION_CONTEXT() REPRESENTATION_CONTEXT('2D SPACE',''
  ) );
#2018 = PCURVE('',#1896,#2019);
#2019 = DEFINITIONAL_REPRESENTATION('',(#2020),#2024);
#2020 = LINE('',#2021,#2022);
#2021 = CARTESIAN_POINT('',(-6.11991285341,1.7763568394E-15));
#2022 = VECTOR('',#2023,1.);
#2023 = DIRECTION('',(0.5,-0.866025403784));
#2024 = ( GEOMETRIC_REPRESENTATION_CONTEXT(2) 
PARAMETRIC_REPRESENTATION_CONTEXT() REPRESENTATION_CONTEXT('2D SPACE',''
  ) );
#2025 = ORIENTED_EDGE('',*,*,#1979,.T.);
#2026 = ORIENTED_EDGE('',*,*,#845,.F.);
#2027 = ORIENTED_EDGE('',*,*,#2028,.F.);
#2028 = EDGE_CURVE('',#2004,#820,#2029,.T.);
#2029 = SURFACE_CURVE('',#2030,(#2034,#2041),.PCURVE_S1.);
#2030 = LINE('',#2031,#2032);
#2031 = CARTESIAN_POINT('',(63.940043573295,7.7,3.));
#2032 = VECTOR('',#2033,1.);
#2033 = DIRECTION('',(0.,0.,1.));
#2034 = PCURVE('',#860,#2035);
#2035 = DEFINITIONAL_REPRESENTATION('',(#2036),#2040);
#2036 = LINE('',#2037,#2038);
#2037 = CARTESIAN_POINT('',(6.11991285341,0.));
#2038 = VECTOR('',#2039,1.);
#2039 = DIRECTION('',(0.,-1.));
#2040 = ( GEOMETRIC_REPRESENTATION_CONTEXT(2) 
PARAMETRIC_REPRESENTATION_CONTEXT() REPRESENTATION_CONTEXT('2D SPACE',''
  ) );
#2041 = PCURVE('',#834,#2042);
#2042 = DEFINITIONAL_REPRESENTATION('',(#2043),#2047);
#2043 = LINE('',#2044,#2045);
#2044 = CARTESIAN_POINT('',(0.,0.));
#2045 = VECTOR('',#2046,1.);
#2046 = DIRECTION('',(0.,-1.));
#2047 = ( GEOMETRIC_REPRESENTATION_CONTEXT(2) 
PARAMETRIC_REPRESENTATION_CONTEXT() REPRESENTATION_CONTEXT('2D SPACE',''
  ) );
#2048 = ADVANCED_FACE('',(#2049),#834,.T.);
#2049 = FACE_BOUND('',#2050,.T.);
#2050 = EDGE_LOOP('',(#2051,#2074,#2075,#2076));
#2051 = ORIENTED_EDGE('',*,*,#2052,.F.);
#2052 = EDGE_CURVE('',#2004,#2053,#2055,.T.);
#2053 = VERTEX_POINT('',#2054);
#2054 = CARTESIAN_POINT('',(70.059956426705,7.7,3.));
#2055 = SURFACE_CURVE('',#2056,(#2060,#2067),.PCURVE_S1.);
#2056 = LINE('',#2057,#2058);
#2057 = CARTESIAN_POINT('',(63.940043573295,7.7,3.));
#2058 = VECTOR('',#2059,1.);
#2059 = DIRECTION('',(1.,-4.353877780491E-16,0.));
#2060 = PCURVE('',#834,#2061);
#2061 = DEFINITIONAL_REPRESENTATION('',(#2062),#2066);
#2062 = LINE('',#2063,#2064);
#2063 = CARTESIAN_POINT('',(0.,0.));
#2064 = VECTOR('',#2065,1.);
#2065 = DIRECTION('',(1.,0.));
#2066 = ( GEOMETRIC_REPRESENTATION_CONTEXT(2) 
PARAMETRIC_REPRESENTATION_CONTEXT() REPRESENTATION_CONTEXT('2D SPACE',''
  ) );
#2067 = PCURVE('',#1896,#2068);
#2068 = DEFINITIONAL_REPRESENTATION('',(#2069),#2073);
#2069 = LINE('',#2070,#2071);
#2070 = CARTESIAN_POINT('',(-3.059956426705,-5.3));
#2071 = VECTOR('',#2072,1.);
#2072 = DIRECTION('',(1.,-4.353877780491E-16));
#2073 = ( GEOMETRIC_REPRESENTATION_CONTEXT(2) 
PARAMETRIC_REPRESENTATION_CONTEXT() REPRESENTATION_CONTEXT('2D SPACE',''
  ) );
#2074 = ORIENTED_EDGE('',*,*,#2028,.T.);
#2075 = ORIENTED_EDGE('',*,*,#819,.F.);
#2076 = ORIENTED_EDGE('',*,*,#2077,.F.);
#2077 = EDGE_CURVE('',#2053,#794,#2078,.T.);
#2078 = SURFACE_CURVE('',#2079,(#2083,#2090),.PCURVE_S1.);
#2079 = LINE('',#2080,#2081);
#2080 = CARTESIAN_POINT('',(70.059956426705,7.7,3.));
#2081 = VECTOR('',#2082,1.);
#2082 = DIRECTION('',(0.,0.,1.));
#2083 = PCURVE('',#834,#2084);
#2084 = DEFINITIONAL_REPRESENTATION('',(#2085),#2089);
#2085 = LINE('',#2086,#2087);
#2086 = CARTESIAN_POINT('',(6.11991285341,0.));
#2087 = VECTOR('',#2088,1.);
#2088 = DIRECTION('',(0.,-1.));
#2089 = ( GEOMETRIC_REPRESENTATION_CONTEXT(2) 
PARAMETRIC_REPRESENTATION_CONTEXT() REPRESENTATION_CONTEXT('2D SPACE',''
  ) );
#2090 = PCURVE('',#808,#2091);
#2091 = DEFINITIONAL_REPRESENTATION('',(#2092),#2096);
#2092 = LINE('',#2093,#2094);
#2093 = CARTESIAN_POINT('',(0.,0.));
#2094 = VECTOR('',#2095,1.);
#2095 = DIRECTION('',(0.,-1.));
#2096 = ( GEOMETRIC_REPRESENTATION_CONTEXT(2) 
PARAMETRIC_REPRESENTATION_CONTEXT() REPRESENTATION_CONTEXT('2D SPACE',''
  ) );
#2097 = ADVANCED_FACE('',(#2098),#808,.T.);
#2098 = FACE_BOUND('',#2099,.T.);
#2099 = EDGE_LOOP('',(#2100,#2123,#2124,#2125));
#2100 = ORIENTED_EDGE('',*,*,#2101,.F.);
#2101 = EDGE_CURVE('',#2053,#2102,#2104,.T.);
#2102 = VERTEX_POINT('',#2103);
#2103 = CARTESIAN_POINT('',(73.11991285341,13.,3.));
#2104 = SURFACE_CURVE('',#2105,(#2109,#2116),.PCURVE_S1.);
#2105 = LINE('',#2106,#2107);
#2106 = CARTESIAN_POINT('',(70.059956426705,7.7,3.));
#2107 = VECTOR('',#2108,1.);
#2108 = DIRECTION('',(0.5,0.866025403784,0.));
#2109 = PCURVE('',#808,#2110);
#2110 = DEFINITIONAL_REPRESENTATION('',(#2111),#2115);
#2111 = LINE('',#2112,#2113);
#2112 = CARTESIAN_POINT('',(0.,0.));
#2113 = VECTOR('',#2114,1.);
#2114 = DIRECTION('',(1.,0.));
#2115 = ( GEOMETRIC_REPRESENTATION_CONTEXT(2) 
PARAMETRIC_REPRESENTATION_CONTEXT() REPRESENTATION_CONTEXT('2D SPACE',''
  ) );
#2116 = PCURVE('',#1896,#2117);
#2117 = DEFINITIONAL_REPRESENTATION('',(#2118),#2122);
#2118 = LINE('',#2119,#2120);
#2119 = CARTESIAN_POINT('',(3.059956426705,-5.3));
#2120 = VECTOR('',#2121,1.);
#2121 = DIRECTION('',(0.5,0.866025403784));
#2122 = ( GEOMETRIC_REPRESENTATION_CONTEXT(2) 
PARAMETRIC_REPRESENTATION_CONTEXT() REPRESENTATION_CONTEXT('2D SPACE',''
  ) );
#2123 = ORIENTED_EDGE('',*,*,#2077,.T.);
#2124 = ORIENTED_EDGE('',*,*,#793,.F.);
#2125 = ORIENTED_EDGE('',*,*,#2126,.F.);
#2126 = EDGE_CURVE('',#2102,#768,#2127,.T.);
#2127 = SURFACE_CURVE('',#2128,(#2132,#2139),.PCURVE_S1.);
#2128 = LINE('',#2129,#2130);
#2129 = CARTESIAN_POINT('',(73.11991285341,13.,3.));
#2130 = VECTOR('',#2131,1.);
#2131 = DIRECTION('',(0.,0.,1.));
#2132 = PCURVE('',#808,#2133);
#2133 = DEFINITIONAL_REPRESENTATION('',(#2134),#2138);
#2134 = LINE('',#2135,#2136);
#2135 = CARTESIAN_POINT('',(6.11991285341,0.));
#2136 = VECTOR('',#2137,1.);
#2137 = DIRECTION('',(0.,-1.));
#2138 = ( GEOMETRIC_REPRESENTATION_CONTEXT(2) 
PARAMETRIC_REPRESENTATION_CONTEXT() REPRESENTATION_CONTEXT('2D SPACE',''
  ) );
#2139 = PCURVE('',#782,#2140);
#2140 = DEFINITIONAL_REPRESENTATION('',(#2141),#2145);
#2141 = LINE('',#2142,#2143);
#2142 = CARTESIAN_POINT('',(0.,0.));
#2143 = VECTOR('',#2144,1.);
#2144 = DIRECTION('',(0.,-1.));
#2145 = ( GEOMETRIC_REPRESENTATION_CONTEXT(2) 
PARAMETRIC_REPRESENTATION_CONTEXT() REPRESENTATION_CONTEXT('2D SPACE',''
  ) );
#2146 = ADVANCED_FACE('',(#2147),#782,.T.);
#2147 = FACE_BOUND('',#2148,.T.);
#2148 = EDGE_LOOP('',(#2149,#2170,#2171,#2172));
#2149 = ORIENTED_EDGE('',*,*,#2150,.F.);
#2150 = EDGE_CURVE('',#2102,#1879,#2151,.T.);
#2151 = SURFACE_CURVE('',#2152,(#2156,#2163),.PCURVE_S1.);
#2152 = LINE('',#2153,#2154);
#2153 = CARTESIAN_POINT('',(73.11991285341,13.,3.));
#2154 = VECTOR('',#2155,1.);
#2155 = DIRECTION('',(-0.5,0.866025403784,0.));
#2156 = PCURVE('',#782,#2157);
#2157 = DEFINITIONAL_REPRESENTATION('',(#2158),#2162);
#2158 = LINE('',#2159,#2160);
#2159 = CARTESIAN_POINT('',(0.,0.));
#2160 = VECTOR('',#2161,1.);
#2161 = DIRECTION('',(1.,0.));
#2162 = ( GEOMETRIC_REPRESENTATION_CONTEXT(2) 
PARAMETRIC_REPRESENTATION_CONTEXT() REPRESENTATION_CONTEXT('2D SPACE',''
  ) );
#2163 = PCURVE('',#1896,#2164);
#2164 = DEFINITIONAL_REPRESENTATION('',(#2165),#2169);
#2165 = LINE('',#2166,#2167);
#2166 = CARTESIAN_POINT('',(6.11991285341,1.7763568394E-15));
#2167 = VECTOR('',#2168,1.);
#2168 = DIRECTION('',(-0.5,0.866025403784));
#2169 = ( GEOMETRIC_REPRESENTATION_CONTEXT(2) 
PARAMETRIC_REPRESENTATION_CONTEXT() REPRESENTATION_CONTEXT('2D SPACE',''
  ) );
#2170 = ORIENTED_EDGE('',*,*,#2126,.T.);
#2171 = ORIENTED_EDGE('',*,*,#767,.F.);
#2172 = ORIENTED_EDGE('',*,*,#1908,.F.);
#2173 = ADVANCED_FACE('',(#2174),#999,.T.);
#2174 = FACE_BOUND('',#2175,.T.);
#2175 = EDGE_LOOP('',(#2176,#2177,#2178,#2179,#2180,#2181));
#2176 = ORIENTED_EDGE('',*,*,#1106,.T.);
#2177 = ORIENTED_EDGE('',*,*,#981,.T.);
#2178 = ORIENTED_EDGE('',*,*,#1057,.T.);
#2179 = ORIENTED_EDGE('',*,*,#1155,.T.);
#2180 = ORIENTED_EDGE('',*,*,#1253,.T.);
#2181 = ORIENTED_EDGE('',*,*,#1204,.T.);
#2182 = ADVANCED_FACE('',(#2183),#1298,.T.);
#2183 = FACE_BOUND('',#2184,.T.);
#2184 = EDGE_LOOP('',(#2185,#2186,#2187,#2188,#2189,#2190));
#2185 = ORIENTED_EDGE('',*,*,#1405,.T.);
#2186 = ORIENTED_EDGE('',*,*,#1280,.T.);
#2187 = ORIENTED_EDGE('',*,*,#1356,.T.);
#2188 = ORIENTED_EDGE('',*,*,#1454,.T.);
#2189 = ORIENTED_EDGE('',*,*,#1552,.T.);
#2190 = ORIENTED_EDGE('',*,*,#1503,.T.);
#2191 = ADVANCED_FACE('',(#2192),#1597,.T.);
#2192 = FACE_BOUND('',#2193,.T.);
#2193 = EDGE_LOOP('',(#2194,#2195,#2196,#2197,#2198,#2199));
#2194 = ORIENTED_EDGE('',*,*,#1704,.T.);
#2195 = ORIENTED_EDGE('',*,*,#1579,.T.);
#2196 = ORIENTED_EDGE('',*,*,#1655,.T.);
#2197 = ORIENTED_EDGE('',*,*,#1753,.T.);
#2198 = ORIENTED_EDGE('',*,*,#1851,.T.);
#2199 = ORIENTED_EDGE('',*,*,#1802,.T.);
#2200 = ADVANCED_FACE('',(#2201),#1896,.T.);
#2201 = FACE_BOUND('',#2202,.T.);
#2202 = EDGE_LOOP('',(#2203,#2204,#2205,#2206,#2207,#2208));
#2203 = ORIENTED_EDGE('',*,*,#2150,.T.);
#2204 = ORIENTED_EDGE('',*,*,#1878,.T.);
#2205 = ORIENTED_EDGE('',*,*,#1954,.T.);
#2206 = ORIENTED_EDGE('',*,*,#2003,.T.);
#2207 = ORIENTED_EDGE('',*,*,#2052,.T.);
#2208 = ORIENTED_EDGE('',*,*,#2101,.T.);
#2209 = ( GEOMETRIC_REPRESENTATION_CONTEXT(3) 
GLOBAL_UNCERTAINTY_ASSIGNED_CONTEXT((#2213)) 
GLOBAL_UNIT_ASSIGNED_CONTEXT((#2210,#2211,#2212)) REPRESENTATION_CONTEXT
('Context #1','3D Context with UNIT and UNCERTAINTY') );
#2210 = ( LENGTH_UNIT() NAMED_UNIT(*) SI_UNIT(.MILLI.,.METRE.) );
#2211 = ( NAMED_UNIT(*) PLANE_ANGLE_UNIT() SI_UNIT($,.RADIAN.) );
#2212 = ( NAMED_UNIT(*) SI_UNIT($,.STERADIAN.) SOLID_ANGLE_UNIT() );
#2213 = UNCERTAINTY_MEASURE_WITH_UNIT(LENGTH_MEASURE(1.E-07),#2210,
  'distance_accuracy_value','confusion accuracy');
#2214 = PRODUCT_RELATED_PRODUCT_CATEGORY('part',$,(#7));
ENDSEC;
END-ISO-10303-21;
